ReadID	Reference	ReadLength
SRR27421011.23738	NC_012157.1	8580
SRR27421011.27725	NC_012157.1	6896
SRR27421011.2261	NC_012157.1	9013
SRR27421011.18161	NC_012157.1	6203
SRR27421011.10159	NC_012157.1	6827
SRR27421011.27330	NC_012157.1	5017
SRR27421011.16227	NC_012157.1	5757
SRR27421011.24115	NC_012157.1	8076
SRR27421011.13281	NC_012157.1	6070
SRR27421011.9560	NC_012157.1	5897
SRR27421011.747	NC_012157.1	6109
SRR27421011.18352	NC_012157.1	7352
SRR27421011.24964	NC_012157.1	6842
SRR27421011.23552	NC_012157.1	5221
SRR27421011.1616	NC_012158.1	31446
SRR27421011.1661	NC_012158.1	38254
SRR27421011.2303	NC_012158.1	17868
SRR27421011.4645	NC_012158.1	6990
SRR27421011.12507	NC_012158.1	8928
SRR27421011.17601	NC_012158.1	8653
SRR27421011.13136	NC_012158.1	17678
SRR27421011.20707	NC_012158.1	31476
SRR27421011.24276	NC_012158.1	23482
SRR27421011.6960	NC_012158.1	6443
SRR27421011.10877	NC_012158.1	9176
SRR27421011.12946	NC_012158.1	13725
SRR27421011.5692	NC_012158.1	9817
SRR27421011.29836	NC_012158.1	5826
SRR27421011.12252	NC_012158.1	20702
SRR27421011.2066	NC_012158.1	26843
SRR27421011.12789	NC_012158.1	14152
SRR27421011.14523	NC_012158.1	17280
SRR27421011.16871	NC_012158.1	17383
SRR27421011.16478	NC_012158.1	9944
SRR27421011.4931	NC_012158.1	16025
SRR27421011.12182	NC_012158.1	9998
SRR27421011.30008	NC_012158.1	9101
SRR27421011.24709	NC_012158.1	12606
SRR27421011.22554	NC_012158.1	7057
SRR27421011.11208	NC_012158.1	8043
SRR27421011.18934	NC_012158.1	9735
SRR27421011.21823	NC_012158.1	9318
SRR27421011.256	NC_012152.1	11022
SRR27421011.451	NC_012152.1	8275
SRR27421011.846	NC_012152.1	9731
SRR27421011.912	NC_012152.1	7315
SRR27421011.1787	NC_012152.1	8838
SRR27421011.1858	NC_012152.1	9523
SRR27421011.1933	NC_012152.1	18621
SRR27421011.1980	NC_012152.1	8889
SRR27421011.2467	NC_012152.1	8674
SRR27421011.2496	NC_012152.1	6820
SRR27421011.2507	NC_012152.1	8155
SRR27421011.3147	NC_012152.1	8660
SRR27421011.3152	NC_012152.1	10001
SRR27421011.3325	NC_012152.1	7080
SRR27421011.3367	NC_012152.1	9367
SRR27421011.3609	NC_012152.1	9463
SRR27421011.3960	NC_012152.1	11028
SRR27421011.4038	NC_012152.1	6096
SRR27421011.4234	NC_012152.1	19613
SRR27421011.4318	NC_012152.1	5693
SRR27421011.5178	NC_012152.1	10006
SRR27421011.5327	NC_012152.1	6849
SRR27421011.5428	NC_012152.1	6578
SRR27421011.5611	NC_012152.1	6728
SRR27421011.5707	NC_012152.1	5459
SRR27421011.6210	NC_012152.1	6655
SRR27421011.6233	NC_012152.1	9078
SRR27421011.6615	NC_012152.1	9441
SRR27421011.6689	NC_012152.1	9641
SRR27421011.6737	NC_012152.1	8563
SRR27421011.7051	NC_012152.1	5795
SRR27421011.7073	NC_012152.1	6017
SRR27421011.7107	NC_012152.1	7105
SRR27421011.7113	NC_012152.1	6187
SRR27421011.7355	NC_012152.1	9370
SRR27421011.7648	NC_012152.1	8215
SRR27421011.7735	NC_012152.1	9276
SRR27421011.8724	NC_012152.1	6110
SRR27421011.8935	NC_012152.1	9621
SRR27421011.9194	NC_012152.1	9062
SRR27421011.9717	NC_012152.1	6646
SRR27421011.9974	NC_012152.1	18225
SRR27421011.9999	NC_012152.1	6268
SRR27421011.10030	NC_012152.1	9894
SRR27421011.10214	NC_012152.1	9189
SRR27421011.10327	NC_012152.1	10842
SRR27421011.10477	NC_012152.1	9481
SRR27421011.10791	NC_012152.1	9952
SRR27421011.10862	NC_012152.1	5985
SRR27421011.10974	NC_012152.1	6865
SRR27421011.11056	NC_012152.1	9564
SRR27421011.11247	NC_012152.1	5056
SRR27421011.11415	NC_012152.1	6500
SRR27421011.11456	NC_012152.1	9651
SRR27421011.11885	NC_012152.1	5983
SRR27421011.12088	NC_012152.1	8650
SRR27421011.12378	NC_012152.1	9928
SRR27421011.12777	NC_012152.1	9357
SRR27421011.13035	NC_012152.1	5688
SRR27421011.13097	NC_012152.1	6664
SRR27421011.13108	NC_012152.1	9504
SRR27421011.13667	NC_012152.1	7697
SRR27421011.13716	NC_012152.1	5250
SRR27421011.13770	NC_012152.1	7629
SRR27421011.13797	NC_012152.1	7914
SRR27421011.14266	NC_012152.1	9132
SRR27421011.14270	NC_012152.1	6955
SRR27421011.14745	NC_012152.1	6806
SRR27421011.14765	NC_012152.1	8522
SRR27421011.14781	NC_012152.1	6543
SRR27421011.14855	NC_012152.1	7604
SRR27421011.14883	NC_012152.1	11356
SRR27421011.14893	NC_012152.1	9289
SRR27421011.14911	NC_012152.1	7069
SRR27421011.15269	NC_012152.1	10028
SRR27421011.15798	NC_012152.1	6961
SRR27421011.15882	NC_012152.1	17542
SRR27421011.15904	NC_012152.1	6910
SRR27421011.16100	NC_012152.1	9420
SRR27421011.16198	NC_012152.1	9392
SRR27421011.16613	NC_012152.1	8549
SRR27421011.16671	NC_012152.1	5286
SRR27421011.16933	NC_012152.1	6872
SRR27421011.17054	NC_012152.1	6783
SRR27421011.17131	NC_012152.1	9500
SRR27421011.17253	NC_012152.1	8057
SRR27421011.17396	NC_012152.1	5201
SRR27421011.17430	NC_012152.1	19683
SRR27421011.17644	NC_012152.1	11118
SRR27421011.17690	NC_012152.1	9320
SRR27421011.17979	NC_012152.1	9235
SRR27421011.18232	NC_012152.1	9272
SRR27421011.18368	NC_012152.1	6415
SRR27421011.18372	NC_012152.1	7231
SRR27421011.18710	NC_012152.1	11006
SRR27421011.18958	NC_012152.1	8975
SRR27421011.19113	NC_012152.1	6909
SRR27421011.19565	NC_012152.1	9678
SRR27421011.19569	NC_012152.1	8745
SRR27421011.19590	NC_012152.1	8104
SRR27421011.19626	NC_012152.1	9845
SRR27421011.20243	NC_012152.1	7010
SRR27421011.20307	NC_012152.1	9643
SRR27421011.20455	NC_012152.1	8033
SRR27421011.20548	NC_012152.1	6428
SRR27421011.20983	NC_012152.1	9344
SRR27421011.21085	NC_012152.1	9492
SRR27421011.21160	NC_012152.1	6905
SRR27421011.21472	NC_012152.1	7465
SRR27421011.21495	NC_012152.1	7977
SRR27421011.21497	NC_012152.1	6473
SRR27421011.21736	NC_012152.1	6150
SRR27421011.21849	NC_012152.1	8208
SRR27421011.21973	NC_012152.1	9176
SRR27421011.22063	NC_012152.1	10737
SRR27421011.22121	NC_012152.1	10275
SRR27421011.22484	NC_012152.1	5894
SRR27421011.22733	NC_012152.1	6139
SRR27421011.23014	NC_012152.1	6654
SRR27421011.23052	NC_012152.1	7856
SRR27421011.23055	NC_012152.1	9359
SRR27421011.23346	NC_012152.1	9947
SRR27421011.23512	NC_012152.1	6907
SRR27421011.24079	NC_012152.1	13437
SRR27421011.24485	NC_012152.1	8040
SRR27421011.25075	NC_012152.1	9354
SRR27421011.25385	NC_012152.1	9138
SRR27421011.25397	NC_012152.1	9404
SRR27421011.25545	NC_012152.1	6901
SRR27421011.25606	NC_012152.1	9233
SRR27421011.25699	NC_012152.1	8989
SRR27421011.25881	NC_012152.1	16280
SRR27421011.25972	NC_012152.1	6084
SRR27421011.26208	NC_012152.1	18258
SRR27421011.26526	NC_012152.1	5830
SRR27421011.26764	NC_012152.1	7115
SRR27421011.26809	NC_012152.1	7085
SRR27421011.26815	NC_012152.1	8331
SRR27421011.26882	NC_012152.1	5090
SRR27421011.27095	NC_012152.1	9463
SRR27421011.27765	NC_012152.1	10103
SRR27421011.27796	NC_012152.1	7382
SRR27421011.28577	NC_012152.1	6895
SRR27421011.28633	NC_012152.1	6668
SRR27421011.29047	NC_012152.1	31680
SRR27421011.29140	NC_012152.1	6253
SRR27421011.29259	NC_012152.1	9211
SRR27421011.29276	NC_012152.1	7282
SRR27421011.29421	NC_012152.1	6834
SRR27421011.29772	NC_012152.1	6345
SRR27421011.30307	NC_012152.1	6911
SRR27421011.30360	NC_012152.1	6655
SRR27421011.157	NC_012152.1	6959
SRR27421011.176	NC_012152.1	8274
SRR27421011.1068	NC_012152.1	11801
SRR27421011.1156	NC_012152.1	12059
SRR27421011.1499	NC_012152.1	6708
SRR27421011.1713	NC_012152.1	11352
SRR27421011.1721	NC_012152.1	6871
SRR27421011.1751	NC_012152.1	9707
SRR27421011.1801	NC_012152.1	6510
SRR27421011.1979	NC_012152.1	17723
SRR27421011.2242	NC_012152.1	15210
SRR27421011.2516	NC_012152.1	8539
SRR27421011.3045	NC_012152.1	16110
SRR27421011.3124	NC_012152.1	9376
SRR27421011.3258	NC_012152.1	9629
SRR27421011.4183	NC_012152.1	9180
SRR27421011.4306	NC_012152.1	7002
SRR27421011.4351	NC_012152.1	11528
SRR27421011.4613	NC_012152.1	6300
SRR27421011.4631	NC_012152.1	6774
SRR27421011.4987	NC_012152.1	9199
SRR27421011.5121	NC_012152.1	9809
SRR27421011.5125	NC_012152.1	23425
SRR27421011.5544	NC_012152.1	9266
SRR27421011.5724	NC_012152.1	8458
SRR27421011.6202	NC_012152.1	8103
SRR27421011.6263	NC_012152.1	9141
SRR27421011.6944	NC_012152.1	6531
SRR27421011.7730	NC_012152.1	10454
SRR27421011.7734	NC_012152.1	9596
SRR27421011.8006	NC_012152.1	5872
SRR27421011.8122	NC_012152.1	9907
SRR27421011.8579	NC_012152.1	7655
SRR27421011.8723	NC_012152.1	6415
SRR27421011.8782	NC_012152.1	5973
SRR27421011.8835	NC_012152.1	9596
SRR27421011.8838	NC_012152.1	9485
SRR27421011.9057	NC_012152.1	7613
SRR27421011.9515	NC_012152.1	9957
SRR27421011.10026	NC_012152.1	7183
SRR27421011.10213	NC_012152.1	9269
SRR27421011.10301	NC_012152.1	9477
SRR27421011.10346	NC_012152.1	7148
SRR27421011.10525	NC_012152.1	9741
SRR27421011.10631	NC_012152.1	18541
SRR27421011.10658	NC_012152.1	9001
SRR27421011.10948	NC_012152.1	6691
SRR27421011.10968	NC_012152.1	8665
SRR27421011.11447	NC_012152.1	6600
SRR27421011.12157	NC_012152.1	7867
SRR27421011.12166	NC_012152.1	14276
SRR27421011.12175	NC_012152.1	5896
SRR27421011.12420	NC_012152.1	8481
SRR27421011.12438	NC_012152.1	6155
SRR27421011.12590	NC_012152.1	14155
SRR27421011.13152	NC_012152.1	10744
SRR27421011.13804	NC_012152.1	6153
SRR27421011.14404	NC_012152.1	9213
SRR27421011.14430	NC_012152.1	7065
SRR27421011.14705	NC_012152.1	6852
SRR27421011.15051	NC_012152.1	5775
SRR27421011.15077	NC_012152.1	17365
SRR27421011.15254	NC_012152.1	6948
SRR27421011.15305	NC_012152.1	6707
SRR27421011.15388	NC_012152.1	7735
SRR27421011.15440	NC_012152.1	6948
SRR27421011.15598	NC_012152.1	7725
SRR27421011.15645	NC_012152.1	5571
SRR27421011.15717	NC_012152.1	6472
SRR27421011.15760	NC_012152.1	30491
SRR27421011.15772	NC_012152.1	6975
SRR27421011.16024	NC_012152.1	7323
SRR27421011.16067	NC_012152.1	6773
SRR27421011.16815	NC_012152.1	6500
SRR27421011.16969	NC_012152.1	6869
SRR27421011.17064	NC_012152.1	6338
SRR27421011.17169	NC_012152.1	6030
SRR27421011.17575	NC_012152.1	5463
SRR27421011.18340	NC_012152.1	9244
SRR27421011.18365	NC_012152.1	6736
SRR27421011.18590	NC_012152.1	10368
SRR27421011.19432	NC_012152.1	7864
SRR27421011.19772	NC_012152.1	6422
SRR27421011.20172	NC_012152.1	14728
SRR27421011.20468	NC_012152.1	6033
SRR27421011.20984	NC_012152.1	9456
SRR27421011.21333	NC_012152.1	7082
SRR27421011.21764	NC_012152.1	6827
SRR27421011.21845	NC_012152.1	8243
SRR27421011.22682	NC_012152.1	9372
SRR27421011.22973	NC_012152.1	9601
SRR27421011.23603	NC_012152.1	10795
SRR27421011.23966	NC_012152.1	8873
SRR27421011.23977	NC_012152.1	16287
SRR27421011.24039	NC_012152.1	6863
SRR27421011.24433	NC_012152.1	8400
SRR27421011.24598	NC_012152.1	9711
SRR27421011.24786	NC_012152.1	6672
SRR27421011.24957	NC_012152.1	27628
SRR27421011.25109	NC_012152.1	7256
SRR27421011.25272	NC_012152.1	6671
SRR27421011.25559	NC_012152.1	9045
SRR27421011.25587	NC_012152.1	7082
SRR27421011.25672	NC_012152.1	6927
SRR27421011.25698	NC_012152.1	6892
SRR27421011.25983	NC_012152.1	6774
SRR27421011.26120	NC_012152.1	7358
SRR27421011.26453	NC_012152.1	5779
SRR27421011.27116	NC_012152.1	12643
SRR27421011.27177	NC_012152.1	6827
SRR27421011.27305	NC_012152.1	7382
SRR27421011.27645	NC_012152.1	6895
SRR27421011.27653	NC_012152.1	7879
SRR27421011.28249	NC_012152.1	9647
SRR27421011.28262	NC_012152.1	7100
SRR27421011.28296	NC_012152.1	6968
SRR27421011.28444	NC_012152.1	6481
SRR27421011.28694	NC_012152.1	10226
SRR27421011.29013	NC_012152.1	17750
SRR27421011.29205	NC_012152.1	7010
SRR27421011.29308	NC_012152.1	7184
SRR27421011.29377	NC_012152.1	8127
SRR27421011.29561	NC_012152.1	12076
SRR27421011.29802	NC_012152.1	6619
SRR27421011.29920	NC_012152.1	12096
SRR27421011.30068	NC_012152.1	6240
SRR27421011.7031	NC_012152.1	8486
SRR27421011.9109	NC_012152.1	7270
SRR27421011.28670	NC_012152.1	7174
SRR27421011.28889	NC_012152.1	9887
SRR27421011.29970	NC_012152.1	9827
SRR27421011.490	NC_012152.1	6586
SRR27421011.29183	NC_012152.1	6603
SRR27421011.3471	NC_012152.1	9392
SRR27421011.15599	NC_012152.1	7618
SRR27421011.23265	NC_012152.1	5522
SRR27421011.20759	NC_012152.1	8303
SRR27421011.6899	NC_012152.1	6006
SRR27421011.4453	NC_012152.1	7718
SRR27421011.17058	NC_012152.1	6978
SRR27421011.6804	NC_012152.1	6526
SRR27421011.4988	NC_012152.1	7035
SRR27421011.30381	NC_012152.1	7520
SRR27421011.29343	NC_012152.1	12860
SRR27421011.5734	NC_012152.1	7793
SRR27421011.16225	NC_012152.1	6994
SRR27421011.6346	NC_012152.1	6886
SRR27421011.13826	NC_012152.1	18013
SRR27421011.21949	NC_012152.1	6778
SRR27421011.24618	NC_012152.1	7508
SRR27421011.2640	NC_012152.1	8577
SRR27421011.2849	NC_012152.1	12545
SRR27421011.28240	NC_012152.1	6061
SRR27421011.11550	NC_012152.1	9572
SRR27421011.21645	NC_012152.1	6625
SRR27421011.1313	NC_012152.1	5911
SRR27421011.26399	NC_012152.1	7490
SRR27421011.26533	NC_012152.1	9129
SRR27421011.19351	NC_012152.1	7033
SRR27421011.14575	NC_012152.1	7285
SRR27421011.26799	NC_012152.1	7931
SRR27421011.9062	NC_012152.1	6296
SRR27421011.9592	NC_012152.1	5396
SRR27421011.10254	NC_012152.1	14918
SRR27421011.24871	NC_012152.1	6079
SRR27421011.29585	NC_012152.1	7606
SRR27421011.10361	NC_012152.1	7910
SRR27421011.18859	NC_012152.1	6849
SRR27421011.17753	NC_012152.1	7573
SRR27421011.8611	NC_012152.1	8259
SRR27421011.23708	NC_012152.1	6422
SRR27421011.4019	NC_012152.1	6372
SRR27421011.28966	NC_012152.1	6363
SRR27421011.29700	NC_012152.1	19308
SRR27421011.1881	NC_012152.1	5555
SRR27421011.13968	NC_012152.1	9941
SRR27421011.7544	NC_012152.1	5813
SRR27421011.22325	NC_012152.1	9468
SRR27421011.1807	NC_012152.1	8940
SRR27421011.670	NC_012152.1	9589
SRR27421011.18681	NC_012152.1	6974
SRR27421011.6272	NC_012152.1	6820
SRR27421011.18514	NC_012152.1	6858
SRR27421011.1722	NC_012152.1	6445
SRR27421011.8581	NC_012152.1	12324
SRR27421011.6660	NC_012152.1	9375
SRR27421011.23080	NC_012152.1	6026
SRR27421011.4047	NC_012152.1	7172
SRR27421011.15552	NC_012152.1	6813
SRR27421011.18818	NC_012152.1	7203
SRR27421011.29788	NC_012152.1	9844
SRR27421011.9258	NC_012152.1	6306
SRR27421011.13596	NC_012152.1	6628
SRR27421011.26806	NC_012152.1	10123
SRR27421011.4020	NC_012152.1	6483
SRR27421011.19328	NC_012152.1	11204
SRR27421011.25182	NC_012152.1	6889
SRR27421011.1309	NC_012152.1	7173
SRR27421011.23122	NC_012152.1	6763
SRR27421011.3326	NC_012152.1	6244
SRR27421011.16744	NC_012152.1	6752
SRR27421011.10343	NC_012152.1	20000
SRR27421011.5368	NC_012152.1	7466
SRR27421011.30178	NC_012152.1	6846
SRR27421011.28925	NC_012152.1	6682
SRR27421011.22549	NC_012152.1	26892
SRR27421011.13817	NC_012152.1	9901
SRR27421011.15094	NC_012152.1	9432
SRR27421011.17401	NC_012152.1	11033
SRR27421011.2818	NC_012152.1	9388
SRR27421011.2817	NC_012152.1	9419
SRR27421011.17274	NC_012152.1	5819
SRR27421011.25555	NC_012152.1	12890
SRR27421011.2150	NC_012152.1	6791
SRR27421011.22311	NC_012152.1	10025
SRR27421011.2357	NC_012152.1	8146
SRR27421011.27438	NC_012152.1	5294
SRR27421011.15241	NC_012152.1	6743
SRR27421011.8576	NC_012152.1	6422
SRR27421011.4233	NC_012152.1	7158
SRR27421011.12410	NC_012152.1	5289
SRR27421011.16609	NC_012152.1	6621
SRR27421011.6736	NC_012152.1	6052
SRR27421011.2974	NC_012152.1	5569
SRR27421011.12072	NC_012152.1	8358
SRR27421011.11635	NC_012152.1	8368
SRR27421011.2721	NC_012152.1	9317
SRR27421011.10943	NC_012152.1	5044
SRR27421011.1316	NC_012152.1	6898
SRR27421011.12335	NC_012152.1	13326
SRR27421011.8676	NC_012152.1	6033
SRR27421011.5546	NC_012152.1	7604
SRR27421011.26581	NC_012152.1	6633
SRR27421011.3386	NC_012152.1	6836
SRR27421011.3308	NC_012152.1	6810
SRR27421011.15313	NC_012152.1	10009
SRR27421011.6828	NC_012152.1	6666
SRR27421011.23006	NC_012152.1	6210
SRR27421011.23440	NC_012152.1	9550
SRR27421011.5054	NC_012152.1	9701
SRR27421011.4665	NC_012152.1	9839
SRR27421011.3830	NC_012152.1	6842
SRR27421011.21808	NC_012152.1	9540
SRR27421011.29240	NC_012152.1	8313
SRR27421011.26919	NC_012152.1	10864
SRR27421011.21642	NC_012152.1	8275
SRR27421011.23117	NC_012152.1	6838
SRR27421011.14348	NC_012152.1	6459
SRR27421011.15750	NC_012152.1	9600
SRR27421011.16056	NC_012152.1	9917
SRR27421011.29705	NC_012152.1	9572
SRR27421011.17448	NC_012152.1	7951
SRR27421011.25900	NC_012152.1	7958
SRR27421011.22373	NC_012152.1	9069
SRR27421011.2226	NC_012152.1	6270
SRR27421011.2347	NC_012152.1	6367
SRR27421011.8876	NC_012152.1	8497
SRR27421011.24913	NC_012152.1	10433
SRR27421011.14084	NC_012152.1	5263
SRR27421011.9457	NC_012152.1	5329
SRR27421011.24768	NC_012152.1	14001
SRR27421011.9511	NC_012152.1	9491
SRR27421011.19154	NC_012152.1	6993
SRR27421011.77	NC_012152.1	5229
SRR27421011.22388	NC_012152.1	14911
SRR27421011.6535	NC_012152.1	6715
SRR27421011.28463	NC_012152.1	8636
SRR27421011.18209	NC_012152.1	9798
SRR27421011.10131	NC_012152.1	5242
SRR27421011.21790	NC_012152.1	6112
SRR27421011.12729	NC_012152.1	6227
SRR27421011.24682	NC_012152.1	9483
SRR27421011.24107	NC_012152.1	8759
SRR27421011.20684	NC_012152.1	7126
SRR27421011.21200	NC_012152.1	6397
SRR27421011.22517	NC_012152.1	9567
SRR27421011.28212	NC_012152.1	6820
SRR27421011.27287	NC_012152.1	6848
SRR27421011.28411	NC_012152.1	6029
SRR27421011.258	NC_012152.1	7757
SRR27421011.12176	NC_012152.1	7719
SRR27421011.8328	NC_012152.1	6601
SRR27421011.19114	NC_012152.1	7007
SRR27421011.27197	NC_012152.1	6750
SRR27421011.23871	NC_012152.1	5249
SRR27421011.3434	NC_012152.1	9789
SRR27421011.8021	NC_012152.1	6684
SRR27421011.26765	NC_012152.1	6591
SRR27421011.11855	NC_012152.1	9836
SRR27421011.16948	NC_012152.1	16974
SRR27421011.26016	NC_012152.1	15986
SRR27421011.29639	NC_012152.1	5352
SRR27421011.11764	NC_012152.1	21121
SRR27421011.10728	NC_012152.1	8135
SRR27421011.1817	NC_012152.1	9948
SRR27421011.25894	NC_012152.1	9091
SRR27421011.10112	NC_012152.1	5163
SRR27421011.14723	NC_012152.1	9124
SRR27421011.16373	NC_012152.1	8076
SRR27421011.16325	NC_012152.1	8081
SRR27421011.27472	NC_012152.1	6892
SRR27421011.1493	NC_012152.1	12590
SRR27421011.17788	NC_012152.1	19813
SRR27421011.23844	NC_012152.1	5471
SRR27421011.4584	NC_012152.1	6350
SRR27421011.26391	NC_012152.1	7054
SRR27421011.15613	NC_012152.1	7236
SRR27421011.4302	NC_012152.1	6175
SRR27421011.3364	NC_012152.1	7173
SRR27421011.17818	NC_012152.1	8769
SRR27421011.12490	NC_012152.1	9434
SRR27421011.2124	NC_012152.1	6568
SRR27421011.16958	NC_012152.1	10234
SRR27421011.28134	NC_012152.1	8963
SRR27421011.13486	NC_012152.1	7017
SRR27421011.22807	NC_012152.1	6592
SRR27421011.10201	NC_012152.1	8209
SRR27421011.19803	NC_012152.1	8608
SRR27421011.971	NC_012152.1	22966
SRR27421011.910	NC_012152.1	23292
SRR27421011.26271	NC_012152.1	7018
SRR27421011.7146	NC_012152.1	11350
SRR27421011.8698	NC_012152.1	12853
SRR27421011.25923	NC_012152.1	8994
SRR27421011.29321	NC_012152.1	7653
SRR27421011.8973	NC_012152.1	7528
SRR27421011.12619	NC_012152.1	5800
SRR27421011.8352	NC_012152.1	5512
SRR27421011.16569	NC_012152.1	6972
SRR27421011.22289	NC_012152.1	11870
SRR27421011.15129	NC_012152.1	7850
SRR27421011.19656	NC_012152.1	6057
SRR27421011.10034	NC_012152.1	13562
SRR27421011.2011	NC_012152.1	7390
SRR27421011.26140	NC_012152.1	11657
SRR27421011.12594	NC_012152.1	6683
SRR27421011.18593	NC_012152.1	9015
SRR27421011.11282	NC_012152.1	9481
SRR27421011.26037	NC_012152.1	9062
SRR27421011.25107	NC_012152.1	7391
SRR27421011.14517	NC_012152.1	11434
SRR27421011.12763	NC_012152.1	9432
SRR27421011.27245	NC_012152.1	9301
SRR27421011.13458	NC_012152.1	7107
SRR27421011.16885	NC_012152.1	5014
SRR27421011.15545	NC_012152.1	6798
SRR27421011.20387	NC_012152.1	6479
SRR27421011.569	NC_012152.1	14624
SRR27421011.18184	NC_012152.1	9532
SRR27421011.9834	NC_012152.1	22149
SRR27421011.7926	NC_012152.1	9421
SRR27421011.5302	NC_012152.1	6992
SRR27421011.28468	NC_012152.1	6662
SRR27421011.28741	NC_012152.1	6814
SRR27421011.28582	NC_012152.1	6651
SRR27421011.1403	NC_012152.1	7556
SRR27421011.12008	NC_012152.1	14427
SRR27421011.25402	NC_012152.1	13642
SRR27421011.20015	NC_012152.1	13217
SRR27421011.6446	NC_012152.1	6116
SRR27421011.10797	NC_012152.1	9499
SRR27421011.27083	NC_012152.1	6647
SRR27421011.16622	NC_012152.1	5966
SRR27421011.14397	NC_012152.1	9154
SRR27421011.24774	NC_012152.1	16850
SRR27421011.24286	NC_012152.1	9375
SRR27421011.5307	NC_012152.1	7218
SRR27421011.5345	NC_012152.1	6400
SRR27421011.12203	NC_012152.1	5646
SRR27421011.26968	NC_012152.1	13048
SRR27421011.20251	NC_012152.1	6482
SRR27421011.7609	NC_012152.1	7280
SRR27421011.2841	NC_012152.1	7912
SRR27421011.12526	NC_012152.1	6938
SRR27421011.10848	NC_012152.1	6375
SRR27421011.6284	NC_012152.1	6901
SRR27421011.29198	NC_012152.1	9834
SRR27421011.4524	NC_012152.1	14300
SRR27421011.14260	NC_012152.1	9737
SRR27421011.29564	NC_012152.1	6124
SRR27421011.20508	NC_012152.1	6983
SRR27421011.4933	NC_012152.1	7035
SRR27421011.7303	NC_012152.1	15775
SRR27421011.17917	NC_012152.1	9829
SRR27421011.29384	NC_012152.1	9585
SRR27421011.24285	NC_012152.1	9149
SRR27421011.503	NC_012152.1	12082
SRR27421011.8250	NC_012152.1	9661
SRR27421011.23081	NC_012152.1	5655
SRR27421011.2981	NC_012152.1	9655
SRR27421011.1381	NC_012152.1	7088
SRR27421011.6175	NC_012152.1	14887
SRR27421011.3435	NC_012152.1	6896
SRR27421011.11296	NC_012152.1	6641
SRR27421011.30220	NC_012152.1	6193
SRR27421011.29956	NC_012152.1	6116
SRR27421011.21342	NC_012152.1	7953
SRR27421011.15712	NC_012152.1	7175
SRR27421011.11295	NC_012152.1	6562
SRR27421011.6325	NC_012152.1	5798
SRR27421011.6326	NC_012152.1	5743
SRR27421011.1842	NC_012152.1	7598
SRR27421011.22104	NC_012152.1	6763
SRR27421011.29911	NC_012152.1	8787
SRR27421011.29910	NC_012152.1	8797
SRR27421011.29138	NC_012152.1	18878
SRR27421011.17588	NC_012152.1	6972
SRR27421011.17087	NC_012152.1	6214
SRR27421011.29238	NC_012152.1	9711
SRR27421011.20886	NC_012152.1	6875
SRR27421011.25502	NC_012152.1	6909
SRR27421011.24860	NC_012152.1	6273
SRR27421011.8220	NC_012152.1	6330
SRR27421011.28447	NC_012152.1	15263
SRR27421011.20580	NC_012152.1	6157
SRR27421011.27508	NC_012152.1	6236
SRR27421011.15385	NC_012152.1	7022
SRR27421011.7	NC_012152.1	6971
SRR27421011.5564	NC_012152.1	6846
SRR27421011.3291	NC_012152.1	10077
SRR27421011.18000	NC_012152.1	8348
SRR27421011.24475	NC_012152.1	11552
SRR27421011.8505	NC_012152.1	9345
SRR27421011.6047	NC_012152.1	8144
SRR27421011.25134	NC_012152.1	11586
SRR27421011.11041	NC_012152.1	8800
SRR27421011.30152	NC_012152.1	10934
SRR27421011.20583	NC_012152.1	6417
SRR27421011.20092	NC_012152.1	6418
SRR27421011.2772	NC_012152.1	6243
SRR27421011.23406	NC_012152.1	9054
SRR27421011.28931	NC_012152.1	6736
SRR27421011.22246	NC_012152.1	10981
SRR27421011.17924	NC_012152.1	9303
SRR27421011.1087	NC_012152.1	8152
SRR27421011.25061	NC_012152.1	12614
SRR27421011.25522	NC_012152.1	6996
SRR27421011.5794	NC_012152.1	7297
SRR27421011.20009	NC_012152.1	8635
SRR27421011.21873	NC_012152.1	10026
SRR27421011.26074	NC_012152.1	6571
SRR27421011.6980	NC_012152.1	6818
SRR27421011.24918	NC_012152.1	8641
SRR27421011.15691	NC_012152.1	6173
SRR27421011.16034	NC_012152.1	5034
SRR27421011.13308	NC_012152.1	9621
SRR27421011.8899	NC_012152.1	9902
SRR27421011.14085	NC_012152.1	9840
SRR27421011.14202	NC_012152.1	6299
SRR27421011.13034	NC_012152.1	5335
SRR27421011.18588	NC_012152.1	6633
SRR27421011.27791	NC_012152.1	7680
SRR27421011.5032	NC_012152.1	8606
SRR27421011.11052	NC_012152.1	6942
SRR27421011.11092	NC_012152.1	6652
SRR27421011.3109	NC_012152.1	10127
SRR27421011.22441	NC_012152.1	5603
SRR27421011.21105	NC_012152.1	11285
SRR27421011.17409	NC_012152.1	6476
SRR27421011.10590	NC_012152.1	6345
SRR27421011.16045	NC_012152.1	6686
SRR27421011.24831	NC_012152.1	14036
SRR27421011.1818	NC_012152.1	7694
SRR27421011.11004	NC_012152.1	5629
SRR27421011.15268	NC_012152.1	6139
SRR27421011.15451	NC_012152.1	5549
SRR27421011.3819	NC_012152.1	7589
SRR27421011.10152	NC_012152.1	9782
SRR27421011.1052	NC_012152.1	5876
SRR27421011.28842	NC_012152.1	9399
SRR27421011.30248	NC_012152.1	9431
SRR27421011.18424	NC_012152.1	10713
SRR27421011.24691	NC_012152.1	9537
SRR27421011.3539	NC_012152.1	8898
SRR27421011.4324	NC_012152.1	6828
SRR27421011.2009	NC_012152.1	9569
SRR27421011.24765	NC_012152.1	5836
SRR27421011.24984	NC_012152.1	24625
SRR27421011.18858	NC_012152.1	5386
SRR27421011.807	NC_012152.1	9069
SRR27421011.29927	NC_012152.1	9738
SRR27421011.24593	NC_012152.1	7729
SRR27421011.20930	NC_012152.1	7841
SRR27421011.30124	NC_012152.1	9065
SRR27421011.29905	NC_012152.1	9406
SRR27421011.9355	NC_012152.1	7628
SRR27421011.46	NC_012152.1	7415
SRR27421011.16858	NC_012152.1	6978
SRR27421011.4799	NC_012152.1	8819
SRR27421011.14992	NC_012152.1	5203
SRR27421011.18577	NC_012152.1	6682
SRR27421011.13915	NC_012152.1	7399
SRR27421011.18144	NC_012152.1	11468
SRR27421011.30130	NC_012152.1	6349
SRR27421011.11274	NC_012152.1	7056
SRR27421011.12216	NC_012152.1	6471
SRR27421011.12301	NC_012152.1	6555
SRR27421011.934	NC_012152.1	11134
SRR27421011.4127	NC_012152.1	13321
SRR27421011.3176	NC_012152.1	6689
SRR27421011.23655	NC_012152.1	6649
SRR27421011.3842	NC_012152.1	6891
SRR27421011.17136	NC_012152.1	5398
SRR27421011.10942	NC_012152.1	6776
SRR27421011.4568	NC_012152.1	6765
SRR27421011.22764	NC_012152.1	6973
SRR27421011.22590	NC_012152.1	6954
SRR27421011.12281	NC_012152.1	13662
SRR27421011.27211	NC_012152.1	6018
SRR27421011.28648	NC_012152.1	6655
SRR27421011.16832	NC_012152.1	6474
SRR27421011.10586	NC_012152.1	9718
SRR27421011.12845	NC_012152.1	10117
SRR27421011.13226	NC_012152.1	10111
SRR27421011.3146	NC_012152.1	6572
SRR27421011.17585	NC_012152.1	6546
SRR27421011.16627	NC_012152.1	6697
SRR27421011.24016	NC_012152.1	7951
SRR27421011.13371	NC_012152.1	7191
SRR27421011.11311	NC_012152.1	6471
SRR27421011.13719	NC_012152.1	6529
SRR27421011.16261	NC_012152.1	6405
SRR27421011.230	NC_012152.1	9472
SRR27421011.19690	NC_012152.1	5587
SRR27421011.15828	NC_012152.1	6113
SRR27421011.12965	NC_012152.1	6179
SRR27421011.24494	NC_012152.1	9379
SRR27421011.30293	NC_012152.1	16321
SRR27421011.17889	NC_012152.1	14434
SRR27421011.3932	NC_012152.1	6346
SRR27421011.12003	NC_012152.1	12787
SRR27421011.5073	NC_012152.1	9985
SRR27421011.8258	NC_012152.1	9681
SRR27421011.13593	NC_012152.1	5489
SRR27421011.4765	NC_012152.1	6122
SRR27421011.2647	NC_012152.1	9601
SRR27421011.7247	NC_012152.1	6410
SRR27421011.14746	NC_012152.1	9432
SRR27421011.27034	NC_012152.1	8099
SRR27421011.30207	NC_012152.1	17374
SRR27421011.7434	NC_012152.1	11754
SRR27421011.23134	NC_012152.1	6575
SRR27421011.15887	NC_012152.1	6097
SRR27421011.6875	NC_012152.1	9649
SRR27421011.3986	NC_012152.1	7003
SRR27421011.17838	NC_012152.1	12886
SRR27421011.14834	NC_012152.1	10202
SRR27421011.12057	NC_012152.1	8393
SRR27421011.13737	NC_012152.1	5407
SRR27421011.3254	NC_012152.1	10921
SRR27421011.3450	NC_012152.1	11106
SRR27421011.13829	NC_012152.1	7963
SRR27421011.3092	NC_012152.1	10126
SRR27421011.5034	NC_012152.1	6847
SRR27421011.3555	NC_012152.1	6169
SRR27421011.4211	NC_012152.1	9554
SRR27421011.27761	NC_012152.1	6840
SRR27421011.20472	NC_012152.1	6740
SRR27421011.3925	NC_012152.1	28317
SRR27421011.16392	NC_012152.1	6321
SRR27421011.23	NC_012152.1	6475
SRR27421011.13457	NC_012152.1	6658
SRR27421011.3641	NC_012152.1	6523
SRR27421011.12970	NC_012152.1	6373
SRR27421011.29901	NC_012152.1	6561
SRR27421011.21422	NC_012152.1	6052
SRR27421011.18122	NC_012152.1	7584
SRR27421011.2143	NC_012152.1	10088
SRR27421011.13811	NC_012152.1	15728
SRR27421011.28864	NC_012152.1	6910
SRR27421011.13222	NC_012152.1	8903
SRR27421011.25423	NC_012152.1	8716
SRR27421011.21493	NC_012152.1	9582
SRR27421011.25955	NC_012152.1	8278
SRR27421011.16619	NC_012152.1	7363
SRR27421011.19477	NC_012152.1	6008
SRR27421011.10914	NC_012152.1	12594
SRR27421011.15272	NC_012152.1	20444
SRR27421011.5965	NC_012152.1	9208
SRR27421011.10042	NC_012152.1	7490
SRR27421011.15582	NC_012152.1	6768
SRR27421011.23894	NC_012152.1	15305
SRR27421011.21663	NC_012152.1	6649
SRR27421011.9271	NC_012152.1	12056
SRR27421011.23593	NC_012152.1	14788
SRR27421011.14816	NC_012152.1	12469
SRR27421011.29187	NC_012152.1	6890
SRR27421011.29004	NC_012152.1	6636
SRR27421011.5430	NC_012152.1	6056
SRR27421011.24830	NC_012152.1	6448
SRR27421011.23410	NC_012152.1	7141
SRR27421011.27649	NC_012152.1	9150
SRR27421011.16930	NC_012152.1	6860
SRR27421011.7096	NC_012152.1	6944
SRR27421011.3255	NC_012152.1	6516
SRR27421011.4080	NC_012152.1	6727
SRR27421011.4081	NC_012152.1	6716
SRR27421011.2245	NC_012152.1	6797
SRR27421011.17622	NC_012152.1	6848
SRR27421011.23498	NC_012152.1	10155
SRR27421011.26237	NC_012152.1	7505
SRR27421011.11913	NC_012152.1	6178
SRR27421011.8847	NC_012152.1	11395
SRR27421011.24823	NC_012152.1	6174
SRR27421011.14773	NC_012152.1	6199
SRR27421011.17083	NC_012152.1	5670
SRR27421011.3583	NC_012152.1	9532
SRR27421011.26673	NC_012152.1	8344
SRR27421011.6071	NC_012152.1	9562
SRR27421011.29706	NC_012152.1	7626
SRR27421011.1935	NC_012152.1	8641
SRR27421011.7022	NC_012152.1	6582
SRR27421011.7882	NC_012152.1	12055
SRR27421011.17317	NC_012152.1	9274
SRR27421011.1615	NC_012152.1	6193
SRR27421011.3596	NC_012152.1	6505
SRR27421011.24625	NC_012152.1	6680
SRR27421011.6411	NC_012152.1	8276
SRR27421011.6121	NC_012152.1	8437
SRR27421011.25287	NC_012152.1	9983
SRR27421011.17934	NC_012152.1	7148
SRR27421011.20077	NC_012152.1	5328
SRR27421011.15377	NC_012152.1	9620
SRR27421011.26842	NC_012152.1	10238
SRR27421011.28837	NC_012152.1	9541
SRR27421011.28632	NC_012152.1	11494
SRR27421011.26201	NC_012152.1	9166
SRR27421011.4158	NC_012152.1	7174
SRR27421011.12369	NC_012152.1	7068
SRR27421011.19911	NC_012152.1	6026
SRR27421011.19589	NC_012152.1	9170
SRR27421011.22154	NC_012152.1	6759
SRR27421011.18047	NC_012152.1	9380
SRR27421011.11482	NC_012152.1	7707
SRR27421011.26681	NC_012152.1	5561
SRR27421011.27466	NC_012152.1	8552
SRR27421011.1345	NC_012152.1	15928
SRR27421011.28643	NC_012152.1	6648
SRR27421011.19101	NC_012152.1	6486
SRR27421011.24613	NC_012152.1	5661
SRR27421011.21738	NC_012152.1	7758
SRR27421011.5619	NC_012152.1	18399
SRR27421011.28565	NC_012152.1	6680
SRR27421011.20168	NC_012152.1	10305
SRR27421011.6643	NC_012152.1	9275
SRR27421011.19719	NC_012152.1	9257
SRR27421011.4738	NC_012152.1	5977
SRR27421011.16409	NC_012152.1	7211
SRR27421011.16185	NC_012152.1	7210
SRR27421011.5498	NC_012152.1	7717
SRR27421011.18773	NC_012152.1	6849
SRR27421011.18580	NC_012152.1	6835
SRR27421011.16663	NC_012152.1	7813
SRR27421011.11401	NC_012152.1	5304
SRR27421011.22080	NC_012152.1	9721
SRR27421011.4851	NC_012152.1	13478
SRR27421011.21960	NC_012152.1	9692
SRR27421011.3074	NC_012152.1	5959
SRR27421011.15787	NC_012152.1	6870
SRR27421011.13920	NC_012152.1	8051
SRR27421011.4634	NC_012152.1	6998
SRR27421011.15725	NC_012152.1	10045
SRR27421011.732	NC_012152.1	6758
SRR27421011.4587	NC_012152.1	7148
SRR27421011.25861	NC_012152.1	7471
SRR27421011.15144	NC_012152.1	7710
SRR27421011.12284	NC_012152.1	6280
SRR27421011.25622	NC_012152.1	6215
SRR27421011.30027	NC_012152.1	9789
SRR27421011.3216	NC_012152.1	6843
SRR27421011.5935	NC_012152.1	9673
SRR27421011.7959	NC_012152.1	5899
SRR27421011.21407	NC_012152.1	8140
SRR27421011.26464	NC_012152.1	7253
SRR27421011.16043	NC_012152.1	6102
SRR27421011.23391	NC_012152.1	6864
SRR27421011.22926	NC_012152.1	6916
SRR27421011.14904	NC_012152.1	7184
SRR27421011.1866	NC_012152.1	6601
SRR27421011.22958	NC_012152.1	9101
SRR27421011.7712	NC_012152.1	7739
SRR27421011.23185	NC_012152.1	5719
SRR27421011.18210	NC_012152.1	6481
SRR27421011.16725	NC_012152.1	6992
SRR27421011.1167	NC_012152.1	6783
SRR27421011.11167	NC_012152.1	5241
SRR27421011.27230	NC_012152.1	7465
SRR27421011.14176	NC_012152.1	8402
SRR27421011.5296	NC_012152.1	6843
SRR27421011.16209	NC_012152.1	10017
SRR27421011.16408	NC_012152.1	13310
SRR27421011.16206	NC_012152.1	10027
SRR27421011.29219	NC_012152.1	6967
SRR27421011.1245	NC_012152.1	6598
SRR27421011.14251	NC_012152.1	6710
SRR27421011.12308	NC_012152.1	6656
SRR27421011.30025	NC_012152.1	7057
SRR27421011.13651	NC_012152.1	8524
SRR27421011.4830	NC_012152.1	6728
SRR27421011.7026	NC_012152.1	8775
SRR27421011.10279	NC_012152.1	6969
SRR27421011.4519	NC_012152.1	6888
SRR27421011.4395	NC_012152.1	6957
SRR27421011.22955	NC_012152.1	6590
SRR27421011.23624	NC_012152.1	6361
SRR27421011.17069	NC_012152.1	10004
SRR27421011.10729	NC_012152.1	6957
SRR27421011.22045	NC_012152.1	8013
SRR27421011.4151	NC_012152.1	16398
SRR27421011.4780	NC_012152.1	6923
SRR27421011.9187	NC_012152.1	6448
SRR27421011.12029	NC_012152.1	8269
SRR27421011.7239	NC_012152.1	7768
SRR27421011.23970	NC_012152.1	6771
SRR27421011.7443	NC_012152.1	6814
SRR27421011.3826	NC_012152.1	7827
SRR27421011.15912	NC_012152.1	8689
SRR27421011.8972	NC_012152.1	6511
SRR27421011.9551	NC_012152.1	6628
SRR27421011.12690	NC_012152.1	7111
SRR27421011.22042	NC_012152.1	5602
SRR27421011.14366	NC_012152.1	6284
SRR27421011.1906	NC_012152.1	6557
SRR27421011.1838	NC_012152.1	13957
SRR27421011.7874	NC_012152.1	14156
SRR27421011.17287	NC_012152.1	6790
SRR27421011.3792	NC_012152.1	17227
SRR27421011.8832	NC_012152.1	7543
SRR27421011.28280	NC_012152.1	9085
SRR27421011.9764	NC_012152.1	5755
SRR27421011.8950	NC_012152.1	7635
SRR27421011.25419	NC_012152.1	12997
SRR27421011.7160	NC_012152.1	6149
SRR27421011.24579	NC_012152.1	18579
SRR27421011.12807	NC_012152.1	7248
SRR27421011.15460	NC_012152.1	6974
SRR27421011.29006	NC_012152.1	7624
SRR27421011.21761	NC_012152.1	6721
SRR27421011.27140	NC_012152.1	7001
SRR27421011.5183	NC_012152.1	12008
SRR27421011.15216	NC_012152.1	7129
SRR27421011.3963	NC_012152.1	11677
SRR27421011.12669	NC_012152.1	9193
SRR27421011.25967	NC_012152.1	9084
SRR27421011.22779	NC_012152.1	7398
SRR27421011.11128	NC_012152.1	8752
SRR27421011.15982	NC_012152.1	6340
SRR27421011.25651	NC_012152.1	6727
SRR27421011.8883	NC_012152.1	9284
SRR27421011.26488	NC_012152.1	6295
SRR27421011.7456	NC_012152.1	6165
SRR27421011.12527	NC_012152.1	9223
SRR27421011.7284	NC_012152.1	5952
SRR27421011.5399	NC_012152.1	7153
SRR27421011.1114	NC_012152.1	5673
SRR27421011.14550	NC_012152.1	6086
SRR27421011.16608	NC_012152.1	6831
SRR27421011.29409	NC_012152.1	14355
SRR27421011.2611	NC_012152.1	6175
SRR27421011.10475	NC_012152.1	8726
SRR27421011.8095	NC_012152.1	6465
SRR27421011.2167	NC_012152.1	6631
SRR27421011.19718	NC_012152.1	5330
SRR27421011.19825	NC_012152.1	8253
SRR27421011.9049	NC_012152.1	5462
SRR27421011.7193	NC_012152.1	7691
SRR27421011.3667	NC_012152.1	6736
SRR27421011.6082	NC_012152.1	8097
SRR27421011.25467	NC_012152.1	5494
SRR27421011.7139	NC_012152.1	6784
SRR27421011.15202	NC_012152.1	9475
SRR27421011.14919	NC_012152.1	9509
SRR27421011.5708	NC_012152.1	7174
SRR27421011.17156	NC_012152.1	7222
SRR27421011.25156	NC_012152.1	6178
SRR27421011.22830	NC_012152.1	6874
SRR27421011.26094	NC_012152.1	17093
SRR27421011.2929	NC_012152.1	7674
SRR27421011.12112	NC_012152.1	9769
SRR27421011.12268	NC_012152.1	9228
SRR27421011.6382	NC_012152.1	5405
SRR27421011.7448	NC_012152.1	6364
SRR27421011.18784	NC_012152.1	5857
SRR27421011.29502	NC_012152.1	6601
SRR27421011.23322	NC_012152.1	9132
SRR27421011.13582	NC_012152.1	6918
SRR27421011.12637	NC_012152.1	5986
SRR27421011.10216	NC_012152.1	6092
SRR27421011.3881	NC_012152.1	6795
SRR27421011.5261	NC_012152.1	5159
SRR27421011.14540	NC_012152.1	6646
SRR27421011.11459	NC_012152.1	10576
SRR27421011.1046	NC_012152.1	9463
SRR27421011.5093	NC_012152.1	8021
SRR27421011.22722	NC_012152.1	6538
SRR27421011.12765	NC_012152.1	7234
SRR27421011.7359	NC_012152.1	5077
SRR27421011.7754	NC_012152.1	6930
SRR27421011.5919	NC_012152.1	7000
SRR27421011.592	NC_012152.1	9307
SRR27421011.16191	NC_012152.1	9791
SRR27421011.22100	NC_012152.1	10188
SRR27421011.15535	NC_012152.1	5474
SRR27421011.5219	NC_012152.1	7121
SRR27421011.3413	NC_012152.1	6431
SRR27421011.15425	NC_012152.1	6956
SRR27421011.26926	NC_012152.1	6876
SRR27421011.12422	NC_012152.1	9079
SRR27421011.11904	NC_012152.1	7045
SRR27421011.14465	NC_012152.1	7821
SRR27421011.4406	NC_012152.1	9381
SRR27421011.14835	NC_012152.1	7298
SRR27421011.14841	NC_012152.1	9726
SRR27421011.4009	NC_012152.1	6124
SRR27421011.29708	NC_012152.1	6968
SRR27421011.1328	NC_012152.1	7383
SRR27421011.41	NC_012152.1	13309
SRR27421011.7235	NC_012152.1	6704
SRR27421011.22821	NC_012152.1	7796
SRR27421011.13194	NC_012152.1	8154
SRR27421011.5691	NC_012152.1	7149
SRR27421011.10682	NC_012152.1	5307
SRR27421011.19940	NC_012152.1	7829
SRR27421011.19635	NC_012152.1	6817
SRR27421011.27551	NC_012152.1	5110
SRR27421011.23142	NC_012152.1	13775
SRR27421011.15131	NC_012152.1	9725
SRR27421011.29694	NC_012152.1	6950
SRR27421011.6440	NC_012152.1	6395
SRR27421011.22932	NC_012152.1	7664
SRR27421011.25235	NC_012152.1	6800
SRR27421011.20195	NC_012152.1	6045
SRR27421011.6220	NC_012152.1	6413
SRR27421011.10664	NC_012152.1	7176
SRR27421011.15815	NC_012152.1	6934
SRR27421011.3972	NC_012152.1	17603
SRR27421011.22796	NC_012152.1	7031
SRR27421011.22703	NC_012152.1	9428
SRR27421011.3504	NC_012152.1	10641
SRR27421011.27086	NC_012152.1	6715
SRR27421011.7421	NC_012152.1	6656
SRR27421011.2963	NC_012152.1	8114
SRR27421011.15792	NC_012152.1	6569
SRR27421011.27767	NC_012152.1	5978
SRR27421011.17639	NC_012152.1	5465
SRR27421011.15286	NC_012152.1	5451
SRR27421011.20304	NC_012152.1	10496
SRR27421011.5265	NC_012152.1	6463
SRR27421011.15475	NC_012152.1	6751
SRR27421011.20694	NC_012152.1	9778
SRR27421011.8903	NC_012152.1	7108
SRR27421011.1735	NC_012152.1	6435
SRR27421011.19106	NC_012152.1	12388
SRR27421011.20676	NC_012152.1	6746
SRR27421011.22513	NC_012152.1	6634
SRR27421011.22738	NC_012152.1	6602
SRR27421011.4376	NC_012152.1	7372
SRR27421011.9629	NC_012152.1	11168
SRR27421011.10899	NC_012152.1	5756
SRR27421011.5451	NC_012152.1	9746
SRR27421011.26495	NC_012152.1	8149
SRR27421011.21057	NC_012152.1	5496
SRR27421011.6765	NC_012152.1	8000
SRR27421011.20271	NC_012152.1	5211
SRR27421011.18495	NC_012152.1	8057
SRR27421011.18823	NC_012152.1	8962
SRR27421011.16989	NC_012152.1	7871
SRR27421011.15806	NC_012152.1	6726
SRR27421011.22299	NC_012152.1	6623
SRR27421011.23392	NC_012152.1	6445
SRR27421011.26150	NC_012152.1	7173
SRR27421011.16311	NC_012152.1	7489
SRR27421011.20018	NC_012152.1	5773
SRR27421011.11477	NC_012152.1	6500
SRR27421011.19276	NC_012152.1	8973
SRR27421011.11696	NC_012152.1	7684
SRR27421011.8818	NC_012152.1	9645
SRR27421011.18547	NC_012152.1	5766
SRR27421011.28042	NC_012152.1	7596
SRR27421011.10003	NC_012152.1	9365
SRR27421011.17211	NC_012152.1	5663
SRR27421011.24032	NC_012152.1	6586
SRR27421011.24551	NC_012152.1	6555
SRR27421011.4616	NC_012152.1	6553
SRR27421011.4702	NC_012152.1	6525
SRR27421011.29844	NC_012152.1	10059
SRR27421011.9702	NC_012152.1	7531
SRR27421011.9890	NC_012152.1	7505
SRR27421011.20830	NC_012152.1	9568
SRR27421011.12692	NC_012152.1	13896
SRR27421011.8626	NC_012152.1	9338
SRR27421011.12492	NC_012152.1	7548
SRR27421011.8654	NC_012152.1	7588
SRR27421011.8721	NC_012152.1	6825
SRR27421011.14896	NC_012152.1	7269
SRR27421011.13497	NC_012152.1	8928
SRR27421011.5090	NC_012152.1	14737
SRR27421011.11217	NC_012152.1	14787
SRR27421011.942	NC_012152.1	6679
SRR27421011.13319	NC_012152.1	7012
SRR27421011.24796	NC_012152.1	9009
SRR27421011.28253	NC_012152.1	9476
SRR27421011.6539	NC_012152.1	7148
SRR27421011.2980	NC_012152.1	9612
SRR27421011.3424	NC_012152.1	9580
SRR27421011.47	NC_012152.1	9846
SRR27421011.6755	NC_012152.1	7164
SRR27421011.20305	NC_012152.1	9556
SRR27421011.15516	NC_012152.1	7776
SRR27421011.7357	NC_012152.1	6993
SRR27421011.26023	NC_012152.1	9233
SRR27421011.20775	NC_012152.1	8737
SRR27421011.7593	NC_012152.1	6974
SRR27421011.29243	NC_012152.1	6837
SRR27421011.23665	NC_012152.1	8241
SRR27421011.22568	NC_012152.1	7480
SRR27421011.18899	NC_012152.1	5934
SRR27421011.18326	NC_012152.1	6120
SRR27421011.7690	NC_012152.1	5566
SRR27421011.15604	NC_012152.1	7190
SRR27421011.11804	NC_012152.1	6687
SRR27421011.11842	NC_012152.1	6687
SRR27421011.26032	NC_012152.1	6817
SRR27421011.5531	NC_012152.1	13515
SRR27421011.3941	NC_012152.1	9435
SRR27421011.7250	NC_012152.1	12526
SRR27421011.11931	NC_012152.1	5389
SRR27421011.18809	NC_012152.1	6941
SRR27421011.7769	NC_012152.1	6910
SRR27421011.17953	NC_012152.1	6948
SRR27421011.21203	NC_012152.1	11001
SRR27421011.15916	NC_012152.1	6092
SRR27421011.23063	NC_012152.1	6959
SRR27421011.19252	NC_012152.1	7424
SRR27421011.23836	NC_012152.1	6371
SRR27421011.8214	NC_012152.1	6691
SRR27421011.9257	NC_012152.1	12613
SRR27421011.13548	NC_012152.1	6472
SRR27421011.14714	NC_012152.1	9413
SRR27421011.21328	NC_012152.1	5632
SRR27421011.20649	NC_012152.1	15656
SRR27421011.6471	NC_012152.1	7380
SRR27421011.12403	NC_012152.1	7156
SRR27421011.27316	NC_012152.1	7017
SRR27421011.25848	NC_012152.1	6665
SRR27421011.5057	NC_012152.1	6600
SRR27421011.11170	NC_012152.1	6085
SRR27421011.29527	NC_012152.1	6880
SRR27421011.26525	NC_012152.1	5004
SRR27421011.10387	NC_012152.1	8420
SRR27421011.11119	NC_012152.1	7022
SRR27421011.28797	NC_012152.1	7342
SRR27421011.4142	NC_012152.1	9573
SRR27421011.12495	NC_012152.1	8504
SRR27421011.2976	NC_012152.1	5220
SRR27421011.4303	NC_012152.1	9336
SRR27421011.27068	NC_012152.1	6432
SRR27421011.10162	NC_012152.1	7175
SRR27421011.15477	NC_012152.1	10347
SRR27421011.23686	NC_012152.1	8576
SRR27421011.24242	NC_012152.1	6261
SRR27421011.18129	NC_012152.1	6494
SRR27421011.5718	NC_012152.1	6292
SRR27421011.29030	NC_012152.1	9920
SRR27421011.24900	NC_012152.1	7347
SRR27421011.26729	NC_012152.1	7620
SRR27421011.28322	NC_012152.1	7123
SRR27421011.5922	NC_012152.1	8431
SRR27421011.19414	NC_012152.1	6614
SRR27421011.10876	NC_012152.1	9626
SRR27421011.16655	NC_012152.1	5312
SRR27421011.15327	NC_012152.1	9583
SRR27421011.16551	NC_012152.1	12811
SRR27421011.26532	NC_012152.1	6544
SRR27421011.26941	NC_012152.1	11572
SRR27421011.24688	NC_012152.1	9321
SRR27421011.22206	NC_012152.1	8468
SRR27421011.19929	NC_012152.1	23541
SRR27421011.16446	NC_012152.1	9660
SRR27421011.57	NC_012152.1	10278
SRR27421011.10497	NC_012152.1	7456
SRR27421011.6604	NC_012152.1	7362
SRR27421011.8865	NC_012152.1	7641
SRR27421011.29723	NC_012152.1	6439
SRR27421011.21381	NC_012152.1	6649
SRR27421011.20509	NC_012152.1	6667
SRR27421011.24083	NC_012152.1	6014
SRR27421011.26766	NC_012152.1	6712
SRR27421011.14110	NC_012152.1	5816
SRR27421011.28460	NC_012152.1	9540
SRR27421011.3970	NC_012152.1	7900
SRR27421011.27365	NC_012152.1	8861
SRR27421011.22583	NC_012152.1	6744
SRR27421011.22368	NC_012152.1	6461
SRR27421011.24265	NC_012152.1	6773
SRR27421011.24396	NC_012152.1	6747
SRR27421011.18347	NC_012152.1	6871
SRR27421011.9824	NC_012152.1	6522
SRR27421011.15291	NC_012152.1	5171
SRR27421011.2621	NC_012152.1	9752
SRR27421011.2691	NC_012152.1	5944
SRR27421011.22589	NC_012152.1	9597
SRR27421011.22731	NC_012152.1	9578
SRR27421011.1496	NC_012152.1	5551
SRR27421011.1689	NC_012152.1	10217
SRR27421011.21855	NC_012152.1	17621
SRR27421011.2253	NC_012152.1	9798
SRR27421011.4250	NC_012152.1	9296
SRR27421011.4648	NC_012152.1	5954
SRR27421011.23149	NC_012152.1	5851
SRR27421011.1060	NC_012152.1	6541
SRR27421011.16914	NC_012152.1	7060
SRR27421011.17829	NC_012152.1	5393
SRR27421011.54	NC_012152.1	6570
SRR27421011.30286	NC_012152.1	9330
SRR27421011.15314	NC_012152.1	6853
SRR27421011.9622	NC_012152.1	9949
SRR27421011.16834	NC_012152.1	6627
SRR27421011.16870	NC_012152.1	6544
SRR27421011.15551	NC_012152.1	6925
SRR27421011.19954	NC_012152.1	7966
SRR27421011.28361	NC_012152.1	12327
SRR27421011.19988	NC_012152.1	9581
SRR27421011.24568	NC_012152.1	6396
SRR27421011.19884	NC_012152.1	9726
SRR27421011.3447	NC_012152.1	11309
SRR27421011.18369	NC_012152.1	9679
SRR27421011.17637	NC_012152.1	7389
SRR27421011.9817	NC_012152.1	6726
SRR27421011.10029	NC_012152.1	5994
SRR27421011.1217	NC_012152.1	6123
SRR27421011.4789	NC_012152.1	7616
SRR27421011.5868	NC_012152.1	9109
SRR27421011.11233	NC_012152.1	5575
SRR27421011.15490	NC_012152.1	8847
SRR27421011.5484	NC_012152.1	10323
SRR27421011.18011	NC_012152.1	10378
SRR27421011.18244	NC_012152.1	10349
SRR27421011.19301	NC_012152.1	9492
SRR27421011.8129	NC_012152.1	6831
SRR27421011.5414	NC_012152.1	6460
SRR27421011.29784	NC_012152.1	7224
SRR27421011.25059	NC_012152.1	7157
SRR27421011.14850	NC_012152.1	6858
SRR27421011.690	NC_012152.1	6724
SRR27421011.24157	NC_012152.1	5897
SRR27421011.15799	NC_012152.1	8971
SRR27421011.30319	NC_012152.1	12097
SRR27421011.22853	NC_012152.1	32835
SRR27421011.1575	NC_012152.1	6413
SRR27421011.21569	NC_012152.1	5603
SRR27421011.18341	NC_012152.1	7564
SRR27421011.14924	NC_012152.1	7602
SRR27421011.7746	NC_012152.1	9498
SRR27421011.28211	NC_012152.1	7019
SRR27421011.6337	NC_012152.1	9707
SRR27421011.6338	NC_012152.1	9655
SRR27421011.1191	NC_012152.1	6327
SRR27421011.26027	NC_012152.1	6502
SRR27421011.6787	NC_012152.1	5146
SRR27421011.22268	NC_012152.1	10574
SRR27421011.12415	NC_012152.1	9378
SRR27421011.28073	NC_012152.1	9406
SRR27421011.21318	NC_012152.1	6642
SRR27421011.3721	NC_012152.1	6222
SRR27421011.29435	NC_012152.1	6267
SRR27421011.22752	NC_012152.1	10965
SRR27421011.7887	NC_012152.1	6266
SRR27421011.15294	NC_012152.1	13085
SRR27421011.23807	NC_012152.1	6789
SRR27421011.2698	NC_012152.1	6764
SRR27421011.18728	NC_012152.1	12028
SRR27421011.8420	NC_012152.1	5975
SRR27421011.19312	NC_012152.1	17146
SRR27421011.24320	NC_012152.1	13561
SRR27421011.14928	NC_012152.1	6444
SRR27421011.25388	NC_012152.1	9079
SRR27421011.17824	NC_012152.1	7046
SRR27421011.12950	NC_012152.1	7747
SRR27421011.7116	NC_012152.1	9934
SRR27421011.3131	NC_012152.1	6569
SRR27421011.7743	NC_012152.1	7140
SRR27421011.13405	NC_012152.1	5485
SRR27421011.16116	NC_012152.1	9807
SRR27421011.9802	NC_012152.1	6904
SRR27421011.8068	NC_012152.1	9785
SRR27421011.9254	NC_012152.1	9456
SRR27421011.30335	NC_012152.1	6903
SRR27421011.23395	NC_012152.1	6484
SRR27421011.19205	NC_012152.1	5727
SRR27421011.711	NC_012152.1	5594
SRR27421011.22768	NC_012152.1	5495
SRR27421011.21512	NC_012152.1	5648
SRR27421011.5982	NC_012152.1	6926
SRR27421011.19709	NC_012152.1	5318
SRR27421011.4491	NC_012152.1	6753
SRR27421011.15421	NC_012152.1	9691
SRR27421011.11318	NC_012152.1	6985
SRR27421011.477	NC_012152.1	9823
SRR27421011.29417	NC_012152.1	5569
SRR27421011.5048	NC_012152.1	6899
SRR27421011.4970	NC_012152.1	5250
SRR27421011.20021	NC_012152.1	13497
SRR27421011.28043	NC_012152.1	9813
SRR27421011.27846	NC_012152.1	6994
SRR27421011.22377	NC_012152.1	8616
SRR27421011.26256	NC_012152.1	6966
SRR27421011.29727	NC_012152.1	9852
SRR27421011.25749	NC_012152.1	6307
SRR27421011.27839	NC_012152.1	6794
SRR27421011.18630	NC_012152.1	5015
SRR27421011.24071	NC_012152.1	6056
SRR27421011.1781	NC_012152.1	9500
SRR27421011.28892	NC_012152.1	9875
SRR27421011.19303	NC_012152.1	6593
SRR27421011.104	NC_012152.1	12865
SRR27421011.12155	NC_012152.1	10177
SRR27421011.21581	NC_012152.1	10226
SRR27421011.24472	NC_012152.1	6834
SRR27421011.27314	NC_012152.1	6899
SRR27421011.24259	NC_012152.1	6175
SRR27421011.6223	NC_012152.1	9573
SRR27421011.18474	NC_012152.1	6713
SRR27421011.20722	NC_012152.1	9316
SRR27421011.16766	NC_012152.1	5937
SRR27421011.8003	NC_012152.1	6465
SRR27421011.4139	NC_012152.1	9494
SRR27421011.10294	NC_012152.1	12084
SRR27421011.15287	NC_012152.1	6842
SRR27421011.12163	NC_012152.1	6524
SRR27421011.2656	NC_012152.1	6276
SRR27421011.19177	NC_012152.1	6673
SRR27421011.30252	NC_012152.1	6866
SRR27421011.27536	NC_012152.1	6870
SRR27421011.5212	NC_012152.1	6517
SRR27421011.10505	NC_012152.1	6086
SRR27421011.2244	NC_012152.1	6763
SRR27421011.5225	NC_012152.1	9445
SRR27421011.11781	NC_012152.1	6665
SRR27421011.18109	NC_012152.1	7241
SRR27421011.24805	NC_012152.1	6573
SRR27421011.13435	NC_012152.1	8276
SRR27421011.10400	NC_012152.1	6304
SRR27421011.30247	NC_012152.1	6194
SRR27421011.194	NC_012152.1	7293
SRR27421011.15647	NC_012152.1	6918
SRR27421011.680	NC_012152.1	9637
SRR27421011.29936	NC_012152.1	8492
SRR27421011.3572	NC_012152.1	9281
SRR27421011.20193	NC_012152.1	19044
SRR27421011.11996	NC_012152.1	7263
SRR27421011.10935	NC_012152.1	9610
SRR27421011.3675	NC_012152.1	6958
SRR27421011.29069	NC_012152.1	10193
SRR27421011.7538	NC_012152.1	9532
SRR27421011.12702	NC_012152.1	13531
SRR27421011.553	NC_012152.1	6140
SRR27421011.16171	NC_012152.1	9699
SRR27421011.9476	NC_012152.1	7517
SRR27421011.14018	NC_012152.1	5085
SRR27421011.16574	NC_012152.1	6872
SRR27421011.7546	NC_012152.1	16105
SRR27421011.22236	NC_012152.1	6169
SRR27421011.18063	NC_012152.1	6212
SRR27421011.18441	NC_012152.1	6225
SRR27421011.3710	NC_012152.1	9439
SRR27421011.28119	NC_012152.1	6469
SRR27421011.10170	NC_012152.1	6737
SRR27421011.3643	NC_012152.1	9699
SRR27421011.14375	NC_012152.1	6596
SRR27421011.14758	NC_012152.1	8315
SRR27421011.4710	NC_012152.1	7897
SRR27421011.3125	NC_012152.1	7850
SRR27421011.8520	NC_012152.1	7072
SRR27421011.27216	NC_012152.1	7098
SRR27421011.16063	NC_012152.1	6877
SRR27421011.8311	NC_012152.1	9620
SRR27421011.17288	NC_012152.1	9908
SRR27421011.4598	NC_012152.1	7513
SRR27421011.25916	NC_012152.1	6801
SRR27421011.7511	NC_012152.1	6923
SRR27421011.21058	NC_012152.1	6475
SRR27421011.22329	NC_012152.1	9374
SRR27421011.2910	NC_012152.1	6507
SRR27421011.11943	NC_012152.1	5762
SRR27421011.11612	NC_012152.1	7087
SRR27421011.3305	NC_012152.1	7182
SRR27421011.23692	NC_012152.1	6191
SRR27421011.26710	NC_012152.1	6994
SRR27421011.1082	NC_012152.1	5773
SRR27421011.14281	NC_012152.1	10299
SRR27421011.19129	NC_012152.1	9906
SRR27421011.9595	NC_012152.1	6073
SRR27421011.10095	NC_012152.1	5726
SRR27421011.27460	NC_012152.1	9190
SRR27421011.26280	NC_012152.1	7391
SRR27421011.26393	NC_012152.1	14309
SRR27421011.6422	NC_012152.1	6735
SRR27421011.9396	NC_012152.1	18189
SRR27421011.11091	NC_012152.1	6245
SRR27421011.12722	NC_012152.1	7162
SRR27421011.20910	NC_012152.1	6719
SRR27421011.3633	NC_012152.1	6692
SRR27421011.6217	NC_012152.1	10227
SRR27421011.24867	NC_012152.1	6864
SRR27421011.138	NC_012152.1	7819
SRR27421011.7292	NC_012152.1	6911
SRR27421011.25261	NC_012152.1	9261
SRR27421011.25628	NC_012152.1	5917
SRR27421011.236	NC_012152.1	6312
SRR27421011.21218	NC_012152.1	9794
SRR27421011.24684	NC_012152.1	6536
SRR27421011.15182	NC_012152.1	10652
SRR27421011.11687	NC_012152.1	6367
SRR27421011.28429	NC_012152.1	6522
SRR27421011.10111	NC_012152.1	5967
SRR27421011.7507	NC_012152.1	8752
SRR27421011.3923	NC_012152.1	6943
SRR27421011.27744	NC_012152.1	7307
SRR27421011.2024	NC_012152.1	6639
SRR27421011.7709	NC_012152.1	6001
SRR27421011.6408	NC_012152.1	9686
SRR27421011.20713	NC_012152.1	5226
SRR27421011.27395	NC_012152.1	6582
SRR27421011.20027	NC_012152.1	9530
SRR27421011.24138	NC_012152.1	6948
SRR27421011.13473	NC_012152.1	9528
SRR27421011.28537	NC_012152.1	10688
SRR27421011.29737	NC_012152.1	6854
SRR27421011.28312	NC_012152.1	6758
SRR27421011.6301	NC_012152.1	6673
SRR27421011.917	NC_012152.1	8559
SRR27421011.460	NC_012152.1	8509
SRR27421011.1938	NC_012152.1	7833
SRR27421011.22600	NC_012152.1	7187
SRR27421011.22222	NC_012152.1	6903
SRR27421011.14112	NC_012152.1	6504
SRR27421011.2238	NC_012152.1	6118
SRR27421011.27094	NC_012152.1	8341
SRR27421011.23028	NC_012152.1	7858
SRR27421011.4550	NC_012152.1	9632
SRR27421011.4328	NC_012152.1	9840
SRR27421011.15935	NC_012152.1	10550
SRR27421011.12235	NC_012152.1	7719
SRR27421011.3400	NC_012152.1	7061
SRR27421011.9937	NC_012152.1	6807
SRR27421011.10035	NC_012152.1	6819
SRR27421011.16291	NC_012152.1	6229
SRR27421011.1072	NC_012152.1	7916
SRR27421011.5998	NC_012152.1	10050
SRR27421011.8350	NC_012152.1	5901
SRR27421011.28560	NC_012152.1	6667
SRR27421011.17913	NC_012152.1	6755
SRR27421011.13432	NC_012152.1	6628
SRR27421011.744	NC_012152.1	5690
SRR27421011.12974	NC_012152.1	5394
SRR27421011.4872	NC_012152.1	9861
SRR27421011.3984	NC_012152.1	6425
SRR27421011.20844	NC_012152.1	6713
SRR27421011.2737	NC_012152.1	13479
SRR27421011.19984	NC_012152.1	9232
SRR27421011.16298	NC_012152.1	7510
SRR27421011.17616	NC_012152.1	6416
SRR27421011.2551	NC_012152.1	10370
SRR27421011.5618	NC_012152.1	6691
SRR27421011.14842	NC_012152.1	11829
SRR27421011.29010	NC_012152.1	6773
SRR27421011.10653	NC_012152.1	6974
SRR27421011.4087	NC_012152.1	15696
SRR27421011.28710	NC_012152.1	6573
SRR27421011.3575	NC_012152.1	9940
SRR27421011.27126	NC_012152.1	6926
SRR27421011.29900	NC_012152.1	8697
SRR27421011.3353	NC_012152.1	6828
SRR27421011.8984	NC_012152.1	6953
SRR27421011.2942	NC_012152.1	7170
SRR27421011.21811	NC_012152.1	5475
SRR27421011.8617	NC_012152.1	5255
SRR27421011.26689	NC_012152.1	9360
SRR27421011.5746	NC_012152.1	15381
SRR27421011.26550	NC_012152.1	6749
SRR27421011.8447	NC_012152.1	6345
SRR27421011.6739	NC_012152.1	6678
SRR27421011.28547	NC_012152.1	5882
SRR27421011.5039	NC_012152.1	5521
SRR27421011.5859	NC_012152.1	9581
SRR27421011.9661	NC_012152.1	9422
SRR27421011.4093	NC_012152.1	10367
SRR27421011.4037	NC_012152.1	10412
SRR27421011.6332	NC_012152.1	7107
SRR27421011.12848	NC_012152.1	7008
SRR27421011.26336	NC_012152.1	9714
SRR27421011.5044	NC_012152.1	6550
SRR27421011.20876	NC_012152.1	7733
SRR27421011.20232	NC_012152.1	5910
SRR27421011.17451	NC_012152.1	17525
SRR27421011.8829	NC_012152.1	5267
SRR27421011.16181	NC_012152.1	18930
SRR27421011.26247	NC_012152.1	9246
SRR27421011.6666	NC_012152.1	9708
SRR27421011.3087	NC_012152.1	6602
SRR27421011.6678	NC_012152.1	6780
SRR27421011.22822	NC_012152.1	9885
SRR27421011.4197	NC_012152.1	6840
SRR27421011.18024	NC_012152.1	7590
SRR27421011.12269	NC_012152.1	14290
SRR27421011.42	NC_012152.1	5727
SRR27421011.241	NC_012152.1	9557
SRR27421011.12655	NC_012152.1	15072
SRR27421011.16903	NC_012152.1	6656
SRR27421011.16690	NC_012152.1	13463
SRR27421011.25669	NC_012152.1	8954
SRR27421011.5325	NC_012152.1	5629
SRR27421011.5465	NC_012152.1	13999
SRR27421011.5299	NC_012152.1	13956
SRR27421011.11750	NC_012152.1	6761
SRR27421011.14498	NC_012152.1	6422
SRR27421011.20769	NC_012152.1	6312
SRR27421011.20709	NC_012152.1	6719
SRR27421011.26573	NC_012152.1	6425
SRR27421011.15933	NC_012152.1	9664
SRR27421011.15943	NC_012152.1	9616
SRR27421011.9323	NC_012152.1	13835
SRR27421011.18318	NC_012152.1	6635
SRR27421011.25216	NC_012152.1	7861
SRR27421011.19444	NC_012152.1	8304
SRR27421011.14067	NC_012152.1	6128
SRR27421011.5653	NC_012152.1	6067
SRR27421011.21401	NC_012152.1	6802
SRR27421011.8503	NC_012152.1	5788
SRR27421011.25949	NC_012152.1	6714
SRR27421011.1177	NC_012152.1	5710
SRR27421011.8381	NC_012152.1	9338
SRR27421011.18147	NC_012152.1	6709
SRR27421011.10382	NC_012152.1	11714
SRR27421011.29816	NC_012152.1	7290
SRR27421011.24752	NC_012152.1	5397
SRR27421011.26423	NC_012152.1	6880
SRR27421011.3578	NC_012152.1	6687
SRR27421011.28625	NC_012152.1	9285
SRR27421011.8666	NC_012152.1	7669
SRR27421011.29704	NC_012152.1	8533
SRR27421011.1617	NC_012152.1	6744
SRR27421011.14161	NC_012152.1	6624
SRR27421011.18145	NC_012152.1	6798
SRR27421011.22728	NC_012152.1	7841
SRR27421011.25288	NC_012152.1	13607
SRR27421011.28669	NC_012152.1	6657
SRR27421011.29327	NC_012152.1	6661
SRR27421011.2767	NC_012152.1	9521
SRR27421011.27601	NC_012152.1	6560
SRR27421011.4805	NC_012152.1	6526
SRR27421011.17830	NC_012152.1	19549
SRR27421011.13802	NC_012152.1	7172
SRR27421011.22440	NC_012152.1	6232
SRR27421011.6180	NC_012152.1	6839
SRR27421011.9879	NC_012152.1	15801
SRR27421011.2528	NC_012152.1	7002
SRR27421011.27669	NC_012152.1	7202
SRR27421011.5948	NC_012152.1	10259
SRR27421011.15740	NC_012152.1	6942
SRR27421011.15390	NC_012152.1	6755
SRR27421011.26976	NC_012152.1	9762
SRR27421011.20369	NC_012152.1	8315
SRR27421011.28796	NC_012152.1	10496
SRR27421011.28839	NC_012152.1	15936
SRR27421011.19014	NC_012152.1	6825
SRR27421011.15267	NC_012152.1	8542
SRR27421011.7539	NC_012152.1	7879
SRR27421011.3121	NC_012152.1	8948
SRR27421011.9478	NC_012152.1	7696
SRR27421011.24908	NC_012152.1	6013
SRR27421011.24062	NC_012152.1	9681
SRR27421011.22915	NC_012152.1	7400
SRR27421011.7314	NC_012152.1	6993
SRR27421011.23725	NC_012152.1	10659
SRR27421011.26029	NC_012152.1	8200
SRR27421011.266	NC_012152.1	13544
SRR27421011.26611	NC_012152.1	12553
SRR27421011.2047	NC_012152.1	6656
SRR27421011.25766	NC_012152.1	6894
SRR27421011.25573	NC_012152.1	6878
SRR27421011.18032	NC_012152.1	7767
SRR27421011.14457	NC_012152.1	7551
SRR27421011.24371	NC_012152.1	6626
SRR27421011.21758	NC_012152.1	14192
SRR27421011.27900	NC_012152.1	13385
SRR27421011.28166	NC_012152.1	14220
SRR27421011.6679	NC_012152.1	7003
SRR27421011.23108	NC_012152.1	7882
SRR27421011.26307	NC_012152.1	13167
SRR27421011.26460	NC_012152.1	9509
SRR27421011.22694	NC_012152.1	6655
SRR27421011.17999	NC_012152.1	6734
SRR27421011.16410	NC_012152.1	9593
SRR27421011.7084	NC_012152.1	6666
SRR27421011.16222	NC_012152.1	9467
SRR27421011.2992	NC_012152.1	5339
SRR27421011.27127	NC_012152.1	9752
SRR27421011.15176	NC_012152.1	7047
SRR27421011.24758	NC_012152.1	9935
SRR27421011.413	NC_012152.1	7592
SRR27421011.15075	NC_012152.1	7135
SRR27421011.6656	NC_012152.1	9661
SRR27421011.15344	NC_012152.1	6591
SRR27421011.7393	NC_012152.1	6329
SRR27421011.10135	NC_012152.1	7436
SRR27421011.29517	NC_012152.1	5945
SRR27421011.5559	NC_012152.1	10443
SRR27421011.366	NC_012152.1	6891
SRR27421011.1581	NC_012152.1	7473
SRR27421011.24484	NC_012152.1	9571
SRR27421011.25193	NC_012152.1	6818
SRR27421011.1058	NC_012152.1	5784
SRR27421011.21771	NC_012152.1	6908
SRR27421011.15206	NC_012152.1	6838
SRR27421011.10938	NC_012152.1	7144
SRR27421011.13193	NC_012152.1	6341
SRR27421011.484	NC_012152.1	10512
SRR27421011.22525	NC_012152.1	6518
SRR27421011.16762	NC_012152.1	6484
SRR27421011.25357	NC_012152.1	17940
SRR27421011.29310	NC_012152.1	6760
SRR27421011.4147	NC_012152.1	6877
SRR27421011.19722	NC_012152.1	10170
SRR27421011.7680	NC_012152.1	6889
SRR27421011.21363	NC_012152.1	9207
SRR27421011.20014	NC_012152.1	9553
SRR27421011.14165	NC_012152.1	6331
SRR27421011.8231	NC_012152.1	9955
SRR27421011.14297	NC_012152.1	7152
SRR27421011.3757	NC_012152.1	7292
SRR27421011.18613	NC_012152.1	8400
SRR27421011.13274	NC_012152.1	7360
SRR27421011.12576	NC_012152.1	6678
SRR27421011.22167	NC_012152.1	6265
SRR27421011.18838	NC_012152.1	6175
SRR27421011.8982	NC_012152.1	7199
SRR27421011.16980	NC_012152.1	6557
SRR27421011.3269	NC_012152.1	13500
SRR27421011.18436	NC_012152.1	10080
SRR27421011.18576	NC_012152.1	12180
SRR27421011.18992	NC_012152.1	6560
SRR27421011.981	NC_012152.1	6893
SRR27421011.18589	NC_012152.1	6701
SRR27421011.18867	NC_012152.1	12185
SRR27421011.20714	NC_012152.1	5809
SRR27421011.16069	NC_012152.1	9438
SRR27421011.1534	NC_012152.1	9921
SRR27421011.16658	NC_012152.1	6867
SRR27421011.17474	NC_012152.1	5372
SRR27421011.29439	NC_012152.1	5564
SRR27421011.26528	NC_012152.1	6905
SRR27421011.25451	NC_012152.1	6687
SRR27421011.27885	NC_012152.1	6447
SRR27421011.27651	NC_012152.1	6442
SRR27421011.21014	NC_012152.1	8442
SRR27421011.16565	NC_012152.1	7076
SRR27421011.29686	NC_012152.1	6767
SRR27421011.21357	NC_012152.1	9636
SRR27421011.23534	NC_012152.1	8401
SRR27421011.30276	NC_012152.1	6694
SRR27421011.26974	NC_012152.1	7788
SRR27421011.5912	NC_012152.1	8786
SRR27421011.20408	NC_012152.1	7405
SRR27421011.25579	NC_012152.1	7776
SRR27421011.21145	NC_012152.1	14274
SRR27421011.9444	NC_012152.1	12274
SRR27421011.14926	NC_012152.1	5823
SRR27421011.23931	NC_012152.1	6086
SRR27421011.8449	NC_012152.1	8478
SRR27421011.21177	NC_012152.1	6552
SRR27421011.2609	NC_012152.1	6785
SRR27421011.2635	NC_012152.1	6789
SRR27421011.3477	NC_012152.1	5914
SRR27421011.21076	NC_012152.1	6700
SRR27421011.1218	NC_012152.1	6737
SRR27421011.10068	NC_012152.1	6734
SRR27421011.18540	NC_012152.1	9426
SRR27421011.26213	NC_012152.1	6825
SRR27421011.4392	NC_012152.1	9844
SRR27421011.883	NC_012152.1	7752
SRR27421011.9399	NC_012152.1	8628
SRR27421011.30198	NC_012152.1	6713
SRR27421011.20191	NC_012152.1	6950
SRR27421011.19953	NC_012152.1	6949
SRR27421011.22445	NC_012152.1	5320
SRR27421011.9260	NC_012152.1	16205
SRR27421011.2285	NC_012152.1	6190
SRR27421011.17420	NC_012152.1	21951
SRR27421011.15389	NC_012152.1	9075
SRR27421011.18692	NC_012152.1	5472
SRR27421011.3370	NC_012152.1	6276
SRR27421011.19598	NC_012152.1	7344
SRR27421011.18415	NC_012152.1	5747
SRR27421011.29989	NC_012152.1	9744
SRR27421011.16475	NC_012152.1	7031
SRR27421011.29412	NC_012152.1	5578
SRR27421011.7492	NC_012152.1	10241
SRR27421011.24905	NC_012152.1	7859
SRR27421011.3587	NC_012152.1	6695
SRR27421011.6945	NC_012152.1	13451
SRR27421011.14236	NC_012152.1	9675
SRR27421011.2222	NC_012152.1	6492
SRR27421011.17152	NC_012152.1	8902
SRR27421011.10331	NC_012152.1	6434
SRR27421011.17454	NC_012152.1	8568
SRR27421011.21796	NC_012152.1	5202
SRR27421011.18118	NC_012152.1	6647
SRR27421011.22843	NC_012152.1	9462
SRR27421011.3863	NC_012152.1	6295
SRR27421011.20842	NC_012152.1	9200
SRR27421011.5363	NC_012152.1	9425
SRR27421011.9400	NC_012152.1	8390
SRR27421011.27887	NC_012152.1	5409
SRR27421011.7265	NC_012152.1	9534
SRR27421011.20841	NC_012152.1	9187
SRR27421011.12705	NC_012152.1	9825
SRR27421011.19087	NC_012152.1	7664
SRR27421011.11579	NC_012152.1	7043
SRR27421011.24553	NC_012152.1	7022
SRR27421011.13814	NC_012152.1	6390
SRR27421011.22711	NC_012152.1	9691
SRR27421011.4329	NC_012152.1	5180
SRR27421011.26991	NC_012152.1	6189
SRR27421011.11674	NC_012152.1	8608
SRR27421011.18961	NC_012152.1	14707
SRR27421011.27513	NC_012152.1	6984
SRR27421011.2344	NC_012152.1	6756
SRR27421011.13558	NC_012152.1	12045
SRR27421011.2596	NC_012152.1	6713
SRR27421011.4977	NC_012152.1	5077
SRR27421011.18388	NC_012152.1	9094
SRR27421011.18502	NC_012152.1	9050
SRR27421011.12337	NC_012152.1	9409
SRR27421011.25950	NC_012152.1	10136
SRR27421011.29568	NC_012152.1	14775
SRR27421011.29218	NC_012152.1	5225
SRR27421011.23627	NC_012152.1	18182
SRR27421011.12928	NC_012152.1	6251
SRR27421011.2943	NC_012152.1	7029
SRR27421011.6231	NC_012152.1	12866
SRR27421011.1035	NC_012152.1	6693
SRR27421011.7678	NC_012152.1	5261
SRR27421011.8387	NC_012152.1	9908
SRR27421011.22786	NC_012152.1	6776
SRR27421011.14197	NC_012152.1	16011
SRR27421011.15435	NC_012152.1	7600
SRR27421011.28006	NC_012152.1	6619
SRR27421011.11248	NC_012152.1	7552
SRR27421011.18912	NC_012152.1	11316
SRR27421011.15054	NC_012152.1	9719
SRR27421011.22308	NC_012152.1	11541
SRR27421011.15179	NC_012152.1	8590
SRR27421011.7326	NC_012152.1	5316
SRR27421011.7616	NC_012152.1	5261
SRR27421011.22634	NC_012152.1	9206
SRR27421011.15371	NC_012152.1	6184
SRR27421011.5541	NC_012152.1	6691
SRR27421011.2208	NC_012152.1	10041
SRR27421011.11446	NC_012152.1	7835
SRR27421011.5813	NC_012152.1	9561
SRR27421011.20579	NC_012152.1	5577
SRR27421011.15564	NC_012152.1	9699
SRR27421011.511	NC_012152.1	9313
SRR27421011.24727	NC_012152.1	5575
SRR27421011.25810	NC_012152.1	6906
SRR27421011.29819	NC_012152.1	8448
SRR27421011.18876	NC_012152.1	7150
SRR27421011.9092	NC_012152.1	6745
SRR27421011.15074	NC_012152.1	6813
SRR27421011.30173	NC_012152.1	6748
SRR27421011.27420	NC_012152.1	6638
SRR27421011.27419	NC_012152.1	6640
SRR27421011.9615	NC_012152.1	17466
SRR27421011.17607	NC_012152.1	9787
SRR27421011.2655	NC_012152.1	9790
SRR27421011.19103	NC_012152.1	6909
SRR27421011.22115	NC_012152.1	9276
SRR27421011.27310	NC_012152.1	9467
SRR27421011.13869	NC_012152.1	9300
SRR27421011.10697	NC_012152.1	13320
SRR27421011.14390	NC_012152.1	19215
SRR27421011.26651	NC_012152.1	6250
SRR27421011.17882	NC_012152.1	6624
SRR27421011.2521	NC_012152.1	10724
SRR27421011.4496	NC_012152.1	8343
SRR27421011.23613	NC_012152.1	6346
SRR27421011.1580	NC_012152.1	6659
SRR27421011.19362	NC_012152.1	6021
SRR27421011.18310	NC_012152.1	7454
SRR27421011.20254	NC_012152.1	8926
SRR27421011.24406	NC_012152.1	8071
SRR27421011.9514	NC_012152.1	6661
SRR27421011.23513	NC_012152.1	5666
SRR27421011.26459	NC_012152.1	9317
SRR27421011.5874	NC_012152.1	13363
SRR27421011.5617	NC_012152.1	10539
SRR27421011.20915	NC_012152.1	7136
SRR27421011.15499	NC_012152.1	6646
SRR27421011.6852	NC_012152.1	8621
SRR27421011.13904	NC_012152.1	6608
SRR27421011.3726	NC_012152.1	5951
SRR27421011.6363	NC_012152.1	9737
SRR27421011.25761	NC_012152.1	8256
SRR27421011.4307	NC_012152.1	5863
SRR27421011.16415	NC_012152.1	9537
SRR27421011.29296	NC_012152.1	6883
SRR27421011.20283	NC_012152.1	6168
SRR27421011.22756	NC_012152.1	7134
SRR27421011.1152	NC_012152.1	9307
SRR27421011.19910	NC_012152.1	9466
SRR27421011.13339	NC_012152.1	6932
SRR27421011.21778	NC_012152.1	6809
SRR27421011.26496	NC_012152.1	9582
SRR27421011.6995	NC_012152.1	7051
SRR27421011.12318	NC_012152.1	5339
SRR27421011.15511	NC_012152.1	7404
SRR27421011.27703	NC_012152.1	10126
SRR27421011.2814	NC_012152.1	7132
SRR27421011.29481	NC_012152.1	7264
SRR27421011.4514	NC_012152.1	5338
SRR27421011.22276	NC_012152.1	7552
SRR27421011.218	NC_012152.1	6707
SRR27421011.27257	NC_012152.1	6698
SRR27421011.28479	NC_012152.1	7783
SRR27421011.3576	NC_012152.1	6179
SRR27421011.28950	NC_012152.1	6034
SRR27421011.23246	NC_012152.1	6539
SRR27421011.16617	NC_012152.1	6995
SRR27421011.12772	NC_012152.1	6874
SRR27421011.25354	NC_012152.1	7509
SRR27421011.11338	NC_012152.1	5252
SRR27421011.12276	NC_012152.1	12178
SRR27421011.6414	NC_012152.1	5384
SRR27421011.28317	NC_012152.1	13893
SRR27421011.27461	NC_012152.1	6768
SRR27421011.18649	NC_012152.1	7257
SRR27421011.4477	NC_012152.1	6691
SRR27421011.7376	NC_012152.1	5835
SRR27421011.1517	NC_012152.1	6643
SRR27421011.16430	NC_012152.1	5658
SRR27421011.29763	NC_012152.1	8774
SRR27421011.5234	NC_012152.1	10583
SRR27421011.26070	NC_012152.1	7778
SRR27421011.15370	NC_012152.1	9547
SRR27421011.22813	NC_012152.1	8311
SRR27421011.4699	NC_012152.1	8686
SRR27421011.25843	NC_012152.1	9321
SRR27421011.8653	NC_012152.1	6496
SRR27421011.6639	NC_012152.1	14176
SRR27421011.28689	NC_012152.1	7001
SRR27421011.10564	NC_012152.1	6606
SRR27421011.26718	NC_012152.1	8227
SRR27421011.2424	NC_012152.1	6716
SRR27421011.17171	NC_012152.1	6723
SRR27421011.16472	NC_012152.1	12407
SRR27421011.1824	NC_012152.1	9448
SRR27421011.12835	NC_012152.1	5463
SRR27421011.15031	NC_012152.1	5588
SRR27421011.23806	NC_012152.1	6630
SRR27421011.23157	NC_012152.1	8486
SRR27421011.22037	NC_012152.1	8457
SRR27421011.9973	NC_012152.1	6669
SRR27421011.27685	NC_012152.1	6779
SRR27421011.8432	NC_012152.1	9326
SRR27421011.2850	NC_012152.1	9775
SRR27421011.26166	NC_012152.1	6692
SRR27421011.29651	NC_012152.1	5561
SRR27421011.29362	NC_012152.1	5520
SRR27421011.1605	NC_012152.1	9437
SRR27421011.14144	NC_012152.1	7255
SRR27421011.13464	NC_012152.1	6703
SRR27421011.6009	NC_012152.1	6596
SRR27421011.2076	NC_012152.1	6561
SRR27421011.19034	NC_012152.1	10766
SRR27421011.17994	NC_012152.1	7159
SRR27421011.25341	NC_012152.1	11947
SRR27421011.24480	NC_012152.1	9665
SRR27421011.15762	NC_012152.1	9338
SRR27421011.22269	NC_012152.1	7051
SRR27421011.1958	NC_012152.1	12263
SRR27421011.11925	NC_012152.1	6979
SRR27421011.20616	NC_012152.1	6021
SRR27421011.1569	NC_012152.1	12202
SRR27421011.24233	NC_012152.1	8628
SRR27421011.1756	NC_012152.1	6845
SRR27421011.16901	NC_012152.1	9631
SRR27421011.25611	NC_012152.1	6639
SRR27421011.17137	NC_012152.1	6551
SRR27421011.23629	NC_012152.1	8358
SRR27421011.22562	NC_012152.1	9527
SRR27421011.17295	NC_012152.1	5997
SRR27421011.27146	NC_012152.1	8943
SRR27421011.24824	NC_012152.1	5064
SRR27421011.20181	NC_012152.1	8599
SRR27421011.25196	NC_012152.1	6626
SRR27421011.13251	NC_012152.1	6870
SRR27421011.11921	NC_012152.1	6282
SRR27421011.11907	NC_012152.1	6263
SRR27421011.6693	NC_012152.1	5628
SRR27421011.89	NC_012152.1	8509
SRR27421011.10481	NC_012152.1	6285
SRR27421011.2187	NC_012152.1	8517
SRR27421011.4638	NC_012152.1	8508
SRR27421011.4290	NC_012152.1	7522
SRR27421011.2539	NC_012152.1	7764
SRR27421011.14395	NC_012152.1	5356
SRR27421011.2422	NC_012152.1	6787
SRR27421011.21789	NC_012152.1	6263
SRR27421011.11218	NC_012152.1	5431
SRR27421011.494	NC_012152.1	6676
SRR27421011.3182	NC_012152.1	6934
SRR27421011.21879	NC_012152.1	7655
SRR27421011.3962	NC_012152.1	6669
SRR27421011.9710	NC_012152.1	7879
SRR27421011.9886	NC_012152.1	5756
SRR27421011.2747	NC_012152.1	6749
SRR27421011.28659	NC_012152.1	7005
SRR27421011.506	NC_012152.1	7550
SRR27421011.5316	NC_012152.1	8614
SRR27421011.14139	NC_012152.1	7408
SRR27421011.370	NC_012152.1	7558
SRR27421011.28281	NC_012152.1	8146
SRR27421011.1223	NC_012152.1	8745
SRR27421011.2286	NC_012152.1	10259
SRR27421011.2606	NC_012152.1	6797
SRR27421011.10340	NC_012152.1	7070
SRR27421011.12996	NC_012152.1	6781
SRR27421011.17821	NC_012152.1	5971
SRR27421011.28329	NC_012152.1	6281
SRR27421011.12665	NC_012152.1	6794
SRR27421011.20701	NC_012152.1	7580
SRR27421011.25392	NC_012152.1	7100
SRR27421011.29861	NC_012152.1	7936
SRR27421011.18712	NC_012152.1	6598
SRR27421011.10259	NC_012152.1	7200
SRR27421011.7659	NC_012152.1	5780
SRR27421011.3388	NC_012152.1	8071
SRR27421011.6264	NC_012152.1	6343
SRR27421011.7843	NC_012152.1	6822
SRR27421011.9296	NC_012152.1	6271
SRR27421011.13663	NC_012152.1	6315
SRR27421011.29444	NC_012152.1	6335
SRR27421011.10313	NC_012152.1	7996
SRR27421011.29594	NC_012152.1	6662
SRR27421011.30108	NC_012152.1	8100
SRR27421011.20386	NC_012152.1	7986
SRR27421011.26685	NC_012152.1	6795
SRR27421011.8934	NC_012152.1	6486
SRR27421011.7371	NC_012152.1	6696
SRR27421011.17985	NC_012152.1	12996
SRR27421011.27804	NC_012152.1	6261
SRR27421011.5045	NC_012152.1	6842
SRR27421011.12749	NC_012152.1	7599
SRR27421011.22651	NC_012152.1	7110
SRR27421011.117	NC_012152.1	7259
SRR27421011.30266	NC_012152.1	5926
SRR27421011.5585	NC_012152.1	6313
SRR27421011.18873	NC_012152.1	6996
SRR27421011.16347	NC_012152.1	6825
SRR27421011.2886	NC_012152.1	6848
SRR27421011.29739	NC_012152.1	9679
SRR27421011.27884	NC_012152.1	7720
SRR27421011.11880	NC_012152.1	7206
SRR27421011.10273	NC_012152.1	6456
SRR27421011.4184	NC_012152.1	6913
SRR27421011.29232	NC_012152.1	6847
SRR27421011.7745	NC_012152.1	6925
SRR27421011.17559	NC_012152.1	6526
SRR27421011.22970	NC_012152.1	7712
SRR27421011.14700	NC_012152.1	6227
SRR27421011.25808	NC_012152.1	6656
SRR27421011.24980	NC_012152.1	5687
SRR27421011.24981	NC_012152.1	5664
SRR27421011.14187	NC_012152.1	5617
SRR27421011.7254	NC_012152.1	5810
SRR27421011.20680	NC_012152.1	5941
SRR27421011.20879	NC_012152.1	5929
SRR27421011.15969	NC_012152.1	6700
SRR27421011.23031	NC_012152.1	5858
SRR27421011.20693	NC_012152.1	7041
SRR27421011.23998	NC_012152.1	6046
SRR27421011.9769	NC_012152.1	6122
SRR27421011.8133	NC_012152.1	5370
SRR27421011.19682	NC_012152.1	8837
SRR27421011.16707	NC_012152.1	5483
SRR27421011.22256	NC_012152.1	5653
SRR27421011.9390	NC_012152.1	5320
SRR27421011.9971	NC_012152.1	6584
SRR27421011.4308	NC_012152.1	6626
SRR27421011.18437	NC_012152.1	6337
SRR27421011.13271	NC_012152.1	6242
SRR27421011.16636	NC_012152.1	6265
SRR27421011.16359	NC_012152.1	6228
SRR27421011.27386	NC_012152.1	7640
SRR27421011.25449	NC_012152.1	6328
SRR27421011.27388	NC_012152.1	5796
SRR27421011.27835	NC_012152.1	7040
SRR27421011.10489	NC_012152.1	5388
SRR27421011.9017	NC_012152.1	5312
SRR27421011.8936	NC_012152.1	7673
SRR27421011.9815	NC_012152.1	5495
SRR27421011.17016	NC_012152.1	6218
SRR27421011.30	NC_012156.1	7272
SRR27421011.79	NC_012156.1	10697
SRR27421011.92	NC_012156.1	31769
SRR27421011.410	NC_012156.1	31375
SRR27421011.591	NC_012156.1	19025
SRR27421011.593	NC_012156.1	31548
SRR27421011.676	NC_012156.1	19595
SRR27421011.784	NC_012156.1	32716
SRR27421011.1049	NC_012156.1	72686
SRR27421011.1146	NC_012156.1	22079
SRR27421011.1296	NC_012156.1	22446
SRR27421011.1492	NC_012156.1	13915
SRR27421011.1512	NC_012156.1	8630
SRR27421011.1725	NC_012156.1	9309
SRR27421011.1794	NC_012156.1	6625
SRR27421011.1916	NC_012156.1	6547
SRR27421011.1978	NC_012156.1	16128
SRR27421011.1993	NC_012156.1	22591
SRR27421011.2105	NC_012156.1	6766
SRR27421011.2144	NC_012156.1	25700
SRR27421011.2256	NC_012156.1	21067
SRR27421011.2414	NC_012156.1	8903
SRR27421011.2555	NC_012156.1	8296
SRR27421011.2718	NC_012156.1	6375
SRR27421011.2968	NC_012156.1	21331
SRR27421011.2972	NC_012156.1	5840
SRR27421011.3192	NC_012156.1	28073
SRR27421011.3260	NC_012156.1	25193
SRR27421011.3372	NC_012156.1	31541
SRR27421011.3645	NC_012156.1	30224
SRR27421011.3657	NC_012156.1	10499
SRR27421011.3678	NC_012156.1	26604
SRR27421011.3753	NC_012156.1	7970
SRR27421011.4051	NC_012156.1	6336
SRR27421011.4075	NC_012156.1	15267
SRR27421011.4579	NC_012156.1	10712
SRR27421011.5164	NC_012156.1	19308
SRR27421011.5292	NC_012156.1	8377
SRR27421011.5979	NC_012156.1	17459
SRR27421011.6105	NC_012156.1	29064
SRR27421011.6181	NC_012156.1	12772
SRR27421011.6500	NC_012156.1	10900
SRR27421011.6581	NC_012156.1	31471
SRR27421011.7192	NC_012156.1	10837
SRR27421011.7397	NC_012156.1	5296
SRR27421011.7669	NC_012156.1	19491
SRR27421011.7862	NC_012156.1	18626
SRR27421011.7890	NC_012156.1	5301
SRR27421011.8052	NC_012156.1	20384
SRR27421011.8630	NC_012156.1	33199
SRR27421011.9012	NC_012156.1	12977
SRR27421011.9217	NC_012156.1	43430
SRR27421011.9421	NC_012156.1	22890
SRR27421011.9700	NC_012156.1	17249
SRR27421011.9788	NC_012156.1	7925
SRR27421011.10084	NC_012156.1	5955
SRR27421011.10246	NC_012156.1	8219
SRR27421011.10434	NC_012156.1	29813
SRR27421011.11418	NC_012156.1	10106
SRR27421011.11874	NC_012156.1	13116
SRR27421011.12043	NC_012156.1	10331
SRR27421011.12141	NC_012156.1	10803
SRR27421011.12418	NC_012156.1	6960
SRR27421011.12579	NC_012156.1	11879
SRR27421011.12599	NC_012156.1	30791
SRR27421011.13009	NC_012156.1	35486
SRR27421011.13027	NC_012156.1	7812
SRR27421011.13374	NC_012156.1	6802
SRR27421011.13426	NC_012156.1	34274
SRR27421011.13823	NC_012156.1	8769
SRR27421011.14458	NC_012156.1	23565
SRR27421011.14751	NC_012156.1	8485
SRR27421011.15487	NC_012156.1	10789
SRR27421011.15570	NC_012156.1	5888
SRR27421011.15849	NC_012156.1	27127
SRR27421011.15948	NC_012156.1	13057
SRR27421011.17130	NC_012156.1	13911
SRR27421011.17431	NC_012156.1	24011
SRR27421011.17647	NC_012156.1	9400
SRR27421011.17651	NC_012156.1	28791
SRR27421011.18130	NC_012156.1	6618
SRR27421011.18251	NC_012156.1	15554
SRR27421011.18682	NC_012156.1	6451
SRR27421011.19044	NC_012156.1	24349
SRR27421011.19364	NC_012156.1	31010
SRR27421011.19579	NC_012156.1	28607
SRR27421011.19651	NC_012156.1	13742
SRR27421011.19677	NC_012156.1	28675
SRR27421011.19783	NC_012156.1	33461
SRR27421011.19810	NC_012156.1	23688
SRR27421011.19874	NC_012156.1	44071
SRR27421011.19941	NC_012156.1	17422
SRR27421011.20028	NC_012156.1	27331
SRR27421011.20130	NC_012156.1	9130
SRR27421011.20342	NC_012156.1	10216
SRR27421011.20384	NC_012156.1	11725
SRR27421011.20901	NC_012156.1	32707
SRR27421011.21167	NC_012156.1	9381
SRR27421011.21486	NC_012156.1	8554
SRR27421011.21540	NC_012156.1	14034
SRR27421011.21619	NC_012156.1	31758
SRR27421011.21675	NC_012156.1	19293
SRR27421011.21850	NC_012156.1	5265
SRR27421011.22032	NC_012156.1	6138
SRR27421011.22192	NC_012156.1	31253
SRR27421011.22392	NC_012156.1	38801
SRR27421011.22467	NC_012156.1	19358
SRR27421011.22470	NC_012156.1	25793
SRR27421011.22515	NC_012156.1	28743
SRR27421011.22698	NC_012156.1	9677
SRR27421011.22862	NC_012156.1	13998
SRR27421011.23517	NC_012156.1	28632
SRR27421011.23901	NC_012156.1	22438
SRR27421011.24634	NC_012156.1	11577
SRR27421011.24649	NC_012156.1	41244
SRR27421011.24821	NC_012156.1	12465
SRR27421011.24856	NC_012156.1	14643
SRR27421011.24896	NC_012156.1	30751
SRR27421011.25179	NC_012156.1	25928
SRR27421011.25598	NC_012156.1	30402
SRR27421011.26377	NC_012156.1	16465
SRR27421011.26569	NC_012156.1	11730
SRR27421011.26683	NC_012156.1	9820
SRR27421011.26885	NC_012156.1	14889
SRR27421011.27088	NC_012156.1	30954
SRR27421011.27150	NC_012156.1	29166
SRR27421011.27465	NC_012156.1	32671
SRR27421011.27499	NC_012156.1	16357
SRR27421011.27850	NC_012156.1	32103
SRR27421011.28248	NC_012156.1	15941
SRR27421011.28302	NC_012156.1	27870
SRR27421011.28585	NC_012156.1	11763
SRR27421011.28639	NC_012156.1	16715
SRR27421011.28682	NC_012156.1	32558
SRR27421011.28745	NC_012156.1	6826
SRR27421011.28887	NC_012156.1	26975
SRR27421011.29642	NC_012156.1	27093
SRR27421011.29909	NC_012156.1	28189
SRR27421011.30065	NC_012156.1	6146
SRR27421011.28	NC_012156.1	43539
SRR27421011.31	NC_012156.1	5666
SRR27421011.78	NC_012156.1	19686
SRR27421011.206	NC_012156.1	8293
SRR27421011.357	NC_012156.1	38508
SRR27421011.1075	NC_012156.1	31812
SRR27421011.1573	NC_012156.1	26108
SRR27421011.1730	NC_012156.1	10972
SRR27421011.1769	NC_012156.1	10081
SRR27421011.2230	NC_012156.1	28859
SRR27421011.2294	NC_012156.1	8279
SRR27421011.3497	NC_012156.1	38262
SRR27421011.3590	NC_012156.1	18000
SRR27421011.4430	NC_012156.1	8301
SRR27421011.4685	NC_012156.1	9079
SRR27421011.6372	NC_012156.1	21150
SRR27421011.6760	NC_012156.1	8314
SRR27421011.6830	NC_012156.1	15778
SRR27421011.7159	NC_012156.1	31999
SRR27421011.9469	NC_012156.1	23012
SRR27421011.10005	NC_012156.1	19952
SRR27421011.10065	NC_012156.1	33806
SRR27421011.10102	NC_012156.1	13021
SRR27421011.10163	NC_012156.1	29883
SRR27421011.10903	NC_012156.1	29806
SRR27421011.11463	NC_012156.1	18696
SRR27421011.11853	NC_012156.1	11935
SRR27421011.12831	NC_012156.1	29712
SRR27421011.12871	NC_012156.1	26047
SRR27421011.12981	NC_012156.1	31948
SRR27421011.13062	NC_012156.1	45798
SRR27421011.13437	NC_012156.1	29698
SRR27421011.13488	NC_012156.1	15402
SRR27421011.14443	NC_012156.1	7176
SRR27421011.15263	NC_012156.1	31310
SRR27421011.15343	NC_012156.1	25361
SRR27421011.15505	NC_012156.1	8701
SRR27421011.15730	NC_012156.1	30424
SRR27421011.15978	NC_012156.1	23483
SRR27421011.15985	NC_012156.1	28931
SRR27421011.16505	NC_012156.1	31310
SRR27421011.17743	NC_012156.1	31331
SRR27421011.17868	NC_012156.1	24455
SRR27421011.18069	NC_012156.1	24240
SRR27421011.18529	NC_012156.1	9036
SRR27421011.19365	NC_012156.1	31696
SRR27421011.19551	NC_012156.1	32340
SRR27421011.19638	NC_012156.1	5668
SRR27421011.19761	NC_012156.1	39418
SRR27421011.19769	NC_012156.1	6684
SRR27421011.19958	NC_012156.1	31103
SRR27421011.20074	NC_012156.1	12830
SRR27421011.20094	NC_012156.1	40239
SRR27421011.20812	NC_012156.1	33427
SRR27421011.21302	NC_012156.1	15044
SRR27421011.21854	NC_012156.1	13149
SRR27421011.21867	NC_012156.1	28753
SRR27421011.22548	NC_012156.1	63875
SRR27421011.22559	NC_012156.1	14092
SRR27421011.22754	NC_012156.1	32115
SRR27421011.22773	NC_012156.1	32080
SRR27421011.22775	NC_012156.1	32388
SRR27421011.23811	NC_012156.1	32763
SRR27421011.23887	NC_012156.1	47168
SRR27421011.24511	NC_012156.1	7864
SRR27421011.24855	NC_012156.1	31037
SRR27421011.25567	NC_012156.1	7819
SRR27421011.25593	NC_012156.1	15916
SRR27421011.25695	NC_012156.1	10131
SRR27421011.26260	NC_012156.1	7136
SRR27421011.26329	NC_012156.1	12482
SRR27421011.27191	NC_012156.1	9815
SRR27421011.27747	NC_012156.1	18793
SRR27421011.28609	NC_012156.1	16996
SRR27421011.28611	NC_012156.1	32984
SRR27421011.29993	NC_012156.1	29590
SRR27421011.29996	NC_012156.1	31316
SRR27421011.4117	NC_012156.1	5773
SRR27421011.4155	NC_012156.1	41744
SRR27421011.13647	NC_012156.1	32122
SRR27421011.18357	NC_012156.1	27649
SRR27421011.29136	NC_012156.1	11090
SRR27421011.4961	NC_012156.1	26408
SRR27421011.2211	NC_012156.1	9312
SRR27421011.18362	NC_012156.1	17416
SRR27421011.19378	NC_012156.1	5865
SRR27421011.22573	NC_012156.1	31542
SRR27421011.24987	NC_012156.1	8635
SRR27421011.13517	NC_012156.1	30653
SRR27421011.27539	NC_012156.1	12075
SRR27421011.17973	NC_012156.1	29631
SRR27421011.24535	NC_012156.1	21310
SRR27421011.11061	NC_012156.1	7559
SRR27421011.12291	NC_012156.1	29911
SRR27421011.21309	NC_012156.1	8531
SRR27421011.14599	NC_012156.1	7210
SRR27421011.19137	NC_012156.1	8722
SRR27421011.1810	NC_012156.1	7041
SRR27421011.24456	NC_012156.1	37845
SRR27421011.13790	NC_012156.1	5592
SRR27421011.25024	NC_012156.1	9759
SRR27421011.9404	NC_012156.1	26142
SRR27421011.14027	NC_012156.1	5564
SRR27421011.10537	NC_012156.1	31187
SRR27421011.1071	NC_012156.1	6549
SRR27421011.25396	NC_012156.1	13429
SRR27421011.19973	NC_012156.1	32565
SRR27421011.10600	NC_012156.1	11380
SRR27421011.7480	NC_012156.1	8818
SRR27421011.14573	NC_012156.1	36680
SRR27421011.29693	NC_012156.1	15417
SRR27421011.19425	NC_012156.1	19851
SRR27421011.7179	NC_012156.1	6857
SRR27421011.23620	NC_012156.1	12568
SRR27421011.12169	NC_012156.1	19728
SRR27421011.15549	NC_012156.1	6380
SRR27421011.29537	NC_012156.1	6242
SRR27421011.16230	NC_012156.1	7225
SRR27421011.16404	NC_012156.1	7258
SRR27421011.22225	NC_012156.1	9163
SRR27421011.19543	NC_012156.1	6791
SRR27421011.19339	NC_012156.1	30555
SRR27421011.9589	NC_012156.1	9177
SRR27421011.24331	NC_012156.1	91163
SRR27421011.29959	NC_012156.1	13907
SRR27421011.4532	NC_012156.1	16312
SRR27421011.25277	NC_012156.1	7127
SRR27421011.23313	NC_012156.1	26995
SRR27421011.28934	NC_012156.1	9688
SRR27421011.26846	NC_012156.1	20991
SRR27421011.24471	NC_012156.1	10264
SRR27421011.2872	NC_012156.1	32321
SRR27421011.28774	NC_012156.1	26289
SRR27421011.14384	NC_012156.1	11179
SRR27421011.27599	NC_012156.1	25760
SRR27421011.14657	NC_012156.1	11107
SRR27421011.26220	NC_012156.1	10054
SRR27421011.13640	NC_012156.1	34343
SRR27421011.16143	NC_012156.1	5271
SRR27421011.120	NC_012156.1	8425
SRR27421011.35	NC_012156.1	52817
SRR27421011.5930	NC_012156.1	7656
SRR27421011.27509	NC_012156.1	26789
SRR27421011.5389	NC_012156.1	5332
SRR27421011.25531	NC_012156.1	38947
SRR27421011.3412	NC_012156.1	7137
SRR27421011.955	NC_012156.1	46345
SRR27421011.10863	NC_012156.1	22884
SRR27421011.20299	NC_012156.1	8525
SRR27421011.15890	NC_012156.1	8844
SRR27421011.13977	NC_012156.1	18955
SRR27421011.5656	NC_012156.1	23688
SRR27421011.29352	NC_012156.1	31089
SRR27421011.12674	NC_012156.1	14436
SRR27421011.25026	NC_012156.1	25433
SRR27421011.8450	NC_012156.1	41150
SRR27421011.15411	NC_012156.1	6068
SRR27421011.20672	NC_012156.1	8157
SRR27421011.13989	NC_012156.1	6455
SRR27421011.629	NC_012156.1	27082
SRR27421011.18083	NC_012156.1	9686
SRR27421011.6437	NC_012156.1	18790
SRR27421011.15632	NC_012156.1	6796
SRR27421011.29241	NC_012156.1	22967
SRR27421011.28424	NC_012156.1	31688
SRR27421011.30078	NC_012156.1	6643
SRR27421011.19412	NC_012156.1	5232
SRR27421011.18550	NC_012156.1	18580
SRR27421011.699	NC_012156.1	10960
SRR27421011.1638	NC_012156.1	9618
SRR27421011.596	NC_012156.1	9108
SRR27421011.26086	NC_012156.1	15210
SRR27421011.22865	NC_012156.1	49851
SRR27421011.2352	NC_012156.1	6671
SRR27421011.8099	NC_012156.1	6658
SRR27421011.6122	NC_012156.1	10477
SRR27421011.5956	NC_012156.1	9443
SRR27421011.6401	NC_012156.1	5297
SRR27421011.17209	NC_012156.1	6926
SRR27421011.17178	NC_012156.1	9336
SRR27421011.13964	NC_012156.1	30856
SRR27421011.293	NC_012156.1	8865
SRR27421011.25411	NC_012156.1	22704
SRR27421011.18201	NC_012156.1	18384
SRR27421011.13010	NC_012156.1	6555
SRR27421011.982	NC_012156.1	7186
SRR27421011.25055	NC_012156.1	9683
SRR27421011.13085	NC_012156.1	12123
SRR27421011.20778	NC_012156.1	12859
SRR27421011.25285	NC_012156.1	9385
SRR27421011.19190	NC_012156.1	11002
SRR27421011.19536	NC_012156.1	29575
SRR27421011.25895	NC_012156.1	32199
SRR27421011.23553	NC_012156.1	55901
SRR27421011.30006	NC_012156.1	11238
SRR27421011.10147	NC_012156.1	11849
SRR27421011.13679	NC_012156.1	28654
SRR27421011.10545	NC_012156.1	5046
SRR27421011.2405	NC_012156.1	32019
SRR27421011.15071	NC_012156.1	15890
SRR27421011.4163	NC_012156.1	28315
SRR27421011.7331	NC_012156.1	7214
SRR27421011.21443	NC_012156.1	7543
SRR27421011.17894	NC_012156.1	21497
SRR27421011.27247	NC_012156.1	5961
SRR27421011.858	NC_012156.1	8858
SRR27421011.22693	NC_012156.1	17416
SRR27421011.1302	NC_012156.1	30662
SRR27421011.1183	NC_012156.1	29664
SRR27421011.2396	NC_012156.1	5132
SRR27421011.13673	NC_012156.1	7217
SRR27421011.13955	NC_012156.1	27940
SRR27421011.7445	NC_012156.1	11876
SRR27421011.6407	NC_012156.1	24718
SRR27421011.3115	NC_012156.1	43312
SRR27421011.2837	NC_012156.1	5850
SRR27421011.25268	NC_012156.1	11033
SRR27421011.10507	NC_012156.1	7722
SRR27421011.2309	NC_012156.1	13895
SRR27421011.28144	NC_012156.1	15947
SRR27421011.3673	NC_012156.1	16267
SRR27421011.4752	NC_012156.1	17977
SRR27421011.641	NC_012156.1	17070
SRR27421011.1185	NC_012156.1	13222
SRR27421011.10717	NC_012156.1	8556
SRR27421011.28773	NC_012156.1	36577
SRR27421011.30179	NC_012156.1	22667
SRR27421011.6978	NC_012156.1	5188
SRR27421011.19057	NC_012156.1	7100
SRR27421011.9729	NC_012156.1	19271
SRR27421011.14832	NC_012156.1	22866
SRR27421011.8537	NC_012156.1	29159
SRR27421011.29476	NC_012156.1	30160
SRR27421011.18022	NC_012156.1	26746
SRR27421011.19728	NC_012156.1	8662
SRR27421011.29751	NC_012156.1	31230
SRR27421011.10746	NC_012156.1	22567
SRR27421011.27104	NC_012156.1	8101
SRR27421011.13731	NC_012156.1	27296
SRR27421011.8691	NC_012156.1	30877
SRR27421011.3072	NC_012156.1	11510
SRR27421011.5172	NC_012156.1	6848
SRR27421011.29199	NC_012156.1	10020
SRR27421011.6962	NC_012156.1	24441
SRR27421011.20463	NC_012156.1	10971
SRR27421011.3935	NC_012156.1	31287
SRR27421011.29477	NC_012156.1	31071
SRR27421011.29798	NC_012156.1	22367
SRR27421011.11154	NC_012156.1	20126
SRR27421011.27379	NC_012156.1	18173
SRR27421011.3096	NC_012156.1	6710
SRR27421011.26281	NC_012156.1	12902
SRR27421011.3189	NC_012156.1	12787
SRR27421011.5782	NC_012156.1	7660
SRR27421011.5196	NC_012156.1	6032
SRR27421011.15753	NC_012156.1	23028
SRR27421011.15665	NC_012156.1	13928
SRR27421011.18635	NC_012156.1	21553
SRR27421011.4570	NC_012156.1	11594
SRR27421011.24064	NC_012156.1	31034
SRR27421011.5247	NC_012156.1	8402
SRR27421011.19631	NC_012156.1	11105
SRR27421011.9671	NC_012156.1	16579
SRR27421011.16975	NC_012156.1	23444
SRR27421011.15113	NC_012156.1	21085
SRR27421011.27809	NC_012156.1	16145
SRR27421011.17984	NC_012156.1	10488
SRR27421011.17726	NC_012156.1	19181
SRR27421011.9688	NC_012156.1	5801
SRR27421011.10207	NC_012156.1	15900
SRR27421011.1694	NC_012156.1	8981
SRR27421011.2425	NC_012156.1	9285
SRR27421011.29080	NC_012156.1	15953
SRR27421011.14947	NC_012156.1	20657
SRR27421011.14488	NC_012156.1	10082
SRR27421011.29083	NC_012156.1	7052
SRR27421011.18821	NC_012156.1	6035
SRR27421011.25280	NC_012156.1	9872
SRR27421011.19691	NC_012156.1	9308
SRR27421011.27873	NC_012156.1	5790
SRR27421011.11152	NC_012156.1	35181
SRR27421011.6519	NC_012156.1	20815
SRR27421011.7826	NC_012156.1	10435
SRR27421011.18096	NC_012156.1	13123
SRR27421011.20156	NC_012156.1	14067
SRR27421011.22745	NC_012156.1	16238
SRR27421011.16480	NC_012156.1	6324
SRR27421011.22834	NC_012156.1	31849
SRR27421011.10661	NC_012156.1	11275
SRR27421011.26548	NC_012156.1	20514
SRR27421011.10822	NC_012156.1	6300
SRR27421011.29283	NC_012156.1	8024
SRR27421011.18832	NC_012156.1	23234
SRR27421011.12633	NC_012156.1	15999
SRR27421011.24368	NC_012156.1	32236
SRR27421011.44	NC_012156.1	27535
SRR27421011.19354	NC_012156.1	7529
SRR27421011.6557	NC_012156.1	8676
SRR27421011.15443	NC_012156.1	20213
SRR27421011.6897	NC_012156.1	32535
SRR27421011.9789	NC_012156.1	16017
SRR27421011.13786	NC_012156.1	10591
SRR27421011.23735	NC_012156.1	19526
SRR27421011.9822	NC_012156.1	9297
SRR27421011.7148	NC_012156.1	24452
SRR27421011.26451	NC_012156.1	13018
SRR27421011.1476	NC_012156.1	24503
SRR27421011.20743	NC_012156.1	29490
SRR27421011.26348	NC_012156.1	6940
SRR27421011.21015	NC_012156.1	32064
SRR27421011.23169	NC_012156.1	8779
SRR27421011.27637	NC_012156.1	26086
SRR27421011.29130	NC_012156.1	20912
SRR27421011.10316	NC_012156.1	6271
SRR27421011.22195	NC_012156.1	6598
SRR27421011.30182	NC_012156.1	8043
SRR27421011.888	NC_012156.1	5951
SRR27421011.10286	NC_012156.1	44973
SRR27421011.9433	NC_012156.1	5320
SRR27421011.23763	NC_012156.1	22256
SRR27421011.18465	NC_012156.1	12500
SRR27421011.6447	NC_012156.1	23353
SRR27421011.18843	NC_012156.1	6125
SRR27421011.28416	NC_012156.1	5723
SRR27421011.22847	NC_012156.1	14254
SRR27421011.14287	NC_012156.1	9590
SRR27421011.20128	NC_012156.1	5111
SRR27421011.24300	NC_012156.1	20387
SRR27421011.15466	NC_012156.1	6706
SRR27421011.28947	NC_012156.1	18504
SRR27421011.27553	NC_012156.1	31710
SRR27421011.29148	NC_012156.1	6139
SRR27421011.19782	NC_012156.1	8495
SRR27421011.22749	NC_012156.1	20676
SRR27421011.7435	NC_012156.1	22978
SRR27421011.7014	NC_012156.1	18241
SRR27421011.22432	NC_012156.1	44819
SRR27421011.20086	NC_012156.1	6199
SRR27421011.26448	NC_012156.1	12090
SRR27421011.10285	NC_012156.1	17977
SRR27421011.25572	NC_012156.1	18232
SRR27421011.5050	NC_012156.1	10154
SRR27421011.6902	NC_012156.1	11611
SRR27421011.15307	NC_012156.1	20299
SRR27421011.15187	NC_012156.1	17572
SRR27421011.12725	NC_012156.1	14620
SRR27421011.27128	NC_012156.1	7705
SRR27421011.23405	NC_012156.1	6620
SRR27421011.6593	NC_012156.1	17745
SRR27421011.280	NC_012156.1	26958
SRR27421011.21038	NC_012156.1	20692
SRR27421011.7542	NC_012156.1	11448
SRR27421011.5110	NC_012156.1	8163
SRR27421011.8219	NC_012156.1	11156
SRR27421011.10215	NC_012156.1	10516
SRR27421011.26820	NC_012156.1	12432
SRR27421011.30166	NC_012156.1	10605
SRR27421011.22102	NC_012156.1	19932
SRR27421011.8898	NC_012156.1	6318
SRR27421011.5521	NC_012156.1	14249
SRR27421011.10129	NC_012156.1	20750
SRR27421011.23824	NC_012156.1	17936
SRR27421011.3993	NC_012156.1	24164
SRR27421011.25407	NC_012156.1	14882
SRR27421011.18671	NC_012156.1	32660
SRR27421011.10126	NC_012156.1	5632
SRR27421011.123	NC_012156.1	11916
SRR27421011.29480	NC_012156.1	19015
SRR27421011.23874	NC_012156.1	18603
SRR27421011.8917	NC_012156.1	10921
SRR27421011.1745	NC_012156.1	9334
SRR27421011.23569	NC_012156.1	10386
SRR27421011.10421	NC_012156.1	21602
SRR27421011.1330	NC_012156.1	7774
SRR27421011.15590	NC_012156.1	15516
SRR27421011.2188	NC_012156.1	24290
SRR27421011.19124	NC_012156.1	17072
SRR27421011.11134	NC_012156.1	6132
SRR27421011.20170	NC_012156.1	19071
SRR27421011.20584	NC_012156.1	16584
SRR27421011.14088	NC_012156.1	20141
SRR27421011.20089	NC_012156.1	17344
SRR27421011.19544	NC_012156.1	13769
SRR27421011.11395	NC_012156.1	21753
SRR27421011.25586	NC_012156.1	17951
SRR27421011.26998	NC_012156.1	7492
SRR27421011.27683	NC_012156.1	19021
SRR27421011.24297	NC_012156.1	34009
SRR27421011.20526	NC_012156.1	7651
SRR27421011.11266	NC_012156.1	20506
SRR27421011.15464	NC_012156.1	8970
SRR27421011.7150	NC_012156.1	15819
SRR27421011.13235	NC_012156.1	5593
SRR27421011.2808	NC_012156.1	22672
SRR27421011.18945	NC_012156.1	17238
SRR27421011.23151	NC_012156.1	18260
SRR27421011.11468	NC_012156.1	17700
SRR27421011.18438	NC_012156.1	5635
SRR27421011.19882	NC_012156.1	11503
SRR27421011.11963	NC_012156.1	10973
SRR27421011.3243	NC_012156.1	34516
SRR27421011.5303	NC_012156.1	21642
SRR27421011.19680	NC_012156.1	32670
SRR27421011.9859	NC_012156.1	11050
SRR27421011.6994	NC_012156.1	9683
SRR27421011.24795	NC_012156.1	14820
SRR27421011.3483	NC_012156.1	16319
SRR27421011.6767	NC_012156.1	14084
SRR27421011.27290	NC_012156.1	6085
SRR27421011.15315	NC_012156.1	19730
SRR27421011.11371	NC_012156.1	18438
SRR27421011.14856	NC_012156.1	6836
SRR27421011.23243	NC_012156.1	21156
SRR27421011.27464	NC_012156.1	15071
SRR27421011.11569	NC_012156.1	8669
SRR27421011.25168	NC_012156.1	24271
SRR27421011.14483	NC_012156.1	11197
SRR27421011.24743	NC_012156.1	9230
SRR27421011.18411	NC_012156.1	12762
SRR27421011.27947	NC_012156.1	5003
SRR27421011.29501	NC_012156.1	15386
SRR27421011.24509	NC_012156.1	13648
SRR27421011.27514	NC_012156.1	6921
SRR27421011.18952	NC_012156.1	31819
SRR27421011.859	NC_012156.1	5986
SRR27421011.17548	NC_012156.1	5518
SRR27421011.5213	NC_012156.1	7651
SRR27421011.3568	NC_012156.1	17405
SRR27421011.4346	NC_012156.1	6541
SRR27421011.2572	NC_012156.1	15564
SRR27421011.575	NC_012156.1	11296
SRR27421011.22933	NC_012156.1	13659
SRR27421011.17026	NC_012156.1	8437
SRR27421011.15670	NC_012156.1	5858
SRR27421011.24256	NC_012156.1	8809
SRR27421011.12096	NC_012156.1	17378
SRR27421011.5946	NC_012156.1	15948
SRR27421011.16564	NC_012156.1	14552
SRR27421011.3865	NC_012156.1	12935
SRR27421011.14286	NC_012156.1	16433
SRR27421011.7191	NC_012156.1	10895
SRR27421011.22804	NC_012156.1	20003
SRR27421011.1592	NC_012156.1	12804
SRR27421011.7601	NC_012156.1	12241
SRR27421011.10772	NC_012156.1	6270
SRR27421011.4286	NC_012156.1	12537
SRR27421011.13463	NC_012156.1	13968
SRR27421011.22074	NC_012156.1	10880
SRR27421011.19602	NC_012156.1	9730
SRR27421011.22273	NC_012156.1	17848
SRR27421011.27774	NC_012156.1	12048
SRR27421011.26204	NC_012156.1	12218
SRR27421011.26413	NC_012156.1	6759
SRR27421011.22202	NC_012156.1	18985
SRR27421011.6702	NC_012156.1	10255
SRR27421011.4095	NC_012156.1	24086
SRR27421011.10824	NC_012156.1	12866
SRR27421011.19139	NC_012156.1	14402
SRR27421011.495	NC_012156.1	14022
SRR27421011.5089	NC_012156.1	16452
SRR27421011.22321	NC_012156.1	13649
SRR27421011.23051	NC_012156.1	12646
SRR27421011.20762	NC_012156.1	12393
SRR27421011.15098	NC_012156.1	6083
SRR27421011.22646	NC_012156.1	11024
SRR27421011.20504	NC_012156.1	9917
SRR27421011.16020	NC_012156.1	16114
SRR27421011.6374	NC_012156.1	10794
SRR27421011.2228	NC_012156.1	22156
SRR27421011.27488	NC_012156.1	13438
SRR27421011.25321	NC_012156.1	12910
SRR27421011.8966	NC_012156.1	16978
SRR27421011.18889	NC_012156.1	22214
SRR27421011.17117	NC_012156.1	20336
SRR27421011.10557	NC_012156.1	12926
SRR27421011.1698	NC_012156.1	13965
SRR27421011.9873	NC_012156.1	11692
SRR27421011.25741	NC_012156.1	6635
SRR27421011.29255	NC_012156.1	16168
SRR27421011.12258	NC_012156.1	10911
SRR27421011.21047	NC_012156.1	16857
SRR27421011.23368	NC_012156.1	21219
SRR27421011.23510	NC_012156.1	21269
SRR27421011.5581	NC_012156.1	14204
SRR27421011.3301	NC_012156.1	12123
SRR27421011.12681	NC_012156.1	9770
SRR27421011.12067	NC_012156.1	6460
SRR27421011.14504	NC_012156.1	6170
SRR27421011.14503	NC_012156.1	6177
SRR27421011.10829	NC_012156.1	18574
SRR27421011.252	NC_012156.1	17024
SRR27421011.8572	NC_012156.1	5288
SRR27421011.8937	NC_012156.1	7786
SRR27421011.29323	NC_012156.1	10195
SRR27421011.26034	NC_012156.1	13316
SRR27421011.18178	NC_012156.1	7483
SRR27421011.7645	NC_012156.1	11540
SRR27421011.20085	NC_012156.1	9989
SRR27421011.20084	NC_012156.1	10001
SRR27421011.6726	NC_012156.1	10395
SRR27421011.17888	NC_012156.1	13647
SRR27421011.13454	NC_012156.1	10132
SRR27421011.20122	NC_012156.1	20691
SRR27421011.4673	NC_012156.1	8226
SRR27421011.10817	NC_012156.1	11768
SRR27421011.3832	NC_012156.1	10974
SRR27421011.12830	NC_012156.1	7427
SRR27421011.9749	NC_012156.1	20394
SRR27421011.9265	NC_012156.1	6796
SRR27421011.2967	NC_012156.1	11250
SRR27421011.3760	NC_012156.1	11868
SRR27421011.14860	NC_012156.1	9703
SRR27421011.17757	NC_012156.1	6950
SRR27421011.24313	NC_012156.1	14139
SRR27421011.11692	NC_012156.1	9908
SRR27421011.14198	NC_012156.1	7124
SRR27421011.14976	NC_012156.1	5667
SRR27421011.20627	NC_012156.1	10036
SRR27421011.6616	NC_012156.1	9856
SRR27421011.3922	NC_012156.1	13139
SRR27421011.27119	NC_012156.1	10674
SRR27421011.7297	NC_012156.1	9312
SRR27421011.16518	NC_012156.1	14149
SRR27421011.5879	NC_012156.1	10182
SRR27421011.18179	NC_012156.1	10825
SRR27421011.6431	NC_012156.1	13396
SRR27421011.7052	NC_012156.1	10583
SRR27421011.29437	NC_012156.1	9917
SRR27421011.29842	NC_012156.1	10756
SRR27421011.25697	NC_012156.1	14763
SRR27421011.17223	NC_012156.1	15082
SRR27421011.7921	NC_012156.1	13619
SRR27421011.16169	NC_012156.1	12351
SRR27421011.1825	NC_012156.1	12823
SRR27421011.4713	NC_012156.1	7932
SRR27421011.5580	NC_012156.1	16673
SRR27421011.27433	NC_012156.1	12361
SRR27421011.14594	NC_012156.1	10187
SRR27421011.21871	NC_012156.1	8150
SRR27421011.16768	NC_012156.1	7853
SRR27421011.15190	NC_012156.1	7132
SRR27421011.1469	NC_012156.1	7766
SRR27421011.2419	NC_012156.1	7067
SRR27421011.1136	NC_012156.1	16132
SRR27421011.20774	NC_012156.1	15238
SRR27421011.23950	NC_012156.1	6168
SRR27421011.15766	NC_012156.1	12272
SRR27421011.4287	NC_012156.1	7298
SRR27421011.8814	NC_012156.1	11205
SRR27421011.2070	NC_012156.1	9593
SRR27421011.1775	NC_012156.1	16150
SRR27421011.9825	NC_012156.1	7408
SRR27421011.24327	NC_012156.1	9261
SRR27421011.10176	NC_012156.1	7704
SRR27421011.28106	NC_012156.1	7998
SRR27421011.26793	NC_012156.1	10524
SRR27421011.14269	NC_012156.1	6880
SRR27421011.24059	NC_012156.1	13215
SRR27421011.16042	NC_012156.1	7296
SRR27421011.24866	NC_012156.1	15539
SRR27421011.25469	NC_012156.1	10287
SRR27421011.20521	NC_012156.1	8751
SRR27421011.16763	NC_012156.1	6110
SRR27421011.21384	NC_012156.1	13228
SRR27421011.8918	NC_012156.1	7052
SRR27421011.1611	NC_012156.1	8180
SRR27421011.4214	NC_012156.1	7376
SRR27421011.12023	NC_012156.1	10656
SRR27421011.4244	NC_012156.1	6893
SRR27421011.26390	NC_012156.1	6305
SRR27421011.6368	NC_012156.1	6776
SRR27421011.25696	NC_012156.1	8084
SRR27421011.15609	NC_012156.1	8343
SRR27421011.3738	NC_012156.1	5080
SRR27421011.18882	NC_012156.1	5546
SRR27421011.3740	NC_012156.1	8921
SRR27421011.4523	NC_012156.1	12392
SRR27421011.11087	NC_012156.1	7270
SRR27421011.20212	NC_012156.1	8597
SRR27421011.10164	NC_012156.1	11615
SRR27421011.22512	NC_012156.1	8359
SRR27421011.6367	NC_012156.1	12983
SRR27421011.6335	NC_012156.1	9184
SRR27421011.16046	NC_012156.1	10218
SRR27421011.26522	NC_012156.1	5639
SRR27421011.24307	NC_012156.1	5346
SRR27421011.7619	NC_012156.1	7600
SRR27421011.19637	NC_012156.1	9994
SRR27421011.18078	NC_012156.1	7068
SRR27421011.15402	NC_012156.1	6266
SRR27421011.30364	NC_012156.1	6605
SRR27421011.14806	NC_012156.1	5935
SRR27421011.4322	NC_012156.1	10968
SRR27421011.23816	NC_012156.1	8939
SRR27421011.23728	NC_012156.1	6712
SRR27421011.16059	NC_012156.1	6054
SRR27421011.9696	NC_012156.1	10936
SRR27421011.9997	NC_012156.1	7092
SRR27421011.14210	NC_012156.1	6302
SRR27421011.5683	NC_012156.1	7156
SRR27421011.22535	NC_012156.1	19020
SRR27421011.5124	NC_012156.1	6717
SRR27421011.17408	NC_012156.1	5247
SRR27421011.2393	NC_012156.1	9795
SRR27421011.13093	NC_012156.1	9394
SRR27421011.8983	NC_012156.1	10221
SRR27421011.27704	NC_012156.1	10420
SRR27421011.16571	NC_012156.1	7668
SRR27421011.16447	NC_012156.1	5408
SRR27421011.3908	NC_012156.1	8512
SRR27421011.16867	NC_012156.1	8911
SRR27421011.6256	NC_012156.1	8480
SRR27421011.6147	NC_012156.1	5142
SRR27421011.4152	NC_012156.1	6905
SRR27421011.9579	NC_012156.1	6152
SRR27421011.9406	NC_012156.1	9136
SRR27421011.21516	NC_012156.1	6431
SRR27421011.16413	NC_012156.1	6954
SRR27421011.10499	NC_012156.1	6474
SRR27421011.27045	NC_012156.1	6172
SRR27421011.14316	NC_012156.1	7670
SRR27421011.27646	NC_012156.1	5939
SRR27421011.53	NC_012154.1	11783
SRR27421011.95	NC_012154.1	26162
SRR27421011.162	NC_012154.1	31746
SRR27421011.164	NC_012154.1	49418
SRR27421011.167	NC_012154.1	30795
SRR27421011.401	NC_012154.1	8465
SRR27421011.568	NC_012154.1	31279
SRR27421011.708	NC_012154.1	6957
SRR27421011.843	NC_012154.1	11394
SRR27421011.959	NC_012154.1	30431
SRR27421011.1018	NC_012154.1	25895
SRR27421011.1210	NC_012154.1	24560
SRR27421011.1264	NC_012154.1	6997
SRR27421011.1435	NC_012154.1	11187
SRR27421011.1466	NC_012154.1	28818
SRR27421011.1544	NC_012154.1	28409
SRR27421011.1652	NC_012154.1	41383
SRR27421011.1707	NC_012154.1	12869
SRR27421011.1823	NC_012154.1	20000
SRR27421011.2045	NC_012154.1	5630
SRR27421011.2134	NC_012154.1	19882
SRR27421011.2221	NC_012154.1	11538
SRR27421011.2233	NC_012154.1	14780
SRR27421011.2252	NC_012154.1	25756
SRR27421011.2265	NC_012154.1	15794
SRR27421011.2332	NC_012154.1	16028
SRR27421011.2361	NC_012154.1	20731
SRR27421011.2629	NC_012154.1	8246
SRR27421011.2788	NC_012154.1	9086
SRR27421011.3020	NC_012154.1	7433
SRR27421011.3299	NC_012154.1	7844
SRR27421011.3591	NC_012154.1	31174
SRR27421011.3681	NC_012154.1	12675
SRR27421011.3872	NC_012154.1	26610
SRR27421011.3916	NC_012154.1	11513
SRR27421011.3926	NC_012154.1	9694
SRR27421011.4189	NC_012154.1	9979
SRR27421011.4304	NC_012154.1	6813
SRR27421011.4835	NC_012154.1	10123
SRR27421011.4968	NC_012154.1	9750
SRR27421011.5051	NC_012154.1	11021
SRR27421011.5144	NC_012154.1	17497
SRR27421011.5191	NC_012154.1	8821
SRR27421011.5591	NC_012154.1	8564
SRR27421011.5680	NC_012154.1	10116
SRR27421011.5955	NC_012154.1	8121
SRR27421011.6241	NC_012154.1	21987
SRR27421011.6254	NC_012154.1	15690
SRR27421011.6340	NC_012154.1	27999
SRR27421011.6360	NC_012154.1	41495
SRR27421011.6370	NC_012154.1	11385
SRR27421011.6483	NC_012154.1	13178
SRR27421011.6518	NC_012154.1	41842
SRR27421011.6570	NC_012154.1	12950
SRR27421011.6762	NC_012154.1	39174
SRR27421011.6776	NC_012154.1	28690
SRR27421011.6818	NC_012154.1	5361
SRR27421011.6887	NC_012154.1	9745
SRR27421011.6900	NC_012154.1	15997
SRR27421011.7131	NC_012154.1	8782
SRR27421011.7162	NC_012154.1	21805
SRR27421011.7463	NC_012154.1	6341
SRR27421011.8190	NC_012154.1	23896
SRR27421011.8816	NC_012154.1	5343
SRR27421011.8991	NC_012154.1	19394
SRR27421011.9048	NC_012154.1	45916
SRR27421011.9059	NC_012154.1	10930
SRR27421011.9073	NC_012154.1	14982
SRR27421011.9385	NC_012154.1	5471
SRR27421011.9405	NC_012154.1	10586
SRR27421011.9542	NC_012154.1	15986
SRR27421011.9577	NC_012154.1	31489
SRR27421011.9670	NC_012154.1	7134
SRR27421011.9953	NC_012154.1	14574
SRR27421011.10100	NC_012154.1	14404
SRR27421011.10125	NC_012154.1	9613
SRR27421011.10175	NC_012154.1	28870
SRR27421011.10347	NC_012154.1	31495
SRR27421011.10377	NC_012154.1	30665
SRR27421011.10447	NC_012154.1	8260
SRR27421011.10567	NC_012154.1	31425
SRR27421011.10575	NC_012154.1	14724
SRR27421011.10681	NC_012154.1	6890
SRR27421011.10711	NC_012154.1	31375
SRR27421011.10919	NC_012154.1	11980
SRR27421011.10981	NC_012154.1	6117
SRR27421011.11027	NC_012154.1	12726
SRR27421011.11072	NC_012154.1	26839
SRR27421011.11081	NC_012154.1	31379
SRR27421011.11110	NC_012154.1	20172
SRR27421011.11207	NC_012154.1	16443
SRR27421011.11364	NC_012154.1	14511
SRR27421011.11412	NC_012154.1	40790
SRR27421011.11845	NC_012154.1	9663
SRR27421011.11975	NC_012154.1	37520
SRR27421011.12323	NC_012154.1	34661
SRR27421011.12441	NC_012154.1	40060
SRR27421011.12448	NC_012154.1	9172
SRR27421011.12531	NC_012154.1	26888
SRR27421011.12566	NC_012154.1	31686
SRR27421011.12751	NC_012154.1	22537
SRR27421011.12806	NC_012154.1	5355
SRR27421011.12821	NC_012154.1	7809
SRR27421011.13095	NC_012154.1	8021
SRR27421011.13178	NC_012154.1	22107
SRR27421011.13184	NC_012154.1	31749
SRR27421011.13266	NC_012154.1	30862
SRR27421011.13315	NC_012154.1	32091
SRR27421011.13323	NC_012154.1	33494
SRR27421011.13350	NC_012154.1	23243
SRR27421011.13357	NC_012154.1	9246
SRR27421011.13402	NC_012154.1	8900
SRR27421011.13425	NC_012154.1	11060
SRR27421011.13441	NC_012154.1	6319
SRR27421011.13650	NC_012154.1	30103
SRR27421011.13664	NC_012154.1	28580
SRR27421011.13687	NC_012154.1	30229
SRR27421011.13725	NC_012154.1	21650
SRR27421011.13800	NC_012154.1	20313
SRR27421011.13807	NC_012154.1	33986
SRR27421011.13816	NC_012154.1	20412
SRR27421011.13933	NC_012154.1	27364
SRR27421011.13944	NC_012154.1	11804
SRR27421011.13972	NC_012154.1	9223
SRR27421011.14184	NC_012154.1	9907
SRR27421011.14235	NC_012154.1	20855
SRR27421011.14445	NC_012154.1	8021
SRR27421011.14496	NC_012154.1	15712
SRR27421011.14608	NC_012154.1	6086
SRR27421011.14634	NC_012154.1	7371
SRR27421011.14703	NC_012154.1	31926
SRR27421011.15006	NC_012154.1	31573
SRR27421011.15028	NC_012154.1	23164
SRR27421011.15091	NC_012154.1	12059
SRR27421011.15101	NC_012154.1	5175
SRR27421011.15558	NC_012154.1	7436
SRR27421011.15560	NC_012154.1	7183
SRR27421011.15738	NC_012154.1	29844
SRR27421011.15971	NC_012154.1	29853
SRR27421011.16237	NC_012154.1	27530
SRR27421011.16320	NC_012154.1	18333
SRR27421011.16389	NC_012154.1	5512
SRR27421011.16483	NC_012154.1	7572
SRR27421011.16630	NC_012154.1	12507
SRR27421011.17138	NC_012154.1	32666
SRR27421011.17242	NC_012154.1	7021
SRR27421011.17292	NC_012154.1	7616
SRR27421011.17402	NC_012154.1	27234
SRR27421011.17614	NC_012154.1	27498
SRR27421011.17977	NC_012154.1	9929
SRR27421011.18182	NC_012154.1	8052
SRR27421011.18221	NC_012154.1	41360
SRR27421011.18463	NC_012154.1	18719
SRR27421011.18511	NC_012154.1	23852
SRR27421011.18653	NC_012154.1	13107
SRR27421011.18753	NC_012154.1	32157
SRR27421011.19009	NC_012154.1	14307
SRR27421011.19141	NC_012154.1	15084
SRR27421011.19238	NC_012154.1	20209
SRR27421011.19475	NC_012154.1	14490
SRR27421011.19519	NC_012154.1	21342
SRR27421011.19534	NC_012154.1	5035
SRR27421011.19640	NC_012154.1	10111
SRR27421011.19664	NC_012154.1	8239
SRR27421011.19792	NC_012154.1	23888
SRR27421011.19809	NC_012154.1	39797
SRR27421011.19846	NC_012154.1	27970
SRR27421011.20003	NC_012154.1	31648
SRR27421011.20144	NC_012154.1	18838
SRR27421011.20253	NC_012154.1	26234
SRR27421011.20450	NC_012154.1	11698
SRR27421011.20682	NC_012154.1	11605
SRR27421011.20738	NC_012154.1	12262
SRR27421011.20897	NC_012154.1	6213
SRR27421011.20950	NC_012154.1	16183
SRR27421011.21044	NC_012154.1	13422
SRR27421011.21062	NC_012154.1	29505
SRR27421011.21063	NC_012154.1	19039
SRR27421011.21223	NC_012154.1	9332
SRR27421011.21548	NC_012154.1	9782
SRR27421011.21774	NC_012154.1	16004
SRR27421011.21932	NC_012154.1	9260
SRR27421011.21984	NC_012154.1	32348
SRR27421011.22046	NC_012154.1	6735
SRR27421011.22356	NC_012154.1	19707
SRR27421011.22486	NC_012154.1	50849
SRR27421011.22491	NC_012154.1	32439
SRR27421011.22565	NC_012154.1	74262
SRR27421011.22665	NC_012154.1	36353
SRR27421011.22700	NC_012154.1	34476
SRR27421011.22707	NC_012154.1	31873
SRR27421011.22788	NC_012154.1	33573
SRR27421011.22823	NC_012154.1	8180
SRR27421011.22986	NC_012154.1	26876
SRR27421011.23016	NC_012154.1	8559
SRR27421011.23107	NC_012154.1	12959
SRR27421011.23204	NC_012154.1	9384
SRR27421011.23300	NC_012154.1	23769
SRR27421011.23659	NC_012154.1	7873
SRR27421011.24043	NC_012154.1	35508
SRR27421011.24127	NC_012154.1	10510
SRR27421011.24295	NC_012154.1	36029
SRR27421011.24347	NC_012154.1	26922
SRR27421011.24469	NC_012154.1	25001
SRR27421011.24536	NC_012154.1	23573
SRR27421011.24648	NC_012154.1	12776
SRR27421011.24657	NC_012154.1	26946
SRR27421011.24780	NC_012154.1	30651
SRR27421011.25009	NC_012154.1	14848
SRR27421011.25053	NC_012154.1	11557
SRR27421011.25150	NC_012154.1	27628
SRR27421011.25270	NC_012154.1	14474
SRR27421011.25391	NC_012154.1	20633
SRR27421011.25439	NC_012154.1	19736
SRR27421011.25509	NC_012154.1	28337
SRR27421011.25552	NC_012154.1	19618
SRR27421011.25661	NC_012154.1	13894
SRR27421011.25683	NC_012154.1	27332
SRR27421011.25703	NC_012154.1	17826
SRR27421011.25790	NC_012154.1	11872
SRR27421011.25799	NC_012154.1	7064
SRR27421011.25813	NC_012154.1	27820
SRR27421011.25973	NC_012154.1	37531
SRR27421011.26089	NC_012154.1	21093
SRR27421011.26134	NC_012154.1	5548
SRR27421011.26144	NC_012154.1	7834
SRR27421011.26160	NC_012154.1	22882
SRR27421011.26650	NC_012154.1	6751
SRR27421011.26781	NC_012154.1	6116
SRR27421011.26918	NC_012154.1	27962
SRR27421011.26936	NC_012154.1	7968
SRR27421011.26965	NC_012154.1	23776
SRR27421011.27241	NC_012154.1	7824
SRR27421011.27254	NC_012154.1	14421
SRR27421011.27393	NC_012154.1	7874
SRR27421011.27738	NC_012154.1	23102
SRR27421011.27894	NC_012154.1	19037
SRR27421011.27915	NC_012154.1	16136
SRR27421011.27967	NC_012154.1	11027
SRR27421011.28099	NC_012154.1	10628
SRR27421011.28215	NC_012154.1	7415
SRR27421011.28746	NC_012154.1	7987
SRR27421011.28795	NC_012154.1	23112
SRR27421011.29142	NC_012154.1	13671
SRR27421011.29470	NC_012154.1	10778
SRR27421011.29516	NC_012154.1	35225
SRR27421011.30278	NC_012154.1	8016
SRR27421011.30329	NC_012154.1	21762
SRR27421011.17	NC_012154.1	32122
SRR27421011.94	NC_012154.1	32535
SRR27421011.246	NC_012154.1	17864
SRR27421011.292	NC_012154.1	31392
SRR27421011.348	NC_012154.1	15592
SRR27421011.374	NC_012154.1	32737
SRR27421011.482	NC_012154.1	50251
SRR27421011.537	NC_012154.1	32998
SRR27421011.548	NC_012154.1	10052
SRR27421011.638	NC_012154.1	9414
SRR27421011.709	NC_012154.1	27225
SRR27421011.749	NC_012154.1	32278
SRR27421011.793	NC_012154.1	27717
SRR27421011.856	NC_012154.1	38890
SRR27421011.938	NC_012154.1	15627
SRR27421011.941	NC_012154.1	21630
SRR27421011.1002	NC_012154.1	9855
SRR27421011.1095	NC_012154.1	31827
SRR27421011.1281	NC_012154.1	43892
SRR27421011.1365	NC_012154.1	29497
SRR27421011.1379	NC_012154.1	10329
SRR27421011.1412	NC_012154.1	9692
SRR27421011.1646	NC_012154.1	31722
SRR27421011.1678	NC_012154.1	32607
SRR27421011.1800	NC_012154.1	31223
SRR27421011.2702	NC_012154.1	12990
SRR27421011.2835	NC_012154.1	20523
SRR27421011.2954	NC_012154.1	31970
SRR27421011.3236	NC_012154.1	27863
SRR27421011.3429	NC_012154.1	32323
SRR27421011.4245	NC_012154.1	10143
SRR27421011.4344	NC_012154.1	13402
SRR27421011.4399	NC_012154.1	12296
SRR27421011.4415	NC_012154.1	11193
SRR27421011.4563	NC_012154.1	13085
SRR27421011.4627	NC_012154.1	11023
SRR27421011.4760	NC_012154.1	8787
SRR27421011.4769	NC_012154.1	11706
SRR27421011.4964	NC_012154.1	13542
SRR27421011.5408	NC_012154.1	11387
SRR27421011.5639	NC_012154.1	14282
SRR27421011.5689	NC_012154.1	16014
SRR27421011.6154	NC_012154.1	18665
SRR27421011.6236	NC_012154.1	21384
SRR27421011.6293	NC_012154.1	20175
SRR27421011.6379	NC_012154.1	5737
SRR27421011.6428	NC_012154.1	31285
SRR27421011.6635	NC_012154.1	16107
SRR27421011.6768	NC_012154.1	31467
SRR27421011.6785	NC_012154.1	5276
SRR27421011.6879	NC_012154.1	5506
SRR27421011.7018	NC_012154.1	12848
SRR27421011.7040	NC_012154.1	10318
SRR27421011.7151	NC_012154.1	9970
SRR27421011.7249	NC_012154.1	5394
SRR27421011.7267	NC_012154.1	7485
SRR27421011.7501	NC_012154.1	10849
SRR27421011.7791	NC_012154.1	22111
SRR27421011.7799	NC_012154.1	8441
SRR27421011.7932	NC_012154.1	32440
SRR27421011.8269	NC_012154.1	17207
SRR27421011.8293	NC_012154.1	31449
SRR27421011.8295	NC_012154.1	31453
SRR27421011.8709	NC_012154.1	15687
SRR27421011.9307	NC_012154.1	31098
SRR27421011.9454	NC_012154.1	32455
SRR27421011.9482	NC_012154.1	21743
SRR27421011.9757	NC_012154.1	18025
SRR27421011.10114	NC_012154.1	9359
SRR27421011.10243	NC_012154.1	62655
SRR27421011.10335	NC_012154.1	23371
SRR27421011.11035	NC_012154.1	10175
SRR27421011.11155	NC_012154.1	12398
SRR27421011.11182	NC_012154.1	20639
SRR27421011.11301	NC_012154.1	11220
SRR27421011.11394	NC_012154.1	21340
SRR27421011.12037	NC_012154.1	31674
SRR27421011.12136	NC_012154.1	53186
SRR27421011.12192	NC_012154.1	36657
SRR27421011.12357	NC_012154.1	31434
SRR27421011.12496	NC_012154.1	32294
SRR27421011.12647	NC_012154.1	9192
SRR27421011.12816	NC_012154.1	8610
SRR27421011.12881	NC_012154.1	33081
SRR27421011.12913	NC_012154.1	31957
SRR27421011.12933	NC_012154.1	22731
SRR27421011.12978	NC_012154.1	32500
SRR27421011.13113	NC_012154.1	6579
SRR27421011.13187	NC_012154.1	14661
SRR27421011.13234	NC_012154.1	7201
SRR27421011.13290	NC_012154.1	22975
SRR27421011.13578	NC_012154.1	7552
SRR27421011.13581	NC_012154.1	38065
SRR27421011.13616	NC_012154.1	7334
SRR27421011.13627	NC_012154.1	6364
SRR27421011.13652	NC_012154.1	11578
SRR27421011.13678	NC_012154.1	31840
SRR27421011.14103	NC_012154.1	28930
SRR27421011.14185	NC_012154.1	9901
SRR27421011.14265	NC_012154.1	14856
SRR27421011.14333	NC_012154.1	17387
SRR27421011.14401	NC_012154.1	6233
SRR27421011.14486	NC_012154.1	10998
SRR27421011.14604	NC_012154.1	31880
SRR27421011.14616	NC_012154.1	12897
SRR27421011.14647	NC_012154.1	14283
SRR27421011.15300	NC_012154.1	16622
SRR27421011.15846	NC_012154.1	13555
SRR27421011.15909	NC_012154.1	29644
SRR27421011.15979	NC_012154.1	15614
SRR27421011.16730	NC_012154.1	6883
SRR27421011.16733	NC_012154.1	8894
SRR27421011.16950	NC_012154.1	8428
SRR27421011.17289	NC_012154.1	9037
SRR27421011.17305	NC_012154.1	14321
SRR27421011.17483	NC_012154.1	18916
SRR27421011.17518	NC_012154.1	15766
SRR27421011.17615	NC_012154.1	31747
SRR27421011.17778	NC_012154.1	10936
SRR27421011.18051	NC_012154.1	31499
SRR27421011.18105	NC_012154.1	32038
SRR27421011.18354	NC_012154.1	9031
SRR27421011.18559	NC_012154.1	31927
SRR27421011.18669	NC_012154.1	8969
SRR27421011.18677	NC_012154.1	29017
SRR27421011.18907	NC_012154.1	7800
SRR27421011.18933	NC_012154.1	31548
SRR27421011.18998	NC_012154.1	22570
SRR27421011.19076	NC_012154.1	8765
SRR27421011.19156	NC_012154.1	13737
SRR27421011.19791	NC_012154.1	9561
SRR27421011.19942	NC_012154.1	21909
SRR27421011.20543	NC_012154.1	12652
SRR27421011.20646	NC_012154.1	30775
SRR27421011.21113	NC_012154.1	31467
SRR27421011.21274	NC_012154.1	7302
SRR27421011.21306	NC_012154.1	9441
SRR27421011.21359	NC_012154.1	31081
SRR27421011.21653	NC_012154.1	9653
SRR27421011.21717	NC_012154.1	11382
SRR27421011.22111	NC_012154.1	5282
SRR27421011.22456	NC_012154.1	32106
SRR27421011.22505	NC_012154.1	33220
SRR27421011.22681	NC_012154.1	18307
SRR27421011.22815	NC_012154.1	63251
SRR27421011.22836	NC_012154.1	9112
SRR27421011.22959	NC_012154.1	8375
SRR27421011.23054	NC_012154.1	11401
SRR27421011.23214	NC_012154.1	10925
SRR27421011.23277	NC_012154.1	10317
SRR27421011.23451	NC_012154.1	9613
SRR27421011.23459	NC_012154.1	5358
SRR27421011.23654	NC_012154.1	9316
SRR27421011.23964	NC_012154.1	9345
SRR27421011.24105	NC_012154.1	5895
SRR27421011.24240	NC_012154.1	11130
SRR27421011.24445	NC_012154.1	32316
SRR27421011.24647	NC_012154.1	12799
SRR27421011.24848	NC_012154.1	31442
SRR27421011.24993	NC_012154.1	31187
SRR27421011.25040	NC_012154.1	7602
SRR27421011.25072	NC_012154.1	33757
SRR27421011.25203	NC_012154.1	22758
SRR27421011.25292	NC_012154.1	6613
SRR27421011.25476	NC_012154.1	6494
SRR27421011.25547	NC_012154.1	5423
SRR27421011.25767	NC_012154.1	6134
SRR27421011.25919	NC_012154.1	8639
SRR27421011.26249	NC_012154.1	34441
SRR27421011.26624	NC_012154.1	24454
SRR27421011.26739	NC_012154.1	6056
SRR27421011.26909	NC_012154.1	40169
SRR27421011.27144	NC_012154.1	14038
SRR27421011.27389	NC_012154.1	7817
SRR27421011.27478	NC_012154.1	14613
SRR27421011.27555	NC_012154.1	9253
SRR27421011.27790	NC_012154.1	30852
SRR27421011.27849	NC_012154.1	8633
SRR27421011.27851	NC_012154.1	54438
SRR27421011.28439	NC_012154.1	31077
SRR27421011.28480	NC_012154.1	30023
SRR27421011.28489	NC_012154.1	12872
SRR27421011.28707	NC_012154.1	20002
SRR27421011.28744	NC_012154.1	49879
SRR27421011.29179	NC_012154.1	8995
SRR27421011.29295	NC_012154.1	61664
SRR27421011.29500	NC_012154.1	39750
SRR27421011.29631	NC_012154.1	13599
SRR27421011.29691	NC_012154.1	32794
SRR27421011.29806	NC_012154.1	8598
SRR27421011.29858	NC_012154.1	24760
SRR27421011.30380	NC_012154.1	31818
SRR27421011.1845	NC_012154.1	20810
SRR27421011.267	NC_012154.1	40475
SRR27421011.1080	NC_012154.1	31570
SRR27421011.7906	NC_012154.1	23166
SRR27421011.10595	NC_012154.1	11329
SRR27421011.10891	NC_012154.1	16008
SRR27421011.11782	NC_012154.1	13588
SRR27421011.14942	NC_012154.1	7728
SRR27421011.23380	NC_012154.1	16346
SRR27421011.29042	NC_012154.1	31393
SRR27421011.1244	NC_012154.1	39645
SRR27421011.10049	NC_012154.1	16034
SRR27421011.544	NC_012154.1	35649
SRR27421011.12208	NC_012154.1	17428
SRR27421011.15132	NC_012154.1	8428
SRR27421011.14143	NC_012154.1	13837
SRR27421011.23244	NC_012154.1	13671
SRR27421011.262	NC_012154.1	18152
SRR27421011.1257	NC_012154.1	32472
SRR27421011.16351	NC_012154.1	31745
SRR27421011.22848	NC_012154.1	33392
SRR27421011.24507	NC_012154.1	14422
SRR27421011.29576	NC_012154.1	34514
SRR27421011.1529	NC_012154.1	11793
SRR27421011.5376	NC_012154.1	14997
SRR27421011.20257	NC_012154.1	25259
SRR27421011.19698	NC_012154.1	19785
SRR27421011.200	NC_012154.1	31235
SRR27421011.29984	NC_012154.1	22961
SRR27421011.2069	NC_012154.1	31679
SRR27421011.9051	NC_012154.1	8716
SRR27421011.983	NC_012154.1	11946
SRR27421011.1003	NC_012154.1	29206
SRR27421011.12523	NC_012154.1	30430
SRR27421011.9379	NC_012154.1	31795
SRR27421011.22904	NC_012154.1	6706
SRR27421011.5951	NC_012154.1	17846
SRR27421011.10643	NC_012154.1	25532
SRR27421011.16887	NC_012154.1	10798
SRR27421011.7741	NC_012154.1	31090
SRR27421011.21152	NC_012154.1	30002
SRR27421011.1954	NC_012154.1	31044
SRR27421011.28956	NC_012154.1	6604
SRR27421011.5519	NC_012154.1	14224
SRR27421011.10090	NC_012154.1	12963
SRR27421011.27096	NC_012154.1	14239
SRR27421011.1118	NC_012154.1	26541
SRR27421011.21117	NC_012154.1	12981
SRR27421011.19248	NC_012154.1	31649
SRR27421011.22307	NC_012154.1	11826
SRR27421011.16217	NC_012154.1	7722
SRR27421011.6348	NC_012154.1	12884
SRR27421011.12649	NC_012154.1	5787
SRR27421011.12648	NC_012154.1	7482
SRR27421011.11355	NC_012154.1	11763
SRR27421011.14618	NC_012154.1	25076
SRR27421011.3769	NC_012154.1	7209
SRR27421011.10104	NC_012154.1	6530
SRR27421011.11176	NC_012154.1	29666
SRR27421011.13001	NC_012154.1	26897
SRR27421011.11464	NC_012154.1	9407
SRR27421011.23859	NC_012154.1	8574
SRR27421011.6502	NC_012154.1	10467
SRR27421011.7773	NC_012154.1	5847
SRR27421011.3697	NC_012154.1	28403
SRR27421011.12752	NC_012154.1	28697
SRR27421011.3899	NC_012154.1	7603
SRR27421011.19594	NC_012154.1	9575
SRR27421011.28543	NC_012154.1	31570
SRR27421011.5058	NC_012154.1	12067
SRR27421011.11578	NC_012154.1	5349
SRR27421011.8873	NC_012154.1	5194
SRR27421011.10941	NC_012154.1	23751
SRR27421011.23057	NC_012154.1	9888
SRR27421011.2413	NC_012154.1	11650
SRR27421011.15763	NC_012154.1	9472
SRR27421011.16327	NC_012154.1	26244
SRR27421011.1685	NC_012154.1	25569
SRR27421011.28804	NC_012154.1	13094
SRR27421011.15672	NC_012154.1	27982
SRR27421011.19529	NC_012154.1	8680
SRR27421011.17892	NC_012154.1	10959
SRR27421011.4162	NC_012154.1	10897
SRR27421011.16241	NC_012154.1	27282
SRR27421011.25718	NC_012154.1	19147
SRR27421011.12005	NC_012154.1	10774
SRR27421011.14818	NC_012154.1	31870
SRR27421011.1490	NC_012154.1	31615
SRR27421011.21921	NC_012154.1	14592
SRR27421011.4141	NC_012154.1	26256
SRR27421011.18082	NC_012154.1	36227
SRR27421011.3850	NC_012154.1	11822
SRR27421011.18383	NC_012154.1	37092
SRR27421011.10864	NC_012154.1	23228
SRR27421011.13657	NC_012154.1	32127
SRR27421011.3111	NC_012154.1	14149
SRR27421011.6199	NC_012154.1	16770
SRR27421011.255	NC_012154.1	12100
SRR27421011.21228	NC_012154.1	21960
SRR27421011.1777	NC_012154.1	31810
SRR27421011.26545	NC_012154.1	8624
SRR27421011.19725	NC_012154.1	26854
SRR27421011.29166	NC_012154.1	23318
SRR27421011.25526	NC_012154.1	6076
SRR27421011.24288	NC_012154.1	26050
SRR27421011.14991	NC_012154.1	10855
SRR27421011.1141	NC_012154.1	5158
SRR27421011.8171	NC_012154.1	5900
SRR27421011.2514	NC_012154.1	7342
SRR27421011.12573	NC_012154.1	28111
SRR27421011.13105	NC_012154.1	8765
SRR27421011.25748	NC_012154.1	28214
SRR27421011.2358	NC_012154.1	27046
SRR27421011.28497	NC_012154.1	24650
SRR27421011.674	NC_012154.1	31580
SRR27421011.20741	NC_012154.1	16944
SRR27421011.13293	NC_012154.1	18278
SRR27421011.22898	NC_012154.1	8394
SRR27421011.10596	NC_012154.1	10824
SRR27421011.11186	NC_012154.1	25056
SRR27421011.26221	NC_012154.1	31734
SRR27421011.27297	NC_012154.1	11208
SRR27421011.25730	NC_012154.1	30694
SRR27421011.571	NC_012154.1	24010
SRR27421011.28981	NC_012154.1	7472
SRR27421011.17277	NC_012154.1	30465
SRR27421011.28051	NC_012154.1	14571
SRR27421011.1726	NC_012154.1	6158
SRR27421011.2480	NC_012154.1	31210
SRR27421011.916	NC_012154.1	5324
SRR27421011.10155	NC_012154.1	10197
SRR27421011.8574	NC_012154.1	27088
SRR27421011.18603	NC_012154.1	6597
SRR27421011.7783	NC_012154.1	25565
SRR27421011.6152	NC_012154.1	9636
SRR27421011.20437	NC_012154.1	10949
SRR27421011.27565	NC_012154.1	32108
SRR27421011.18955	NC_012154.1	10539
SRR27421011.9013	NC_012154.1	29709
SRR27421011.2930	NC_012154.1	9223
SRR27421011.11454	NC_012154.1	7928
SRR27421011.14072	NC_012154.1	34479
SRR27421011.16648	NC_012154.1	6057
SRR27421011.8734	NC_012154.1	31657
SRR27421011.2267	NC_012154.1	5493
SRR27421011.183	NC_012154.1	12569
SRR27421011.10310	NC_012154.1	32168
SRR27421011.368	NC_012154.1	28389
SRR27421011.23501	NC_012154.1	12655
SRR27421011.10378	NC_012154.1	25777
SRR27421011.24615	NC_012154.1	25181
SRR27421011.26294	NC_012154.1	63745
SRR27421011.12316	NC_012154.1	7845
SRR27421011.5970	NC_012154.1	9386
SRR27421011.25644	NC_012154.1	5144
SRR27421011.14307	NC_012154.1	9534
SRR27421011.16570	NC_012154.1	6498
SRR27421011.12225	NC_012154.1	34817
SRR27421011.22679	NC_012154.1	37196
SRR27421011.24698	NC_012154.1	32695
SRR27421011.8040	NC_012154.1	11270
SRR27421011.30368	NC_012154.1	18309
SRR27421011.9403	NC_012154.1	5710
SRR27421011.20648	NC_012154.1	12979
SRR27421011.21672	NC_012154.1	11018
SRR27421011.27930	NC_012154.1	22208
SRR27421011.2022	NC_012154.1	37942
SRR27421011.24110	NC_012154.1	7483
SRR27421011.2262	NC_012154.1	11398
SRR27421011.14977	NC_012154.1	16060
SRR27421011.11803	NC_012154.1	12122
SRR27421011.536	NC_012154.1	13021
SRR27421011.20482	NC_012154.1	9963
SRR27421011.654	NC_012154.1	13012
SRR27421011.28910	NC_012154.1	18147
SRR27421011.27567	NC_012154.1	31803
SRR27421011.25851	NC_012154.1	13851
SRR27421011.10344	NC_012154.1	7209
SRR27421011.17863	NC_012154.1	8937
SRR27421011.9175	NC_012154.1	7152
SRR27421011.26240	NC_012154.1	19613
SRR27421011.8345	NC_012154.1	43753
SRR27421011.16242	NC_012154.1	21849
SRR27421011.2142	NC_012154.1	8212
SRR27421011.1621	NC_012154.1	28481
SRR27421011.19639	NC_012154.1	16090
SRR27421011.25461	NC_012154.1	25949
SRR27421011.168	NC_012154.1	9562
SRR27421011.19581	NC_012154.1	8692
SRR27421011.5462	NC_012154.1	16567
SRR27421011.12503	NC_012154.1	10577
SRR27421011.4543	NC_012154.1	10340
SRR27421011.24930	NC_012154.1	8559
SRR27421011.11112	NC_012154.1	5901
SRR27421011.2511	NC_012154.1	6628
SRR27421011.15805	NC_012154.1	7713
SRR27421011.12333	NC_012154.1	6535
SRR27421011.16166	NC_012154.1	6286
SRR27421011.107	NC_012154.1	32970
SRR27421011.24753	NC_012154.1	8471
SRR27421011.7960	NC_012154.1	30990
SRR27421011.11172	NC_012154.1	13015
SRR27421011.30114	NC_012154.1	5137
SRR27421011.4742	NC_012154.1	5538
SRR27421011.3313	NC_012154.1	32577
SRR27421011.23955	NC_012154.1	19368
SRR27421011.14200	NC_012154.1	9334
SRR27421011.5613	NC_012154.1	23906
SRR27421011.22546	NC_012154.1	8179
SRR27421011.28396	NC_012154.1	26203
SRR27421011.20753	NC_012154.1	13236
SRR27421011.30132	NC_012154.1	12443
SRR27421011.29313	NC_012154.1	31949
SRR27421011.5194	NC_012154.1	30659
SRR27421011.13208	NC_012154.1	13381
SRR27421011.21748	NC_012154.1	18039
SRR27421011.25327	NC_012154.1	20644
SRR27421011.13753	NC_012154.1	25479
SRR27421011.26866	NC_012154.1	34587
SRR27421011.12277	NC_012154.1	31279
SRR27421011.19	NC_012154.1	7412
SRR27421011.3465	NC_012154.1	9349
SRR27421011.10252	NC_012154.1	6665
SRR27421011.10949	NC_012154.1	6063
SRR27421011.6979	NC_012154.1	20394
SRR27421011.13788	NC_012154.1	32496
SRR27421011.15879	NC_012154.1	19202
SRR27421011.14030	NC_012154.1	23255
SRR27421011.18233	NC_012154.1	25747
SRR27421011.18234	NC_012154.1	25725
SRR27421011.3790	NC_012154.1	27092
SRR27421011.21268	NC_012154.1	6039
SRR27421011.1791	NC_012154.1	33109
SRR27421011.21998	NC_012154.1	26238
SRR27421011.27948	NC_012154.1	14533
SRR27421011.6475	NC_012154.1	29253
SRR27421011.22522	NC_012154.1	21411
SRR27421011.8621	NC_012154.1	29991
SRR27421011.11656	NC_012154.1	24039
SRR27421011.29886	NC_012154.1	17826
SRR27421011.5533	NC_012154.1	17023
SRR27421011.9239	NC_012154.1	18494
SRR27421011.22021	NC_012154.1	13499
SRR27421011.6141	NC_012154.1	8266
SRR27421011.21668	NC_012154.1	31910
SRR27421011.27730	NC_012154.1	29809
SRR27421011.8959	NC_012154.1	24267
SRR27421011.24663	NC_012154.1	46026
SRR27421011.3892	NC_012154.1	8695
SRR27421011.17155	NC_012154.1	9038
SRR27421011.10771	NC_012154.1	14451
SRR27421011.25815	NC_012154.1	30555
SRR27421011.442	NC_012154.1	11185
SRR27421011.18190	NC_012154.1	31904
SRR27421011.23746	NC_012154.1	10014
SRR27421011.21899	NC_012154.1	24705
SRR27421011.30281	NC_012154.1	16556
SRR27421011.26800	NC_012154.1	23466
SRR27421011.4032	NC_012154.1	6876
SRR27421011.16979	NC_012154.1	11850
SRR27421011.24113	NC_012154.1	23417
SRR27421011.15426	NC_012154.1	12945
SRR27421011.3803	NC_012154.1	23377
SRR27421011.9733	NC_012154.1	11936
SRR27421011.7145	NC_012154.1	7808
SRR27421011.20337	NC_012154.1	6185
SRR27421011.20461	NC_012154.1	23594
SRR27421011.11611	NC_012154.1	9967
SRR27421011.24444	NC_012154.1	8580
SRR27421011.2545	NC_012154.1	5685
SRR27421011.9847	NC_012154.1	6901
SRR27421011.14069	NC_012154.1	30409
SRR27421011.15096	NC_012154.1	16875
SRR27421011.18504	NC_012154.1	9290
SRR27421011.15092	NC_012154.1	9512
SRR27421011.12439	NC_012154.1	31731
SRR27421011.18689	NC_012154.1	31755
SRR27421011.3766	NC_012154.1	18288
SRR27421011.15951	NC_012154.1	33195
SRR27421011.2462	NC_012154.1	5474
SRR27421011.16104	NC_012154.1	7585
SRR27421011.12973	NC_012154.1	12303
SRR27421011.1551	NC_012154.1	23118
SRR27421011.4033	NC_012154.1	5635
SRR27421011.6290	NC_012154.1	23301
SRR27421011.10841	NC_012154.1	23048
SRR27421011.9909	NC_012154.1	7125
SRR27421011.17948	NC_012154.1	6599
SRR27421011.27831	NC_012154.1	12709
SRR27421011.27062	NC_012154.1	23200
SRR27421011.14319	NC_012154.1	6336
SRR27421011.26776	NC_012154.1	26042
SRR27421011.1658	NC_012154.1	31726
SRR27421011.2491	NC_012154.1	18197
SRR27421011.23786	NC_012154.1	15091
SRR27421011.8065	NC_012154.1	11318
SRR27421011.6270	NC_012154.1	16002
SRR27421011.6474	NC_012154.1	16003
SRR27421011.1855	NC_012154.1	21615
SRR27421011.6713	NC_012154.1	13229
SRR27421011.12484	NC_012154.1	9793
SRR27421011.24146	NC_012154.1	8547
SRR27421011.25694	NC_012154.1	18208
SRR27421011.12397	NC_012154.1	25945
SRR27421011.26828	NC_012154.1	23058
SRR27421011.13620	NC_012154.1	5417
SRR27421011.27251	NC_012154.1	14762
SRR27421011.12115	NC_012154.1	28066
SRR27421011.8623	NC_012154.1	22586
SRR27421011.11431	NC_012154.1	15845
SRR27421011.9058	NC_012154.1	25471
SRR27421011.10645	NC_012154.1	25513
SRR27421011.26287	NC_012154.1	17546
SRR27421011.17698	NC_012154.1	10668
SRR27421011.24500	NC_012154.1	10817
SRR27421011.23414	NC_012154.1	15898
SRR27421011.18043	NC_012154.1	11481
SRR27421011.9959	NC_012154.1	11982
SRR27421011.6435	NC_012154.1	32391
SRR27421011.18450	NC_012154.1	11495
SRR27421011.11684	NC_012154.1	13556
SRR27421011.500	NC_012154.1	22862
SRR27421011.6433	NC_012154.1	14169
SRR27421011.5180	NC_012154.1	13671
SRR27421011.29690	NC_012154.1	8349
SRR27421011.7915	NC_012154.1	21274
SRR27421011.25634	NC_012154.1	25939
SRR27421011.20951	NC_012154.1	5728
SRR27421011.119	NC_012154.1	9144
SRR27421011.27943	NC_012154.1	6585
SRR27421011.21070	NC_012154.1	29829
SRR27421011.1841	NC_012154.1	31831
SRR27421011.12668	NC_012154.1	12401
SRR27421011.28715	NC_012154.1	28632
SRR27421011.3936	NC_012154.1	6069
SRR27421011.10263	NC_012154.1	17631
SRR27421011.15273	NC_012154.1	22393
SRR27421011.1558	NC_012154.1	6407
SRR27421011.14567	NC_012154.1	24660
SRR27421011.9424	NC_012154.1	31708
SRR27421011.12832	NC_012154.1	23597
SRR27421011.26951	NC_012154.1	18037
SRR27421011.26935	NC_012154.1	19999
SRR27421011.4859	NC_012154.1	26853
SRR27421011.12139	NC_012154.1	16748
SRR27421011.27569	NC_012154.1	19449
SRR27421011.23614	NC_012154.1	5474
SRR27421011.3771	NC_012154.1	12963
SRR27421011.18067	NC_012154.1	7891
SRR27421011.9812	NC_012154.1	5615
SRR27421011.15240	NC_012154.1	8143
SRR27421011.14694	NC_012154.1	31372
SRR27421011.308	NC_012154.1	11834
SRR27421011.16720	NC_012154.1	6915
SRR27421011.14359	NC_012154.1	8243
SRR27421011.5289	NC_012154.1	5096
SRR27421011.19522	NC_012154.1	6619
SRR27421011.24195	NC_012154.1	31094
SRR27421011.4094	NC_012154.1	24371
SRR27421011.28778	NC_012154.1	9097
SRR27421011.15517	NC_012154.1	24289
SRR27421011.30062	NC_012154.1	19706
SRR27421011.20350	NC_012154.1	6464
SRR27421011.7378	NC_012154.1	13113
SRR27421011.4973	NC_012154.1	7493
SRR27421011.24099	NC_012154.1	27428
SRR27421011.9333	NC_012154.1	5073
SRR27421011.22723	NC_012154.1	8043
SRR27421011.9446	NC_012154.1	5040
SRR27421011.12120	NC_012154.1	5205
SRR27421011.20544	NC_012154.1	7886
SRR27421011.5583	NC_012154.1	5549
SRR27421011.11565	NC_012154.1	5707
SRR27421011.6268	NC_012154.1	6433
SRR27421011.20087	NC_012154.1	24553
SRR27421011.10917	NC_012154.1	8176
SRR27421011.11312	NC_012154.1	7584
SRR27421011.13808	NC_012154.1	16015
SRR27421011.16729	NC_012154.1	6983
SRR27421011.3708	NC_012154.1	21727
SRR27421011.26708	NC_012154.1	21154
SRR27421011.24056	NC_012154.1	24382
SRR27421011.29122	NC_012154.1	33197
SRR27421011.22153	NC_012154.1	31259
SRR27421011.6654	NC_012154.1	23565
SRR27421011.7036	NC_012154.1	31579
SRR27421011.22753	NC_012154.1	8033
SRR27421011.26499	NC_012154.1	21604
SRR27421011.22558	NC_012154.1	25192
SRR27421011.1392	NC_012154.1	9873
SRR27421011.5540	NC_012154.1	31312
SRR27421011.14820	NC_012154.1	12404
SRR27421011.20353	NC_012154.1	6902
SRR27421011.15053	NC_012154.1	16446
SRR27421011.23496	NC_012154.1	5133
SRR27421011.182	NC_012154.1	40322
SRR27421011.16356	NC_012154.1	21382
SRR27421011.22705	NC_012154.1	31328
SRR27421011.6794	NC_012154.1	12798
SRR27421011.17294	NC_012154.1	27728
SRR27421011.18908	NC_012154.1	8463
SRR27421011.27638	NC_012154.1	6842
SRR27421011.24572	NC_012154.1	17672
SRR27421011.26994	NC_012154.1	36850
SRR27421011.21549	NC_012154.1	25021
SRR27421011.24616	NC_012154.1	9681
SRR27421011.27731	NC_012154.1	32504
SRR27421011.736	NC_012154.1	31520
SRR27421011.598	NC_012154.1	9918
SRR27421011.22690	NC_012154.1	31166
SRR27421011.808	NC_012154.1	11290
SRR27421011.440	NC_012154.1	11346
SRR27421011.4242	NC_012154.1	22368
SRR27421011.19568	NC_012154.1	8292
SRR27421011.16981	NC_012154.1	15972
SRR27421011.11869	NC_012154.1	29658
SRR27421011.760	NC_012154.1	32261
SRR27421011.9632	NC_012154.1	13280
SRR27421011.13927	NC_012154.1	9029
SRR27421011.319	NC_012154.1	6992
SRR27421011.30081	NC_012154.1	19483
SRR27421011.6618	NC_012154.1	15039
SRR27421011.18633	NC_012154.1	19531
SRR27421011.16988	NC_012154.1	6003
SRR27421011.16955	NC_012154.1	6589
SRR27421011.28341	NC_012154.1	19743
SRR27421011.9493	NC_012154.1	17987
SRR27421011.4083	NC_012154.1	22235
SRR27421011.903	NC_012154.1	41981
SRR27421011.24381	NC_012154.1	10744
SRR27421011.26428	NC_012154.1	6757
SRR27421011.854	NC_012154.1	20711
SRR27421011.19755	NC_012154.1	5004
SRR27421011.27213	NC_012154.1	6379
SRR27421011.27473	NC_012154.1	10601
SRR27421011.9961	NC_012154.1	7150
SRR27421011.19226	NC_012154.1	5323
SRR27421011.794	NC_012154.1	32669
SRR27421011.6905	NC_012154.1	30088
SRR27421011.18518	NC_012154.1	14475
SRR27421011.20249	NC_012154.1	20848
SRR27421011.305	NC_012154.1	33264
SRR27421011.1893	NC_012154.1	30642
SRR27421011.26290	NC_012154.1	17360
SRR27421011.12089	NC_012154.1	9909
SRR27421011.6761	NC_012154.1	31377
SRR27421011.131	NC_012154.1	9587
SRR27421011.26225	NC_012154.1	9203
SRR27421011.21321	NC_012154.1	22909
SRR27421011.7154	NC_012154.1	7584
SRR27421011.30167	NC_012154.1	17976
SRR27421011.13400	NC_012154.1	7519
SRR27421011.1962	NC_012154.1	30613
SRR27421011.14805	NC_012154.1	32845
SRR27421011.1275	NC_012154.1	24006
SRR27421011.21962	NC_012154.1	28258
SRR27421011.12957	NC_012154.1	8620
SRR27421011.16211	NC_012154.1	12631
SRR27421011.6291	NC_012154.1	5525
SRR27421011.12532	NC_012154.1	10008
SRR27421011.21884	NC_012154.1	10520
SRR27421011.22774	NC_012154.1	22384
SRR27421011.27817	NC_012154.1	10432
SRR27421011.15991	NC_012154.1	7250
SRR27421011.1405	NC_012154.1	41175
SRR27421011.16467	NC_012154.1	21313
SRR27421011.26040	NC_012154.1	11541
SRR27421011.10741	NC_012154.1	24610
SRR27421011.16459	NC_012154.1	19899
SRR27421011.6856	NC_012154.1	5818
SRR27421011.16154	NC_012154.1	7609
SRR27421011.7414	NC_012154.1	29595
SRR27421011.26100	NC_012154.1	11050
SRR27421011.6711	NC_012154.1	15629
SRR27421011.6097	NC_012154.1	19931
SRR27421011.663	NC_012154.1	38109
SRR27421011.15989	NC_012154.1	13356
SRR27421011.24212	NC_012154.1	8828
SRR27421011.14858	NC_012154.1	23936
SRR27421011.13626	NC_012154.1	23134
SRR27421011.18711	NC_012154.1	32930
SRR27421011.28664	NC_012154.1	32476
SRR27421011.7137	NC_012154.1	24727
SRR27421011.4741	NC_012154.1	9162
SRR27421011.8929	NC_012154.1	20141
SRR27421011.12927	NC_012154.1	25091
SRR27421011.19836	NC_012154.1	27598
SRR27421011.19462	NC_012154.1	21075
SRR27421011.1340	NC_012154.1	21247
SRR27421011.12105	NC_012154.1	14649
SRR27421011.25496	NC_012154.1	12449
SRR27421011.29498	NC_012154.1	5372
SRR27421011.10383	NC_012154.1	20470
SRR27421011.25373	NC_012154.1	11510
SRR27421011.13409	NC_012154.1	16144
SRR27421011.13755	NC_012154.1	19109
SRR27421011.20545	NC_012154.1	24978
SRR27421011.6001	NC_012154.1	10281
SRR27421011.9140	NC_012154.1	5237
SRR27421011.14135	NC_012154.1	23338
SRR27421011.9765	NC_012154.1	15107
SRR27421011.21737	NC_012154.1	5468
SRR27421011.13608	NC_012154.1	6825
SRR27421011.12390	NC_012154.1	17589
SRR27421011.14232	NC_012154.1	26549
SRR27421011.15892	NC_012154.1	23817
SRR27421011.21682	NC_012154.1	15259
SRR27421011.20366	NC_012154.1	13591
SRR27421011.21930	NC_012154.1	8799
SRR27421011.4398	NC_012154.1	25783
SRR27421011.13586	NC_012154.1	23055
SRR27421011.11862	NC_012154.1	12117
SRR27421011.21741	NC_012154.1	21141
SRR27421011.26371	NC_012154.1	10666
SRR27421011.13418	NC_012154.1	30224
SRR27421011.25101	NC_012154.1	31304
SRR27421011.26310	NC_012154.1	14330
SRR27421011.28085	NC_012154.1	11044
SRR27421011.9758	NC_012154.1	20815
SRR27421011.24961	NC_012154.1	26821
SRR27421011.814	NC_012154.1	5173
SRR27421011.24617	NC_012154.1	22470
SRR27421011.22741	NC_012154.1	10892
SRR27421011.27313	NC_012154.1	19986
SRR27421011.15138	NC_012154.1	18951
SRR27421011.14255	NC_012154.1	8068
SRR27421011.24661	NC_012154.1	11973
SRR27421011.8667	NC_012154.1	7589
SRR27421011.27042	NC_012154.1	30295
SRR27421011.2632	NC_012154.1	5641
SRR27421011.7417	NC_012154.1	5135
SRR27421011.1266	NC_012154.1	11929
SRR27421011.17604	NC_012154.1	14903
SRR27421011.6805	NC_012154.1	26170
SRR27421011.3026	NC_012154.1	12579
SRR27421011.705	NC_012154.1	32538
SRR27421011.21641	NC_012154.1	7170
SRR27421011.5359	NC_012154.1	24141
SRR27421011.22876	NC_012154.1	11995
SRR27421011.10404	NC_012154.1	9542
SRR27421011.5534	NC_012154.1	5611
SRR27421011.2131	NC_012154.1	21713
SRR27421011.330	NC_012154.1	12172
SRR27421011.166	NC_012154.1	19861
SRR27421011.19800	NC_012154.1	5575
SRR27421011.20944	NC_012154.1	23471
SRR27421011.15355	NC_012154.1	6191
SRR27421011.16462	NC_012154.1	5477
SRR27421011.15970	NC_012154.1	5535
SRR27421011.28666	NC_012154.1	15046
SRR27421011.2157	NC_012154.1	6114
SRR27421011.20237	NC_012154.1	6327
SRR27421011.28318	NC_012154.1	6303
SRR27421011.7637	NC_012154.1	9723
SRR27421011.920	NC_012154.1	36437
SRR27421011.21583	NC_012154.1	7605
SRR27421011.13243	NC_012154.1	37817
SRR27421011.13327	NC_012154.1	37909
SRR27421011.24878	NC_012154.1	21876
SRR27421011.22002	NC_012154.1	15898
SRR27421011.29299	NC_012154.1	18290
SRR27421011.20241	NC_012154.1	9823
SRR27421011.14639	NC_012154.1	7746
SRR27421011.16643	NC_012154.1	24397
SRR27421011.24512	NC_012154.1	8351
SRR27421011.23235	NC_012154.1	31756
SRR27421011.6376	NC_012154.1	18004
SRR27421011.467	NC_012154.1	12103
SRR27421011.4936	NC_012154.1	6495
SRR27421011.13703	NC_012154.1	40953
SRR27421011.6777	NC_012154.1	31259
SRR27421011.2603	NC_012154.1	10719
SRR27421011.27114	NC_012154.1	17935
SRR27421011.3251	NC_012154.1	22477
SRR27421011.20536	NC_012154.1	6132
SRR27421011.15503	NC_012154.1	24931
SRR27421011.15072	NC_012154.1	30091
SRR27421011.13002	NC_012154.1	18782
SRR27421011.28843	NC_012154.1	33044
SRR27421011.6503	NC_012154.1	17804
SRR27421011.6314	NC_012154.1	31622
SRR27421011.15486	NC_012154.1	14738
SRR27421011.18262	NC_012154.1	48795
SRR27421011.18298	NC_012154.1	8545
SRR27421011.15813	NC_012154.1	7415
SRR27421011.10929	NC_012154.1	21299
SRR27421011.9703	NC_012154.1	7978
SRR27421011.28636	NC_012154.1	19189
SRR27421011.6922	NC_012154.1	20736
SRR27421011.19184	NC_012154.1	7948
SRR27421011.30226	NC_012154.1	18975
SRR27421011.13973	NC_012154.1	16085
SRR27421011.28991	NC_012154.1	25648
SRR27421011.3025	NC_012154.1	20850
SRR27421011.4535	NC_012154.1	17175
SRR27421011.9033	NC_012154.1	18447
SRR27421011.1267	NC_012154.1	9227
SRR27421011.15695	NC_012154.1	31410
SRR27421011.22309	NC_012154.1	22060
SRR27421011.3952	NC_012154.1	29072
SRR27421011.17740	NC_012154.1	5125
SRR27421011.9993	NC_012154.1	13376
SRR27421011.6051	NC_012154.1	21967
SRR27421011.19341	NC_012154.1	10128
SRR27421011.1778	NC_012154.1	5330
SRR27421011.27450	NC_012154.1	12637
SRR27421011.1591	NC_012154.1	21202
SRR27421011.12229	NC_012154.1	7793
SRR27421011.12260	NC_012154.1	7628
SRR27421011.21236	NC_012154.1	13281
SRR27421011.8264	NC_012154.1	19004
SRR27421011.28033	NC_012154.1	19165
SRR27421011.20875	NC_012154.1	7067
SRR27421011.8286	NC_012154.1	16643
SRR27421011.3225	NC_012154.1	19309
SRR27421011.10064	NC_012154.1	9633
SRR27421011.2065	NC_012154.1	20130
SRR27421011.23250	NC_012154.1	20732
SRR27421011.3114	NC_012154.1	17819
SRR27421011.8735	NC_012154.1	6748
SRR27421011.21566	NC_012154.1	23844
SRR27421011.27756	NC_012154.1	6979
SRR27421011.5370	NC_012154.1	8664
SRR27421011.27343	NC_012154.1	18576
SRR27421011.5227	NC_012154.1	20926
SRR27421011.24337	NC_012154.1	27053
SRR27421011.3720	NC_012154.1	34907
SRR27421011.4580	NC_012154.1	20300
SRR27421011.3461	NC_012154.1	11667
SRR27421011.27956	NC_012154.1	12907
SRR27421011.26331	NC_012154.1	31125
SRR27421011.14314	NC_012154.1	21133
SRR27421011.21620	NC_012154.1	8042
SRR27421011.21650	NC_012154.1	22420
SRR27421011.20848	NC_012154.1	31924
SRR27421011.18909	NC_012154.1	10820
SRR27421011.25206	NC_012154.1	20084
SRR27421011.15243	NC_012154.1	5189
SRR27421011.22465	NC_012154.1	19377
SRR27421011.9177	NC_012154.1	16121
SRR27421011.2623	NC_012154.1	7439
SRR27421011.4990	NC_012154.1	8641
SRR27421011.3550	NC_012154.1	5119
SRR27421011.14718	NC_012154.1	26367
SRR27421011.25679	NC_012154.1	14268
SRR27421011.12181	NC_012154.1	21014
SRR27421011.19666	NC_012154.1	15144
SRR27421011.23915	NC_012154.1	16867
SRR27421011.358	NC_012154.1	14234
SRR27421011.16859	NC_012154.1	17104
SRR27421011.23026	NC_012154.1	15211
SRR27421011.21017	NC_012154.1	10235
SRR27421011.18804	NC_012154.1	18432
SRR27421011.13683	NC_012154.1	32320
SRR27421011.12062	NC_012154.1	31267
SRR27421011.27282	NC_012154.1	30940
SRR27421011.4255	NC_012154.1	19655
SRR27421011.5525	NC_012154.1	10084
SRR27421011.9775	NC_012154.1	5424
SRR27421011.28660	NC_012154.1	15583
SRR27421011.24369	NC_012154.1	17259
SRR27421011.26706	NC_012154.1	7273
SRR27421011.13539	NC_012154.1	31685
SRR27421011.15399	NC_012154.1	7898
SRR27421011.1502	NC_012154.1	15265
SRR27421011.13897	NC_012154.1	23762
SRR27421011.7638	NC_012154.1	18553
SRR27421011.25976	NC_012154.1	19935
SRR27421011.2923	NC_012154.1	11641
SRR27421011.30164	NC_012154.1	5589
SRR27421011.25706	NC_012154.1	15240
SRR27421011.29871	NC_012154.1	9488
SRR27421011.23347	NC_012154.1	6950
SRR27421011.20535	NC_012154.1	18506
SRR27421011.26911	NC_012154.1	12432
SRR27421011.27490	NC_012154.1	24988
SRR27421011.5649	NC_012154.1	25667
SRR27421011.22923	NC_012154.1	15364
SRR27421011.11151	NC_012154.1	20677
SRR27421011.12494	NC_012154.1	9881
SRR27421011.10410	NC_012154.1	21720
SRR27421011.18120	NC_012154.1	17394
SRR27421011.6938	NC_012154.1	6345
SRR27421011.4077	NC_012154.1	5215
SRR27421011.15391	NC_012154.1	8473
SRR27421011.14704	NC_012154.1	21072
SRR27421011.6150	NC_012154.1	5887
SRR27421011.15774	NC_012154.1	16097
SRR27421011.16825	NC_012154.1	16755
SRR27421011.5898	NC_012154.1	32414
SRR27421011.14150	NC_012154.1	21523
SRR27421011.18479	NC_012154.1	5648
SRR27421011.1453	NC_012154.1	19712
SRR27421011.8967	NC_012154.1	31624
SRR27421011.4494	NC_012154.1	16100
SRR27421011.20114	NC_012154.1	12980
SRR27421011.10446	NC_012154.1	16037
SRR27421011.19119	NC_012154.1	14964
SRR27421011.18027	NC_012154.1	15933
SRR27421011.27784	NC_012154.1	7688
SRR27421011.12761	NC_012154.1	28312
SRR27421011.26471	NC_012154.1	16134
SRR27421011.809	NC_012154.1	9748
SRR27421011.13115	NC_012154.1	15671
SRR27421011.2443	NC_012154.1	25606
SRR27421011.16399	NC_012154.1	7551
SRR27421011.2313	NC_012154.1	16763
SRR27421011.2864	NC_012154.1	9180
SRR27421011.12432	NC_012154.1	5728
SRR27421011.746	NC_012154.1	17764
SRR27421011.2247	NC_012154.1	13372
SRR27421011.29100	NC_012154.1	14222
SRR27421011.6636	NC_012154.1	15988
SRR27421011.25380	NC_012154.1	7395
SRR27421011.6999	NC_012154.1	8575
SRR27421011.16179	NC_012154.1	14339
SRR27421011.15652	NC_012154.1	8631
SRR27421011.234	NC_012154.1	5954
SRR27421011.29211	NC_012154.1	31379
SRR27421011.161	NC_012154.1	27873
SRR27421011.12694	NC_012154.1	10278
SRR27421011.19075	NC_012154.1	17841
SRR27421011.15565	NC_012154.1	10869
SRR27421011.19744	NC_012154.1	6810
SRR27421011.9905	NC_012154.1	15138
SRR27421011.28417	NC_012154.1	19112
SRR27421011.15614	NC_012154.1	8305
SRR27421011.28087	NC_012154.1	6125
SRR27421011.11271	NC_012154.1	6362
SRR27421011.25911	NC_012154.1	14029
SRR27421011.26042	NC_012154.1	15729
SRR27421011.10684	NC_012154.1	23203
SRR27421011.14916	NC_012154.1	6114
SRR27421011.12221	NC_012154.1	21703
SRR27421011.14576	NC_012154.1	5160
SRR27421011.25099	NC_012154.1	5963
SRR27421011.4001	NC_012154.1	10177
SRR27421011.4677	NC_012154.1	17575
SRR27421011.13819	NC_012154.1	15226
SRR27421011.27154	NC_012154.1	15483
SRR27421011.14525	NC_012154.1	33039
SRR27421011.7017	NC_012154.1	6151
SRR27421011.5205	NC_012154.1	16235
SRR27421011.4176	NC_012154.1	15213
SRR27421011.19567	NC_012154.1	22915
SRR27421011.26230	NC_012154.1	14961
SRR27421011.23174	NC_012154.1	21244
SRR27421011.13165	NC_012154.1	13733
SRR27421011.20497	NC_012154.1	5571
SRR27421011.7206	NC_012154.1	10389
SRR27421011.1761	NC_012154.1	12570
SRR27421011.27255	NC_012154.1	13733
SRR27421011.8521	NC_012154.1	14398
SRR27421011.375	NC_012154.1	29392
SRR27421011.10221	NC_012154.1	10601
SRR27421011.29674	NC_012154.1	17474
SRR27421011.19201	NC_012154.1	11519
SRR27421011.20421	NC_012154.1	32236
SRR27421011.30021	NC_012154.1	14237
SRR27421011.14725	NC_012154.1	31382
SRR27421011.11203	NC_012154.1	23240
SRR27421011.20367	NC_012154.1	9177
SRR27421011.9280	NC_012154.1	11084
SRR27421011.14014	NC_012154.1	8037
SRR27421011.1081	NC_012154.1	13648
SRR27421011.10783	NC_012154.1	13738
SRR27421011.18203	NC_012154.1	13193
SRR27421011.8429	NC_012154.1	12816
SRR27421011.14799	NC_012154.1	9717
SRR27421011.3965	NC_012154.1	17125
SRR27421011.12327	NC_012154.1	13003
SRR27421011.22294	NC_012154.1	7297
SRR27421011.12874	NC_012154.1	20692
SRR27421011.18544	NC_012154.1	6660
SRR27421011.3350	NC_012154.1	14787
SRR27421011.22739	NC_012154.1	8510
SRR27421011.14079	NC_012154.1	14341
SRR27421011.4763	NC_012154.1	9023
SRR27421011.4478	NC_012154.1	9019
SRR27421011.5012	NC_012154.1	5316
SRR27421011.9743	NC_012154.1	15942
SRR27421011.20203	NC_012154.1	15918
SRR27421011.6211	NC_012154.1	17966
SRR27421011.28241	NC_012154.1	15029
SRR27421011.20183	NC_012154.1	16607
SRR27421011.24502	NC_012154.1	14524
SRR27421011.16252	NC_012154.1	14759
SRR27421011.3076	NC_012154.1	15361
SRR27421011.16292	NC_012154.1	13910
SRR27421011.23637	NC_012154.1	9712
SRR27421011.23660	NC_012154.1	9708
SRR27421011.16829	NC_012154.1	18898
SRR27421011.4482	NC_012154.1	9499
SRR27421011.28422	NC_012154.1	15610
SRR27421011.6956	NC_012154.1	11269
SRR27421011.20058	NC_012154.1	5609
SRR27421011.24376	NC_012154.1	9592
SRR27421011.16802	NC_012154.1	14638
SRR27421011.14880	NC_012154.1	13614
SRR27421011.3352	NC_012154.1	14437
SRR27421011.1198	NC_012154.1	8159
SRR27421011.27424	NC_012154.1	20585
SRR27421011.10692	NC_012154.1	12421
SRR27421011.29629	NC_012154.1	33750
SRR27421011.27102	NC_012154.1	27769
SRR27421011.6724	NC_012154.1	5529
SRR27421011.4814	NC_012154.1	21378
SRR27421011.2257	NC_012154.1	6063
SRR27421011.2083	NC_012154.1	11260
SRR27421011.28536	NC_012154.1	18116
SRR27421011.20154	NC_012154.1	7890
SRR27421011.18970	NC_012154.1	13905
SRR27421011.10212	NC_012154.1	20126
SRR27421011.26145	NC_012154.1	9693
SRR27421011.5717	NC_012154.1	22601
SRR27421011.12137	NC_012154.1	19731
SRR27421011.21300	NC_012154.1	8156
SRR27421011.21800	NC_012154.1	13138
SRR27421011.24454	NC_012154.1	5231
SRR27421011.6023	NC_012154.1	7455
SRR27421011.8850	NC_012154.1	7019
SRR27421011.12263	NC_012154.1	24963
SRR27421011.28208	NC_012154.1	18067
SRR27421011.26686	NC_012154.1	14587
SRR27421011.22210	NC_012154.1	9654
SRR27421011.18768	NC_012154.1	14305
SRR27421011.73	NC_012154.1	9772
SRR27421011.16064	NC_012154.1	12433
SRR27421011.22622	NC_012154.1	22290
SRR27421011.20913	NC_012154.1	19562
SRR27421011.7431	NC_012154.1	6908
SRR27421011.21136	NC_012154.1	12123
SRR27421011.18226	NC_012154.1	13697
SRR27421011.8533	NC_012154.1	18965
SRR27421011.28517	NC_012154.1	5399
SRR27421011.14502	NC_012154.1	14416
SRR27421011.25974	NC_012154.1	14110
SRR27421011.4170	NC_012154.1	26682
SRR27421011.8045	NC_012154.1	10382
SRR27421011.7752	NC_012154.1	17353
SRR27421011.20862	NC_012154.1	10160
SRR27421011.18205	NC_012154.1	12058
SRR27421011.6816	NC_012154.1	5157
SRR27421011.9831	NC_012154.1	15700
SRR27421011.10093	NC_012154.1	13849
SRR27421011.2122	NC_012154.1	17622
SRR27421011.5750	NC_012154.1	7373
SRR27421011.16300	NC_012154.1	11069
SRR27421011.1997	NC_012154.1	14628
SRR27421011.26434	NC_012154.1	14513
SRR27421011.23775	NC_012154.1	8692
SRR27421011.12	NC_012154.1	7547
SRR27421011.4963	NC_012154.1	9210
SRR27421011.14686	NC_012154.1	17719
SRR27421011.18963	NC_012154.1	5598
SRR27421011.18721	NC_012154.1	8359
SRR27421011.24724	NC_012154.1	7409
SRR27421011.560	NC_012154.1	34572
SRR27421011.15600	NC_012154.1	5074
SRR27421011.12143	NC_012154.1	16835
SRR27421011.936	NC_012154.1	19799
SRR27421011.27655	NC_012154.1	13922
SRR27421011.26588	NC_012154.1	14341
SRR27421011.27400	NC_012154.1	13735
SRR27421011.2791	NC_012154.1	16463
SRR27421011.3165	NC_012154.1	7207
SRR27421011.25659	NC_012154.1	25205
SRR27421011.3288	NC_012154.1	9855
SRR27421011.165	NC_012154.1	25910
SRR27421011.21704	NC_012154.1	11699
SRR27421011.22524	NC_012154.1	20522
SRR27421011.13117	NC_012154.1	12194
SRR27421011.13415	NC_012154.1	10350
SRR27421011.24557	NC_012154.1	11113
SRR27421011.5776	NC_012154.1	9633
SRR27421011.12952	NC_012154.1	12815
SRR27421011.1	NC_012154.1	11488
SRR27421011.22827	NC_012154.1	7964
SRR27421011.25609	NC_012154.1	20285
SRR27421011.28929	NC_012154.1	11866
SRR27421011.7364	NC_012154.1	9651
SRR27421011.74	NC_012154.1	10651
SRR27421011.24968	NC_012154.1	17573
SRR27421011.20620	NC_012154.1	9421
SRR27421011.2426	NC_012154.1	15026
SRR27421011.27901	NC_012154.1	31246
SRR27421011.3691	NC_012154.1	13282
SRR27421011.26206	NC_012154.1	7541
SRR27421011.7498	NC_012154.1	16222
SRR27421011.1574	NC_012154.1	18320
SRR27421011.24198	NC_012154.1	8734
SRR27421011.30012	NC_012154.1	26055
SRR27421011.4043	NC_012154.1	10473
SRR27421011.8092	NC_012154.1	9058
SRR27421011.10461	NC_012154.1	16934
SRR27421011.24120	NC_012154.1	16722
SRR27421011.12059	NC_012154.1	9563
SRR27421011.28916	NC_012154.1	9665
SRR27421011.22995	NC_012154.1	9642
SRR27421011.5448	NC_012154.1	9835
SRR27421011.3559	NC_012154.1	18176
SRR27421011.23241	NC_012154.1	12001
SRR27421011.9773	NC_012154.1	10420
SRR27421011.7663	NC_012154.1	7100
SRR27421011.3810	NC_012154.1	11275
SRR27421011.1743	NC_012154.1	14253
SRR27421011.29969	NC_012154.1	6723
SRR27421011.11350	NC_012154.1	7597
SRR27421011.13020	NC_012154.1	5963
SRR27421011.4177	NC_012154.1	9454
SRR27421011.15194	NC_012154.1	10587
SRR27421011.8781	NC_012154.1	18834
SRR27421011.28922	NC_012154.1	8109
SRR27421011.27903	NC_012154.1	11580
SRR27421011.24799	NC_012154.1	9005
SRR27421011.19927	NC_012154.1	9155
SRR27421011.18776	NC_012154.1	9064
SRR27421011.3506	NC_012154.1	17270
SRR27421011.7323	NC_012154.1	13206
SRR27421011.3085	NC_012154.1	15239
SRR27421011.7789	NC_012154.1	8850
SRR27421011.8942	NC_012154.1	10601
SRR27421011.1378	NC_012154.1	5574
SRR27421011.17529	NC_012154.1	5552
SRR27421011.18231	NC_012154.1	10977
SRR27421011.25915	NC_012154.1	12722
SRR27421011.1760	NC_012154.1	22532
SRR27421011.24669	NC_012154.1	20051
SRR27421011.5609	NC_012154.1	19703
SRR27421011.6641	NC_012154.1	14351
SRR27421011.10638	NC_012154.1	17364
SRR27421011.24702	NC_012154.1	16249
SRR27421011.1542	NC_012154.1	11229
SRR27421011.17714	NC_012154.1	14971
SRR27421011.541	NC_012154.1	10337
SRR27421011.22272	NC_012154.1	8607
SRR27421011.15330	NC_012154.1	7282
SRR27421011.6478	NC_012154.1	12335
SRR27421011.16890	NC_012154.1	12398
SRR27421011.7513	NC_012154.1	14765
SRR27421011.20726	NC_012154.1	8062
SRR27421011.10184	NC_012154.1	14743
SRR27421011.6946	NC_012154.1	8447
SRR27421011.12038	NC_012154.1	23925
SRR27421011.28133	NC_012154.1	9744
SRR27421011.26676	NC_012154.1	9954
SRR27421011.8524	NC_012154.1	16631
SRR27421011.20192	NC_012154.1	19536
SRR27421011.22677	NC_012154.1	12349
SRR27421011.29189	NC_012154.1	15085
SRR27421011.14181	NC_012154.1	19076
SRR27421011.28627	NC_012154.1	8334
SRR27421011.25560	NC_012154.1	13813
SRR27421011.25436	NC_012154.1	13468
SRR27421011.8238	NC_012154.1	7400
SRR27421011.1706	NC_012154.1	5896
SRR27421011.22139	NC_012154.1	12535
SRR27421011.734	NC_012154.1	10085
SRR27421011.7989	NC_012154.1	12229
SRR27421011.20752	NC_012154.1	12181
SRR27421011.29512	NC_012154.1	8740
SRR27421011.19754	NC_012154.1	10194
SRR27421011.86	NC_012154.1	19663
SRR27421011.19215	NC_012154.1	17591
SRR27421011.21552	NC_012154.1	17186
SRR27421011.13446	NC_012154.1	10766
SRR27421011.11779	NC_012154.1	10327
SRR27421011.29599	NC_012154.1	11853
SRR27421011.30000	NC_012154.1	9906
SRR27421011.17208	NC_012154.1	8285
SRR27421011.13206	NC_012154.1	18575
SRR27421011.6015	NC_012154.1	7824
SRR27421011.1455	NC_012154.1	5250
SRR27421011.13730	NC_012154.1	9887
SRR27421011.20454	NC_012154.1	5068
SRR27421011.6722	NC_012154.1	5768
SRR27421011.13538	NC_012154.1	13491
SRR27421011.1922	NC_012154.1	9238
SRR27421011.5729	NC_012154.1	16143
SRR27421011.2854	NC_012154.1	8572
SRR27421011.27456	NC_012154.1	9656
SRR27421011.25083	NC_012154.1	9081
SRR27421011.6487	NC_012154.1	10400
SRR27421011.10426	NC_012154.1	7875
SRR27421011.25990	NC_012154.1	13170
SRR27421011.6555	NC_012154.1	6745
SRR27421011.11761	NC_012154.1	13918
SRR27421011.25504	NC_012154.1	11626
SRR27421011.5719	NC_012154.1	8413
SRR27421011.25745	NC_012154.1	15940
SRR27421011.15173	NC_012154.1	8951
SRR27421011.13889	NC_012154.1	11118
SRR27421011.15856	NC_012154.1	18064
SRR27421011.5068	NC_012154.1	5244
SRR27421011.24982	NC_012154.1	15806
SRR27421011.3259	NC_012154.1	7233
SRR27421011.7004	NC_012154.1	6352
SRR27421011.7884	NC_012154.1	10482
SRR27421011.24	NC_012154.1	6753
SRR27421011.28251	NC_012154.1	13400
SRR27421011.16943	NC_012154.1	9499
SRR27421011.15414	NC_012154.1	11404
SRR27421011.1404	NC_012154.1	8026
SRR27421011.21910	NC_012154.1	7926
SRR27421011.17681	NC_012154.1	7074
SRR27421011.29648	NC_012154.1	10793
SRR27421011.1256	NC_012154.1	10079
SRR27421011.25167	NC_012154.1	9926
SRR27421011.24664	NC_012154.1	7632
SRR27421011.22097	NC_012154.1	6632
SRR27421011.28161	NC_012154.1	10807
SRR27421011.1298	NC_012154.1	5671
SRR27421011.19592	NC_012154.1	12403
SRR27421011.16314	NC_012154.1	8386
SRR27421011.6423	NC_012154.1	15122
SRR27421011.171	NC_012154.1	10545
SRR27421011.21020	NC_012154.1	8571
SRR27421011.21669	NC_012154.1	8252
SRR27421011.11971	NC_012154.1	8695
SRR27421011.18281	NC_012154.1	14216
SRR27421011.13557	NC_012154.1	12959
SRR27421011.13876	NC_012154.1	8333
SRR27421011.14304	NC_012154.1	13993
SRR27421011.5492	NC_012154.1	17060
SRR27421011.5	NC_012154.1	8734
SRR27421011.434	NC_012154.1	8485
SRR27421011.28952	NC_012154.1	11532
SRR27421011.12822	NC_012154.1	33769
SRR27421011.2181	NC_012154.1	5804
SRR27421011.17693	NC_012154.1	15831
SRR27421011.14633	NC_012154.1	14620
SRR27421011.30210	NC_012154.1	5904
SRR27421011.26963	NC_012154.1	8849
SRR27421011.8115	NC_012154.1	7795
SRR27421011.11929	NC_012154.1	10564
SRR27421011.28273	NC_012154.1	7193
SRR27421011.23810	NC_012154.1	6421
SRR27421011.21064	NC_012154.1	5752
SRR27421011.17856	NC_012154.1	10362
SRR27421011.28041	NC_012154.1	9575
SRR27421011.2302	NC_012154.1	8072
SRR27421011.18291	NC_012154.1	11012
SRR27421011.24580	NC_012154.1	9919
SRR27421011.9224	NC_012154.1	16663
SRR27421011.12364	NC_012154.1	5765
SRR27421011.98	NC_012154.1	6713
SRR27421011.26215	NC_012154.1	7621
SRR27421011.15339	NC_012154.1	6448
SRR27421011.20149	NC_012154.1	9274
SRR27421011.26652	NC_012154.1	5497
SRR27421011.10945	NC_012154.1	14340
SRR27421011.4454	NC_012154.1	8816
SRR27421011.6397	NC_012154.1	6185
SRR27421011.16586	NC_012154.1	10539
SRR27421011.27771	NC_012154.1	8590
SRR27421011.17032	NC_012154.1	6738
SRR27421011.15021	NC_012154.1	9018
SRR27421011.25994	NC_012154.1	7146
SRR27421011.173	NC_012154.1	12843
SRR27421011.8026	NC_012154.1	10111
SRR27421011.13839	NC_012154.1	6679
SRR27421011.12964	NC_012154.1	5806
SRR27421011.28903	NC_012154.1	7463
SRR27421011.24715	NC_012154.1	9776
SRR27421011.5537	NC_012154.1	9332
SRR27421011.8116	NC_012154.1	8063
SRR27421011.4967	NC_012154.1	6339
SRR27421011.4608	NC_012154.1	14021
SRR27421011.12731	NC_012154.1	6347
SRR27421011.12382	NC_012154.1	6334
SRR27421011.26693	NC_012154.1	11715
SRR27421011.20064	NC_012154.1	7305
SRR27421011.11229	NC_012154.1	6186
SRR27421011.20365	NC_012154.1	6840
SRR27421011.22303	NC_012154.1	8692
SRR27421011.1936	NC_012154.1	6808
SRR27421011.12868	NC_012154.1	10800
SRR27421011.3785	NC_012154.1	15354
SRR27421011.28886	NC_012154.1	13985
SRR27421011.18827	NC_012154.1	6426
SRR27421011.11404	NC_012154.1	9935
SRR27421011.999	NC_012154.1	5061
SRR27421011.10312	NC_012154.1	11300
SRR27421011.17520	NC_012154.1	7523
SRR27421011.28900	NC_012154.1	13106
SRR27421011.10148	NC_012154.1	13706
SRR27421011.28392	NC_012154.1	11537
SRR27421011.13757	NC_012154.1	11508
SRR27421011.18725	NC_012154.1	5527
SRR27421011.13128	NC_012154.1	6792
SRR27421011.12954	NC_012154.1	6284
SRR27421011.12740	NC_012154.1	6291
SRR27421011.18098	NC_012154.1	8954
SRR27421011.11065	NC_012154.1	11319
SRR27421011.8538	NC_012154.1	8322
SRR27421011.18709	NC_012154.1	12848
SRR27421011.27564	NC_012154.1	7657
SRR27421011.11509	NC_012154.1	10645
SRR27421011.21605	NC_012154.1	10749
SRR27421011.28353	NC_012154.1	8598
SRR27421011.22277	NC_012154.1	9082
SRR27421011.11287	NC_012154.1	6611
SRR27421011.17780	NC_012154.1	17781
SRR27421011.27593	NC_012154.1	12281
SRR27421011.2299	NC_012154.1	12219
SRR27421011.4923	NC_012154.1	5571
SRR27421011.14207	NC_012154.1	11785
SRR27421011.8948	NC_012154.1	6343
SRR27421011.30270	NC_012154.1	14414
SRR27421011.21009	NC_012154.1	6559
SRR27421011.6653	NC_012154.1	7983
SRR27421011.3329	NC_012154.1	5952
SRR27421011.19480	NC_012154.1	6810
SRR27421011.17468	NC_012154.1	5670
SRR27421011.26047	NC_012154.1	17546
SRR27421011.5115	NC_012154.1	6851
SRR27421011.30343	NC_012154.1	6749
SRR27421011.890	NC_012154.1	9236
SRR27421011.22242	NC_012154.1	7541
SRR27421011.27803	NC_012154.1	12216
SRR27421011.19264	NC_012154.1	12039
SRR27421011.805	NC_012154.1	11808
SRR27421011.14910	NC_012154.1	5648
SRR27421011.9590	NC_012154.1	6390
SRR27421011.21316	NC_012154.1	13151
SRR27421011.250	NC_012154.1	10753
SRR27421011.21635	NC_012154.1	8483
SRR27421011.15547	NC_012154.1	7091
SRR27421011.3755	NC_012154.1	10215
SRR27421011.6238	NC_012154.1	5063
SRR27421011.14569	NC_012154.1	5911
SRR27421011.27304	NC_012154.1	10310
SRR27421011.7103	NC_012154.1	7088
SRR27421011.22801	NC_012154.1	10431
SRR27421011.24152	NC_012154.1	7610
SRR27421011.9198	NC_012154.1	10667
SRR27421011.29111	NC_012154.1	6792
SRR27421011.3159	NC_012154.1	7125
SRR27421011.304	NC_012154.1	10974
SRR27421011.20599	NC_012154.1	14026
SRR27421011.9691	NC_012154.1	5213
SRR27421011.10308	NC_012154.1	5301
SRR27421011.5442	NC_012154.1	6356
SRR27421011.25186	NC_012154.1	7605
SRR27421011.10678	NC_012154.1	5497
SRR27421011.20208	NC_012154.1	6864
SRR27421011.22244	NC_012154.1	9440
SRR27421011.11177	NC_012154.1	5312
SRR27421011.9143	NC_012154.1	5227
SRR27421011.4522	NC_012154.1	9021
SRR27421011.20728	NC_012154.1	5043
SRR27421011.17413	NC_012154.1	6476
SRR27421011.14798	NC_012154.1	6062
SRR27421011.21521	NC_012154.1	20066
SRR27421011.12591	NC_012154.1	7050
SRR27421011.5186	NC_012154.1	5337
SRR27421011.149	NC_012154.1	11020
SRR27421011.12001	NC_012154.1	5439
SRR27421011.20588	NC_012154.1	5226
SRR27421011.17983	NC_012154.1	10072
SRR27421011.9782	NC_012154.1	5605
SRR27421011.12052	NC_012154.1	7698
SRR27421011.10293	NC_012154.1	10379
SRR27421011.9892	NC_012154.1	6435
SRR27421011.2556	NC_012154.1	5890
SRR27421011.20575	NC_012154.1	8561
SRR27421011.30010	NC_012154.1	11848
SRR27421011.7465	NC_012154.1	6407
SRR27421011.7767	NC_012154.1	6418
SRR27421011.5657	NC_012154.1	8473
SRR27421011.4722	NC_012154.1	7330
SRR27421011.17674	NC_012154.1	8714
SRR27421011.6399	NC_012154.1	6356
SRR27421011.13242	NC_012154.1	7409
SRR27421011.1632	NC_012154.1	6786
SRR27421011.18637	NC_012154.1	5894
SRR27421011.97	NC_012154.1	6157
SRR27421011.1411	NC_012154.1	6130
SRR27421011.217	NC_012154.1	8313
SRR27421011.11584	NC_012154.1	5836
SRR27421011.2758	NC_012154.1	5110
SRR27421011.3470	NC_012154.1	9384
SRR27421011.23382	NC_012154.1	8064
SRR27421011.24652	NC_012154.1	11704
SRR27421011.14283	NC_012154.1	7505
SRR27421011.24748	NC_012154.1	10429
SRR27421011.27628	NC_012154.1	6006
SRR27421011.18455	NC_012154.1	5080
SRR27421011.19062	NC_012154.1	16227
SRR27421011.10721	NC_012154.1	6028
SRR27421011.21238	NC_012154.1	8224
SRR27421011.9219	NC_012154.1	6829
SRR27421011.10571	NC_012154.1	7382
SRR27421011.27158	NC_012154.1	5056
SRR27421011.26822	NC_012154.1	5592
SRR27421011.30136	NC_012154.1	6741
SRR27421011.18322	NC_012154.1	5971
SRR27421011.14453	NC_012154.1	6840
SRR27421011.25358	NC_012154.1	5242
SRR27421011.1640	NC_012154.1	5497
SRR27421011.5471	NC_012154.1	6630
SRR27421011.16777	NC_012154.1	5590
SRR27421011.17567	NC_012154.1	5278
SRR27421011.15743	NC_012154.1	5921
SRR27421011.9876	NC_012154.1	5420
SRR27421011.15351	NC_012154.1	7454
SRR27421011.23225	NC_012154.1	7906
SRR27421011.395	NC_012149.1	13758
SRR27421011.412	NC_012149.1	8285
SRR27421011.543	NC_012149.1	31877
SRR27421011.733	NC_012149.1	10263
SRR27421011.914	NC_012149.1	13027
SRR27421011.915	NC_012149.1	11124
SRR27421011.993	NC_012149.1	22098
SRR27421011.1169	NC_012149.1	31735
SRR27421011.1230	NC_012149.1	17631
SRR27421011.1292	NC_012149.1	9517
SRR27421011.1360	NC_012149.1	6162
SRR27421011.1599	NC_012149.1	11500
SRR27421011.1708	NC_012149.1	28681
SRR27421011.1790	NC_012149.1	32936
SRR27421011.1896	NC_012149.1	8000
SRR27421011.1952	NC_012149.1	32765
SRR27421011.1994	NC_012149.1	9355
SRR27421011.2101	NC_012149.1	30719
SRR27421011.2202	NC_012149.1	8850
SRR27421011.2209	NC_012149.1	8738
SRR27421011.2641	NC_012149.1	15874
SRR27421011.3560	NC_012149.1	20727
SRR27421011.3638	NC_012149.1	19344
SRR27421011.3874	NC_012149.1	21850
SRR27421011.3958	NC_012149.1	7130
SRR27421011.4067	NC_012149.1	32002
SRR27421011.4472	NC_012149.1	9644
SRR27421011.4831	NC_012149.1	19291
SRR27421011.5466	NC_012149.1	26929
SRR27421011.6025	NC_012149.1	9446
SRR27421011.6260	NC_012149.1	25210
SRR27421011.6412	NC_012149.1	48453
SRR27421011.6565	NC_012149.1	39106
SRR27421011.6675	NC_012149.1	5595
SRR27421011.6894	NC_012149.1	14503
SRR27421011.6966	NC_012149.1	24853
SRR27421011.7074	NC_012149.1	61567
SRR27421011.7257	NC_012149.1	27011
SRR27421011.7623	NC_012149.1	12890
SRR27421011.7683	NC_012149.1	23066
SRR27421011.7722	NC_012149.1	15449
SRR27421011.8036	NC_012149.1	32190
SRR27421011.8783	NC_012149.1	17390
SRR27421011.9094	NC_012149.1	35552
SRR27421011.9583	NC_012149.1	7200
SRR27421011.9624	NC_012149.1	5911
SRR27421011.9672	NC_012149.1	5987
SRR27421011.10244	NC_012149.1	14374
SRR27421011.10275	NC_012149.1	30731
SRR27421011.10483	NC_012149.1	18704
SRR27421011.10510	NC_012149.1	32210
SRR27421011.10735	NC_012149.1	20681
SRR27421011.10756	NC_012149.1	10780
SRR27421011.11856	NC_012149.1	15176
SRR27421011.11989	NC_012149.1	8475
SRR27421011.12297	NC_012149.1	7684
SRR27421011.12570	NC_012149.1	44142
SRR27421011.12664	NC_012149.1	15024
SRR27421011.12926	NC_012149.1	32208
SRR27421011.12931	NC_012149.1	11725
SRR27421011.12983	NC_012149.1	33225
SRR27421011.13231	NC_012149.1	28324
SRR27421011.13367	NC_012149.1	29544
SRR27421011.13395	NC_012149.1	32251
SRR27421011.13619	NC_012149.1	12887
SRR27421011.14432	NC_012149.1	7007
SRR27421011.14582	NC_012149.1	34500
SRR27421011.14595	NC_012149.1	18101
SRR27421011.14734	NC_012149.1	31540
SRR27421011.14870	NC_012149.1	12938
SRR27421011.15001	NC_012149.1	18081
SRR27421011.15527	NC_012149.1	14324
SRR27421011.15597	NC_012149.1	8684
SRR27421011.15676	NC_012149.1	20705
SRR27421011.15842	NC_012149.1	29628
SRR27421011.15893	NC_012149.1	32568
SRR27421011.17106	NC_012149.1	14161
SRR27421011.17313	NC_012149.1	10738
SRR27421011.17701	NC_012149.1	13247
SRR27421011.17808	NC_012149.1	14441
SRR27421011.17912	NC_012149.1	16762
SRR27421011.18594	NC_012149.1	13446
SRR27421011.18708	NC_012149.1	8357
SRR27421011.18745	NC_012149.1	26747
SRR27421011.19446	NC_012149.1	9589
SRR27421011.19459	NC_012149.1	11569
SRR27421011.19504	NC_012149.1	10158
SRR27421011.19542	NC_012149.1	32023
SRR27421011.19675	NC_012149.1	31666
SRR27421011.19707	NC_012149.1	31101
SRR27421011.19857	NC_012149.1	10435
SRR27421011.19931	NC_012149.1	31591
SRR27421011.20319	NC_012149.1	17916
SRR27421011.20675	NC_012149.1	12327
SRR27421011.20856	NC_012149.1	6430
SRR27421011.21088	NC_012149.1	33477
SRR27421011.21140	NC_012149.1	8030
SRR27421011.21431	NC_012149.1	9092
SRR27421011.21878	NC_012149.1	17332
SRR27421011.21977	NC_012149.1	11510
SRR27421011.22119	NC_012149.1	32309
SRR27421011.22543	NC_012149.1	9853
SRR27421011.22952	NC_012149.1	32564
SRR27421011.23005	NC_012149.1	29002
SRR27421011.23025	NC_012149.1	6565
SRR27421011.23065	NC_012149.1	8149
SRR27421011.23123	NC_012149.1	5134
SRR27421011.23171	NC_012149.1	12921
SRR27421011.23197	NC_012149.1	7880
SRR27421011.23689	NC_012149.1	32847
SRR27421011.24072	NC_012149.1	16304
SRR27421011.24289	NC_012149.1	17544
SRR27421011.24700	NC_012149.1	45309
SRR27421011.25057	NC_012149.1	7149
SRR27421011.25753	NC_012149.1	64286
SRR27421011.26101	NC_012149.1	29916
SRR27421011.26118	NC_012149.1	9822
SRR27421011.26173	NC_012149.1	20877
SRR27421011.26521	NC_012149.1	9091
SRR27421011.26570	NC_012149.1	19029
SRR27421011.26609	NC_012149.1	6659
SRR27421011.26756	NC_012149.1	8094
SRR27421011.26960	NC_012149.1	18699
SRR27421011.27194	NC_012149.1	23578
SRR27421011.27196	NC_012149.1	9936
SRR27421011.27392	NC_012149.1	8796
SRR27421011.27755	NC_012149.1	32183
SRR27421011.27813	NC_012149.1	13347
SRR27421011.27918	NC_012149.1	7775
SRR27421011.28309	NC_012149.1	13927
SRR27421011.28331	NC_012149.1	8608
SRR27421011.28340	NC_012149.1	8666
SRR27421011.28375	NC_012149.1	5125
SRR27421011.28453	NC_012149.1	11938
SRR27421011.28735	NC_012149.1	27348
SRR27421011.28912	NC_012149.1	8321
SRR27421011.29175	NC_012149.1	7271
SRR27421011.29524	NC_012149.1	14852
SRR27421011.29584	NC_012149.1	30968
SRR27421011.29683	NC_012149.1	32874
SRR27421011.29722	NC_012149.1	18292
SRR27421011.29881	NC_012149.1	11322
SRR27421011.29883	NC_012149.1	27284
SRR27421011.30015	NC_012149.1	6298
SRR27421011.30019	NC_012149.1	8372
SRR27421011.30033	NC_012149.1	16985
SRR27421011.30034	NC_012149.1	32226
SRR27421011.312	NC_012149.1	11001
SRR27421011.326	NC_012149.1	47965
SRR27421011.363	NC_012149.1	36114
SRR27421011.652	NC_012149.1	36458
SRR27421011.845	NC_012149.1	38433
SRR27421011.870	NC_012149.1	44530
SRR27421011.930	NC_012149.1	9944
SRR27421011.1473	NC_012149.1	8420
SRR27421011.1507	NC_012149.1	8026
SRR27421011.1520	NC_012149.1	31471
SRR27421011.1888	NC_012149.1	42634
SRR27421011.2390	NC_012149.1	13485
SRR27421011.2566	NC_012149.1	13570
SRR27421011.2669	NC_012149.1	22559
SRR27421011.3637	NC_012149.1	9299
SRR27421011.3896	NC_012149.1	16695
SRR27421011.4711	NC_012149.1	5533
SRR27421011.5513	NC_012149.1	22166
SRR27421011.5554	NC_012149.1	29583
SRR27421011.5567	NC_012149.1	17815
SRR27421011.6011	NC_012149.1	9078
SRR27421011.6148	NC_012149.1	13463
SRR27421011.6151	NC_012149.1	9785
SRR27421011.6196	NC_012149.1	5918
SRR27421011.6465	NC_012149.1	29660
SRR27421011.7671	NC_012149.1	11782
SRR27421011.8043	NC_012149.1	11270
SRR27421011.8960	NC_012149.1	6493
SRR27421011.9250	NC_012149.1	27662
SRR27421011.9392	NC_012149.1	17582
SRR27421011.9673	NC_012149.1	6013
SRR27421011.9741	NC_012149.1	22838
SRR27421011.9911	NC_012149.1	15112
SRR27421011.10217	NC_012149.1	22550
SRR27421011.10320	NC_012149.1	35317
SRR27421011.10395	NC_012149.1	10571
SRR27421011.10482	NC_012149.1	27057
SRR27421011.10901	NC_012149.1	19450
SRR27421011.10922	NC_012149.1	6678
SRR27421011.11561	NC_012149.1	20053
SRR27421011.12101	NC_012149.1	36502
SRR27421011.12298	NC_012149.1	7679
SRR27421011.12431	NC_012149.1	8825
SRR27421011.12636	NC_012149.1	32794
SRR27421011.12712	NC_012149.1	33830
SRR27421011.13232	NC_012149.1	19170
SRR27421011.13250	NC_012149.1	10951
SRR27421011.13359	NC_012149.1	27691
SRR27421011.13394	NC_012149.1	32244
SRR27421011.13789	NC_012149.1	26697
SRR27421011.14336	NC_012149.1	12048
SRR27421011.14987	NC_012149.1	16688
SRR27421011.15807	NC_012149.1	31082
SRR27421011.16360	NC_012149.1	8793
SRR27421011.17010	NC_012149.1	23650
SRR27421011.17088	NC_012149.1	6307
SRR27421011.17097	NC_012149.1	33533
SRR27421011.18287	NC_012149.1	15924
SRR27421011.18620	NC_012149.1	31302
SRR27421011.18872	NC_012149.1	30198
SRR27421011.18904	NC_012149.1	11570
SRR27421011.19159	NC_012149.1	32219
SRR27421011.19258	NC_012149.1	6963
SRR27421011.19348	NC_012149.1	7905
SRR27421011.19505	NC_012149.1	15684
SRR27421011.19659	NC_012149.1	32850
SRR27421011.19717	NC_012149.1	8223
SRR27421011.20054	NC_012149.1	10898
SRR27421011.20561	NC_012149.1	10741
SRR27421011.20663	NC_012149.1	23146
SRR27421011.20798	NC_012149.1	24429
SRR27421011.20934	NC_012149.1	14305
SRR27421011.21005	NC_012149.1	31880
SRR27421011.21246	NC_012149.1	27285
SRR27421011.22278	NC_012149.1	18568
SRR27421011.22349	NC_012149.1	6958
SRR27421011.22552	NC_012149.1	7875
SRR27421011.22953	NC_012149.1	32603
SRR27421011.23602	NC_012149.1	15660
SRR27421011.23961	NC_012149.1	6712
SRR27421011.24269	NC_012149.1	18579
SRR27421011.24633	NC_012149.1	11063
SRR27421011.24711	NC_012149.1	33075
SRR27421011.24945	NC_012149.1	5352
SRR27421011.25042	NC_012149.1	5369
SRR27421011.25332	NC_012149.1	12725
SRR27421011.25595	NC_012149.1	6469
SRR27421011.26426	NC_012149.1	5391
SRR27421011.26913	NC_012149.1	22956
SRR27421011.27109	NC_012149.1	43638
SRR27421011.27120	NC_012149.1	8720
SRR27421011.27390	NC_012149.1	32457
SRR27421011.27581	NC_012149.1	32333
SRR27421011.28834	NC_012149.1	15453
SRR27421011.29272	NC_012149.1	5936
SRR27421011.29385	NC_012149.1	18211
SRR27421011.30310	NC_012149.1	21211
SRR27421011.30339	NC_012149.1	12951
SRR27421011.30358	NC_012149.1	5969
SRR27421011.30359	NC_012149.1	9828
SRR27421011.10357	NC_012149.1	11018
SRR27421011.15903	NC_012149.1	30046
SRR27421011.17845	NC_012149.1	11516
SRR27421011.22660	NC_012149.1	32146
SRR27421011.13145	NC_012149.1	11471
SRR27421011.1099	NC_012149.1	8252
SRR27421011.13735	NC_012149.1	10616
SRR27421011.20102	NC_012149.1	31301
SRR27421011.2327	NC_012149.1	32522
SRR27421011.22809	NC_012149.1	5138
SRR27421011.27040	NC_012149.1	26620
SRR27421011.3264	NC_012149.1	5376
SRR27421011.10190	NC_012149.1	32370
SRR27421011.28485	NC_012149.1	17036
SRR27421011.20541	NC_012149.1	25823
SRR27421011.9174	NC_012149.1	9930
SRR27421011.21482	NC_012149.1	11998
SRR27421011.22831	NC_012149.1	8077
SRR27421011.1367	NC_012149.1	5504
SRR27421011.1263	NC_012149.1	9535
SRR27421011.1562	NC_012149.1	5795
SRR27421011.29794	NC_012149.1	14920
SRR27421011.5329	NC_012149.1	16967
SRR27421011.22969	NC_012149.1	8647
SRR27421011.10435	NC_012149.1	20022
SRR27421011.14111	NC_012149.1	29294
SRR27421011.7993	NC_012149.1	7331
SRR27421011.979	NC_012149.1	30658
SRR27421011.3488	NC_012149.1	14479
SRR27421011.13212	NC_012149.1	31004
SRR27421011.16195	NC_012149.1	16904
SRR27421011.19914	NC_012149.1	33347
SRR27421011.980	NC_012149.1	30995
SRR27421011.10888	NC_012149.1	11847
SRR27421011.21539	NC_012149.1	8121
SRR27421011.3102	NC_012149.1	16367
SRR27421011.696	NC_012149.1	6541
SRR27421011.2039	NC_012149.1	30810
SRR27421011.3702	NC_012149.1	13454
SRR27421011.21621	NC_012149.1	16218
SRR27421011.1521	NC_012149.1	19013
SRR27421011.16194	NC_012149.1	9294
SRR27421011.9866	NC_012149.1	9894
SRR27421011.441	NC_012149.1	5303
SRR27421011.574	NC_012149.1	10041
SRR27421011.1023	NC_012149.1	13409
SRR27421011.21436	NC_012149.1	13484
SRR27421011.16372	NC_012149.1	9290
SRR27421011.20361	NC_012149.1	9227
SRR27421011.712	NC_012149.1	21904
SRR27421011.17532	NC_012149.1	26397
SRR27421011.5938	NC_012149.1	5179
SRR27421011.893	NC_012149.1	11324
SRR27421011.894	NC_012149.1	10995
SRR27421011.4349	NC_012149.1	13328
SRR27421011.13045	NC_012149.1	10188
SRR27421011.12122	NC_012149.1	19805
SRR27421011.28427	NC_012149.1	13854
SRR27421011.14793	NC_012149.1	25801
SRR27421011.2146	NC_012149.1	36237
SRR27421011.10786	NC_012149.1	18879
SRR27421011.11158	NC_012149.1	6150
SRR27421011.18443	NC_012149.1	7525
SRR27421011.19463	NC_012149.1	14311
SRR27421011.28307	NC_012149.1	5299
SRR27421011.25148	NC_012149.1	31538
SRR27421011.17115	NC_012149.1	25281
SRR27421011.2007	NC_012149.1	8253
SRR27421011.12583	NC_012149.1	20267
SRR27421011.20030	NC_012149.1	26792
SRR27421011.3684	NC_012149.1	16846
SRR27421011.16792	NC_012149.1	8477
SRR27421011.1989	NC_012149.1	9358
SRR27421011.27167	NC_012149.1	16743
SRR27421011.6413	NC_012149.1	14978
SRR27421011.2952	NC_012149.1	6696
SRR27421011.510	NC_012149.1	27723
SRR27421011.29019	NC_012149.1	6706
SRR27421011.1586	NC_012149.1	16007
SRR27421011.29438	NC_012149.1	14013
SRR27421011.4138	NC_012149.1	7119
SRR27421011.1552	NC_012149.1	11453
SRR27421011.26136	NC_012149.1	32253
SRR27421011.12309	NC_012149.1	25933
SRR27421011.24986	NC_012149.1	20624
SRR27421011.29701	NC_012149.1	5988
SRR27421011.27015	NC_012149.1	21028
SRR27421011.15164	NC_012149.1	9804
SRR27421011.21052	NC_012149.1	12224
SRR27421011.19960	NC_012149.1	5600
SRR27421011.27115	NC_012149.1	28612
SRR27421011.14470	NC_012149.1	5282
SRR27421011.26014	NC_012149.1	31684
SRR27421011.22260	NC_012149.1	11477
SRR27421011.22541	NC_012149.1	8264
SRR27421011.4595	NC_012149.1	16132
SRR27421011.25565	NC_012149.1	8705
SRR27421011.468	NC_012149.1	32309
SRR27421011.525	NC_012149.1	27070
SRR27421011.24386	NC_012149.1	13432
SRR27421011.14847	NC_012149.1	38742
SRR27421011.29695	NC_012149.1	22866
SRR27421011.11568	NC_012149.1	10598
SRR27421011.20723	NC_012149.1	7740
SRR27421011.17272	NC_012149.1	29726
SRR27421011.17300	NC_012149.1	32551
SRR27421011.11592	NC_012149.1	9225
SRR27421011.2177	NC_012149.1	13665
SRR27421011.26719	NC_012149.1	25001
SRR27421011.8708	NC_012149.1	46952
SRR27421011.10182	NC_012149.1	12653
SRR27421011.30023	NC_012149.1	13060
SRR27421011.1549	NC_012149.1	20075
SRR27421011.19815	NC_012149.1	9290
SRR27421011.27060	NC_012149.1	31516
SRR27421011.28194	NC_012149.1	18478
SRR27421011.6315	NC_012149.1	32091
SRR27421011.14309	NC_012149.1	31809
SRR27421011.29157	NC_012149.1	25523
SRR27421011.10604	NC_012149.1	32467
SRR27421011.16286	NC_012149.1	12322
SRR27421011.25454	NC_012149.1	16775
SRR27421011.1931	NC_012149.1	10236
SRR27421011.14005	NC_012149.1	10543
SRR27421011.17444	NC_012149.1	31885
SRR27421011.29370	NC_012149.1	5380
SRR27421011.20998	NC_012149.1	5446
SRR27421011.9103	NC_012149.1	6713
SRR27421011.1852	NC_012149.1	23665
SRR27421011.27265	NC_012149.1	6700
SRR27421011.26940	NC_012149.1	6273
SRR27421011.25320	NC_012149.1	31977
SRR27421011.2377	NC_012149.1	5971
SRR27421011.226	NC_012149.1	18043
SRR27421011.22730	NC_012149.1	26682
SRR27421011.26353	NC_012149.1	9185
SRR27421011.14121	NC_012149.1	15587
SRR27421011.9991	NC_012149.1	9437
SRR27421011.6825	NC_012149.1	30336
SRR27421011.12844	NC_012149.1	31109
SRR27421011.478	NC_012149.1	17035
SRR27421011.5482	NC_012149.1	9631
SRR27421011.251	NC_012149.1	26889
SRR27421011.8407	NC_012149.1	7499
SRR27421011.6099	NC_012149.1	7513
SRR27421011.10198	NC_012149.1	10481
SRR27421011.12362	NC_012149.1	36581
SRR27421011.11932	NC_012149.1	23573
SRR27421011.21345	NC_012149.1	32400
SRR27421011.14205	NC_012149.1	11270
SRR27421011.24384	NC_012149.1	7992
SRR27421011.872	NC_012149.1	25079
SRR27421011.726	NC_012149.1	32195
SRR27421011.28765	NC_012149.1	17017
SRR27421011.22159	NC_012149.1	18673
SRR27421011.17047	NC_012149.1	7078
SRR27421011.9313	NC_012149.1	32316
SRR27421011.23867	NC_012149.1	15823
SRR27421011.11911	NC_012149.1	18313
SRR27421011.17927	NC_012149.1	33102
SRR27421011.18272	NC_012149.1	6572
SRR27421011.7946	NC_012149.1	7077
SRR27421011.8675	NC_012149.1	9100
SRR27421011.11339	NC_012149.1	5971
SRR27421011.23145	NC_012149.1	5876
SRR27421011.904	NC_012149.1	6375
SRR27421011.24009	NC_012149.1	14622
SRR27421011.11010	NC_012149.1	9178
SRR27421011.29073	NC_012149.1	9428
SRR27421011.26817	NC_012149.1	40774
SRR27421011.1154	NC_012149.1	5844
SRR27421011.24466	NC_012149.1	5896
SRR27421011.18334	NC_012149.1	6195
SRR27421011.27107	NC_012149.1	6172
SRR27421011.19474	NC_012149.1	6004
SRR27421011.18363	NC_012149.1	19560
SRR27421011.253	NC_012149.1	12928
SRR27421011.17708	NC_012149.1	9896
SRR27421011.16405	NC_012149.1	9314
SRR27421011.1186	NC_012149.1	21436
SRR27421011.849	NC_012149.1	31888
SRR27421011.23421	NC_012149.1	22660
SRR27421011.7070	NC_012149.1	5719
SRR27421011.29060	NC_012149.1	32306
SRR27421011.682	NC_012149.1	27937
SRR27421011.925	NC_012149.1	6443
SRR27421011.3780	NC_012149.1	9256
SRR27421011.3528	NC_012149.1	14266
SRR27421011.18245	NC_012149.1	21716
SRR27421011.13519	NC_012149.1	31803
SRR27421011.9576	NC_012149.1	10805
SRR27421011.22266	NC_012149.1	16635
SRR27421011.13566	NC_012149.1	28980
SRR27421011.11066	NC_012149.1	32308
SRR27421011.7578	NC_012149.1	11685
SRR27421011.9942	NC_012149.1	9865
SRR27421011.26267	NC_012149.1	8540
SRR27421011.23259	NC_012149.1	21762
SRR27421011.14029	NC_012149.1	13112
SRR27421011.14389	NC_012149.1	6324
SRR27421011.2744	NC_012149.1	7355
SRR27421011.18171	NC_012149.1	8294
SRR27421011.11120	NC_012149.1	37848
SRR27421011.29109	NC_012149.1	8749
SRR27421011.5235	NC_012149.1	10880
SRR27421011.1688	NC_012149.1	9237
SRR27421011.11790	NC_012149.1	24993
SRR27421011.12087	NC_012149.1	25173
SRR27421011.15675	NC_012149.1	30558
SRR27421011.6164	NC_012149.1	7931
SRR27421011.2442	NC_012149.1	14131
SRR27421011.14038	NC_012149.1	27101
SRR27421011.30054	NC_012149.1	39345
SRR27421011.23576	NC_012149.1	11883
SRR27421011.24492	NC_012149.1	6360
SRR27421011.14434	NC_012149.1	23428
SRR27421011.29003	NC_012149.1	15418
SRR27421011.14182	NC_012149.1	10866
SRR27421011.26092	NC_012149.1	13212
SRR27421011.19875	NC_012149.1	6515
SRR27421011.19571	NC_012149.1	27858
SRR27421011.13877	NC_012149.1	5071
SRR27421011.30298	NC_012149.1	9299
SRR27421011.6425	NC_012149.1	30485
SRR27421011.9372	NC_012149.1	21430
SRR27421011.23048	NC_012149.1	11953
SRR27421011.7517	NC_012149.1	7063
SRR27421011.14425	NC_012149.1	11247
SRR27421011.29696	NC_012149.1	10493
SRR27421011.27338	NC_012149.1	11092
SRR27421011.20056	NC_012149.1	14226
SRR27421011.29912	NC_012149.1	9246
SRR27421011.23540	NC_012149.1	9068
SRR27421011.29032	NC_012149.1	23282
SRR27421011.22219	NC_012149.1	9943
SRR27421011.27033	NC_012149.1	7606
SRR27421011.7149	NC_012149.1	30981
SRR27421011.19163	NC_012149.1	6543
SRR27421011.15156	NC_012149.1	23767
SRR27421011.20607	NC_012149.1	39255
SRR27421011.26847	NC_012149.1	5779
SRR27421011.26844	NC_012149.1	5767
SRR27421011.2512	NC_012149.1	6717
SRR27421011.961	NC_012149.1	21248
SRR27421011.29586	NC_012149.1	5748
SRR27421011.6026	NC_012149.1	13918
SRR27421011.612	NC_012149.1	20966
SRR27421011.28201	NC_012149.1	21702
SRR27421011.27574	NC_012149.1	27878
SRR27421011.23095	NC_012149.1	17286
SRR27421011.20948	NC_012149.1	7276
SRR27421011.18602	NC_012149.1	15495
SRR27421011.1128	NC_012149.1	10715
SRR27421011.997	NC_012149.1	36993
SRR27421011.4930	NC_012149.1	7736
SRR27421011.976	NC_012149.1	5361
SRR27421011.25857	NC_012149.1	29765
SRR27421011.4173	NC_012149.1	11228
SRR27421011.1853	NC_012149.1	5099
SRR27421011.4208	NC_012149.1	21482
SRR27421011.1286	NC_012149.1	32829
SRR27421011.14887	NC_012149.1	31657
SRR27421011.15899	NC_012149.1	6698
SRR27421011.22417	NC_012149.1	5284
SRR27421011.501	NC_012149.1	8142
SRR27421011.9486	NC_012149.1	5658
SRR27421011.3064	NC_012149.1	7707
SRR27421011.1539	NC_012149.1	12214
SRR27421011.12234	NC_012149.1	9457
SRR27421011.16874	NC_012149.1	19347
SRR27421011.17025	NC_012149.1	32500
SRR27421011.9994	NC_012149.1	15157
SRR27421011.20587	NC_012149.1	14794
SRR27421011.10779	NC_012149.1	7912
SRR27421011.22012	NC_012149.1	7812
SRR27421011.4374	NC_012149.1	14834
SRR27421011.24925	NC_012149.1	10134
SRR27421011.8871	NC_012149.1	5858
SRR27421011.8541	NC_012149.1	5885
SRR27421011.25166	NC_012149.1	19385
SRR27421011.7316	NC_012149.1	17622
SRR27421011.1843	NC_012149.1	15567
SRR27421011.13512	NC_012149.1	11265
SRR27421011.9557	NC_012149.1	6991
SRR27421011.5529	NC_012149.1	8293
SRR27421011.3051	NC_012149.1	8193
SRR27421011.25086	NC_012149.1	31929
SRR27421011.21292	NC_012149.1	9073
SRR27421011.22540	NC_012149.1	35752
SRR27421011.30069	NC_012149.1	12605
SRR27421011.127	NC_012149.1	12546
SRR27421011.4098	NC_012149.1	25148
SRR27421011.16057	NC_012149.1	5719
SRR27421011.16400	NC_012149.1	5726
SRR27421011.24576	NC_012149.1	9337
SRR27421011.29835	NC_012149.1	5638
SRR27421011.26816	NC_012149.1	5010
SRR27421011.15751	NC_012149.1	17580
SRR27421011.13364	NC_012149.1	29949
SRR27421011.789	NC_012149.1	25676
SRR27421011.22006	NC_012149.1	7548
SRR27421011.967	NC_012149.1	30445
SRR27421011.1784	NC_012149.1	26077
SRR27421011.25678	NC_012149.1	19385
SRR27421011.12870	NC_012149.1	28543
SRR27421011.14671	NC_012149.1	5824
SRR27421011.29625	NC_012149.1	17059
SRR27421011.19946	NC_012149.1	31988
SRR27421011.6032	NC_012149.1	5601
SRR27421011.28953	NC_012149.1	32405
SRR27421011.6791	NC_012149.1	19667
SRR27421011.30076	NC_012149.1	19685
SRR27421011.15939	NC_012149.1	11549
SRR27421011.29735	NC_012149.1	19679
SRR27421011.9849	NC_012149.1	7166
SRR27421011.14747	NC_012149.1	8277
SRR27421011.18269	NC_012149.1	9509
SRR27421011.833	NC_012149.1	37845
SRR27421011.3307	NC_012149.1	38860
SRR27421011.15812	NC_012149.1	5637
SRR27421011.6168	NC_012149.1	7820
SRR27421011.27629	NC_012149.1	8674
SRR27421011.14822	NC_012149.1	10194
SRR27421011.15290	NC_012149.1	18642
SRR27421011.2031	NC_012149.1	5899
SRR27421011.23539	NC_012149.1	12613
SRR27421011.28650	NC_012149.1	8287
SRR27421011.19996	NC_012149.1	8219
SRR27421011.14827	NC_012149.1	11842
SRR27421011.18910	NC_012149.1	12280
SRR27421011.21289	NC_012149.1	17823
SRR27421011.4375	NC_012149.1	19247
SRR27421011.9289	NC_012149.1	5334
SRR27421011.22659	NC_012149.1	20759
SRR27421011.11912	NC_012149.1	10859
SRR27421011.21572	NC_012149.1	7195
SRR27421011.6533	NC_012149.1	30531
SRR27421011.2438	NC_012149.1	22822
SRR27421011.2682	NC_012149.1	6671
SRR27421011.18482	NC_012149.1	32183
SRR27421011.1731	NC_012149.1	9617
SRR27421011.18486	NC_012149.1	9752
SRR27421011.21577	NC_012149.1	11844
SRR27421011.7614	NC_012149.1	6179
SRR27421011.6782	NC_012149.1	13063
SRR27421011.27209	NC_012149.1	9782
SRR27421011.29597	NC_012149.1	39681
SRR27421011.1427	NC_012149.1	6372
SRR27421011.10931	NC_012149.1	18851
SRR27421011.15508	NC_012149.1	20686
SRR27421011.28186	NC_012149.1	23210
SRR27421011.9628	NC_012149.1	5013
SRR27421011.4755	NC_012149.1	6878
SRR27421011.11255	NC_012149.1	32475
SRR27421011.15012	NC_012149.1	9011
SRR27421011.15685	NC_012149.1	12405
SRR27421011.22527	NC_012149.1	16043
SRR27421011.27787	NC_012149.1	9123
SRR27421011.28008	NC_012149.1	14651
SRR27421011.4572	NC_012149.1	7283
SRR27421011.11020	NC_012149.1	17512
SRR27421011.14469	NC_012149.1	15517
SRR27421011.21519	NC_012149.1	6949
SRR27421011.26972	NC_012149.1	51494
SRR27421011.1762	NC_012149.1	5432
SRR27421011.12140	NC_012149.1	29955
SRR27421011.15382	NC_012149.1	10503
SRR27421011.27147	NC_012149.1	18386
SRR27421011.4790	NC_012149.1	20969
SRR27421011.11345	NC_012149.1	12174
SRR27421011.28854	NC_012149.1	32547
SRR27421011.10264	NC_012149.1	6803
SRR27421011.25278	NC_012149.1	12831
SRR27421011.4796	NC_012149.1	8074
SRR27421011.21896	NC_012149.1	5990
SRR27421011.4484	NC_012149.1	20850
SRR27421011.8726	NC_012149.1	11702
SRR27421011.11077	NC_012149.1	44176
SRR27421011.24937	NC_012149.1	7242
SRR27421011.14041	NC_012149.1	17547
SRR27421011.17338	NC_012149.1	10448
SRR27421011.27987	NC_012149.1	7702
SRR27421011.8332	NC_012149.1	14993
SRR27421011.15755	NC_012149.1	17903
SRR27421011.3198	NC_012149.1	31364
SRR27421011.27470	NC_012149.1	31846
SRR27421011.9548	NC_012149.1	17371
SRR27421011.26327	NC_012149.1	17983
SRR27421011.29131	NC_012149.1	17682
SRR27421011.24989	NC_012149.1	14876
SRR27421011.16846	NC_012149.1	32432
SRR27421011.27868	NC_012149.1	21760
SRR27421011.2713	NC_012149.1	16996
SRR27421011.27996	NC_012149.1	27511
SRR27421011.24284	NC_012149.1	17713
SRR27421011.4560	NC_012149.1	22894
SRR27421011.10415	NC_012149.1	7949
SRR27421011.9656	NC_012149.1	25603
SRR27421011.20433	NC_012149.1	15337
SRR27421011.8987	NC_012149.1	9547
SRR27421011.18228	NC_012149.1	31439
SRR27421011.18176	NC_012149.1	5637
SRR27421011.16098	NC_012149.1	24565
SRR27421011.155	NC_012149.1	11014
SRR27421011.29945	NC_012149.1	15540
SRR27421011.20272	NC_012149.1	17674
SRR27421011.23341	NC_012149.1	31682
SRR27421011.2909	NC_012149.1	10573
SRR27421011.25540	NC_012149.1	21322
SRR27421011.9861	NC_012149.1	7387
SRR27421011.23261	NC_012149.1	31717
SRR27421011.25719	NC_012149.1	5708
SRR27421011.29641	NC_012149.1	31578
SRR27421011.19861	NC_012149.1	31628
SRR27421011.19597	NC_012149.1	10994
SRR27421011.27135	NC_012149.1	5368
SRR27421011.14817	NC_012149.1	8710
SRR27421011.2421	NC_012149.1	5411
SRR27421011.25104	NC_012149.1	15659
SRR27421011.24042	NC_012149.1	12650
SRR27421011.16006	NC_012149.1	21952
SRR27421011.1717	NC_012149.1	15889
SRR27421011.6499	NC_012149.1	14186
SRR27421011.8097	NC_012149.1	5267
SRR27421011.12967	NC_012149.1	9269
SRR27421011.130	NC_012149.1	24371
SRR27421011.26123	NC_012149.1	10038
SRR27421011.26300	NC_012149.1	16566
SRR27421011.17893	NC_012149.1	5983
SRR27421011.9649	NC_012149.1	13683
SRR27421011.20390	NC_012149.1	27004
SRR27421011.1239	NC_012149.1	8295
SRR27421011.7049	NC_012149.1	22872
SRR27421011.19901	NC_012149.1	14945
SRR27421011.10438	NC_012149.1	10086
SRR27421011.8073	NC_012149.1	31587
SRR27421011.10171	NC_012149.1	15912
SRR27421011.25154	NC_012149.1	18680
SRR27421011.14685	NC_012149.1	6070
SRR27421011.13248	NC_012149.1	8958
SRR27421011.25091	NC_012149.1	17851
SRR27421011.9846	NC_012149.1	13046
SRR27421011.11898	NC_012149.1	16086
SRR27421011.13598	NC_012149.1	13401
SRR27421011.4877	NC_012149.1	18054
SRR27421011.485	NC_012149.1	10564
SRR27421011.5003	NC_012149.1	11821
SRR27421011.22971	NC_012149.1	17373
SRR27421011.10451	NC_012149.1	16622
SRR27421011.9945	NC_012149.1	8965
SRR27421011.6495	NC_012149.1	20690
SRR27421011.3977	NC_012149.1	9455
SRR27421011.6890	NC_012149.1	21145
SRR27421011.3998	NC_012149.1	15559
SRR27421011.6594	NC_012149.1	6774
SRR27421011.8619	NC_012149.1	23012
SRR27421011.5819	NC_012149.1	7122
SRR27421011.4003	NC_012149.1	12133
SRR27421011.27334	NC_012149.1	12224
SRR27421011.3526	NC_012149.1	18401
SRR27421011.1864	NC_012149.1	12723
SRR27421011.18881	NC_012149.1	7503
SRR27421011.25715	NC_012149.1	7989
SRR27421011.24745	NC_012149.1	17530
SRR27421011.7502	NC_012149.1	5816
SRR27421011.19591	NC_012149.1	11256
SRR27421011.19060	NC_012149.1	15950
SRR27421011.21066	NC_012149.1	11655
SRR27421011.24990	NC_012149.1	21202
SRR27421011.12976	NC_012149.1	16805
SRR27421011.968	NC_012149.1	30552
SRR27421011.13894	NC_012149.1	19368
SRR27421011.21733	NC_012149.1	18714
SRR27421011.28783	NC_012149.1	15284
SRR27421011.27556	NC_012149.1	14655
SRR27421011.28743	NC_012149.1	11820
SRR27421011.23071	NC_012149.1	18632
SRR27421011.27097	NC_012149.1	7503
SRR27421011.6300	NC_012149.1	9120
SRR27421011.10808	NC_012149.1	12540
SRR27421011.6062	NC_012149.1	17771
SRR27421011.8274	NC_012149.1	5739
SRR27421011.11469	NC_012149.1	10125
SRR27421011.19824	NC_012149.1	9738
SRR27421011.8944	NC_012149.1	24433
SRR27421011.2798	NC_012149.1	12720
SRR27421011.20754	NC_012149.1	19673
SRR27421011.6866	NC_012149.1	20113
SRR27421011.6867	NC_012149.1	20861
SRR27421011.27988	NC_012149.1	13819
SRR27421011.15891	NC_012149.1	16191
SRR27421011.30156	NC_012149.1	19253
SRR27421011.9823	NC_012149.1	17649
SRR27421011.18110	NC_012149.1	5045
SRR27421011.1639	NC_012149.1	5286
SRR27421011.15295	NC_012149.1	19673
SRR27421011.3489	NC_012149.1	15069
SRR27421011.7108	NC_012149.1	16135
SRR27421011.3822	NC_012149.1	18491
SRR27421011.24787	NC_012149.1	13815
SRR27421011.22203	NC_012149.1	21369
SRR27421011.12061	NC_012149.1	22272
SRR27421011.29913	NC_012149.1	5633
SRR27421011.17905	NC_012149.1	9827
SRR27421011.14456	NC_012149.1	19823
SRR27421011.9614	NC_012149.1	9741
SRR27421011.9529	NC_012149.1	9300
SRR27421011.14875	NC_012149.1	23512
SRR27421011.26161	NC_012149.1	7000
SRR27421011.4241	NC_012149.1	9102
SRR27421011.16514	NC_012149.1	9612
SRR27421011.4012	NC_012149.1	18964
SRR27421011.3107	NC_012149.1	12578
SRR27421011.10784	NC_012149.1	10606
SRR27421011.17784	NC_012149.1	12897
SRR27421011.14157	NC_012149.1	16023
SRR27421011.248	NC_012149.1	17278
SRR27421011.24166	NC_012149.1	6630
SRR27421011.10358	NC_012149.1	11574
SRR27421011.21232	NC_012149.1	18865
SRR27421011.25781	NC_012149.1	12006
SRR27421011.9737	NC_012149.1	13138
SRR27421011.23420	NC_012149.1	24778
SRR27421011.23061	NC_012149.1	11005
SRR27421011.16023	NC_012149.1	11504
SRR27421011.18498	NC_012149.1	5421
SRR27421011.5388	NC_012149.1	9105
SRR27421011.20651	NC_012149.1	9187
SRR27421011.29677	NC_012149.1	9671
SRR27421011.8488	NC_012149.1	6227
SRR27421011.26411	NC_012149.1	9979
SRR27421011.24407	NC_012149.1	21511
SRR27421011.2406	NC_012149.1	10313
SRR27421011.13372	NC_012149.1	12764
SRR27421011.24397	NC_012149.1	10380
SRR27421011.28761	NC_012149.1	7982
SRR27421011.4693	NC_012149.1	15307
SRR27421011.21378	NC_012149.1	10458
SRR27421011.1578	NC_012149.1	13401
SRR27421011.22182	NC_012149.1	14413
SRR27421011.28157	NC_012149.1	9581
SRR27421011.21915	NC_012149.1	14995
SRR27421011.22668	NC_012149.1	14349
SRR27421011.10472	NC_012149.1	9437
SRR27421011.10985	NC_012149.1	9190
SRR27421011.1754	NC_012149.1	12312
SRR27421011.29026	NC_012149.1	24404
SRR27421011.27527	NC_012149.1	22815
SRR27421011.620	NC_012149.1	13380
SRR27421011.8414	NC_012149.1	11222
SRR27421011.24808	NC_012149.1	10878
SRR27421011.11071	NC_012149.1	8687
SRR27421011.20349	NC_012149.1	17235
SRR27421011.16294	NC_012149.1	9739
SRR27421011.22920	NC_012149.1	16810
SRR27421011.23476	NC_012149.1	12624
SRR27421011.29785	NC_012149.1	15938
SRR27421011.7700	NC_012149.1	9614
SRR27421011.28601	NC_012149.1	11666
SRR27421011.11577	NC_012149.1	10565
SRR27421011.17866	NC_012149.1	12975
SRR27421011.3654	NC_012149.1	8643
SRR27421011.22506	NC_012149.1	15088
SRR27421011.15127	NC_012149.1	11490
SRR27421011.22188	NC_012149.1	15920
SRR27421011.18039	NC_012149.1	7649
SRR27421011.24692	NC_012149.1	8296
SRR27421011.9287	NC_012149.1	14154
SRR27421011.17278	NC_012149.1	9234
SRR27421011.25921	NC_012149.1	7554
SRR27421011.17552	NC_012149.1	10369
SRR27421011.7917	NC_012149.1	15793
SRR27421011.12453	NC_012149.1	16545
SRR27421011.6683	NC_012149.1	9718
SRR27421011.23906	NC_012149.1	12154
SRR27421011.9039	NC_012149.1	12007
SRR27421011.28046	NC_012149.1	8965
SRR27421011.15606	NC_012149.1	9489
SRR27421011.25722	NC_012149.1	7760
SRR27421011.19498	NC_012149.1	17734
SRR27421011.20364	NC_012149.1	8196
SRR27421011.4822	NC_012149.1	6024
SRR27421011.4868	NC_012149.1	9050
SRR27421011.15824	NC_012149.1	12680
SRR27421011.15024	NC_012149.1	12785
SRR27421011.618	NC_012149.1	12020
SRR27421011.30112	NC_012149.1	6072
SRR27421011.13482	NC_012149.1	26018
SRR27421011.1522	NC_012149.1	15047
SRR27421011.18528	NC_012149.1	7263
SRR27421011.12995	NC_012149.1	11405
SRR27421011.15449	NC_012149.1	16891
SRR27421011.6380	NC_012149.1	8019
SRR27421011.9709	NC_012149.1	12439
SRR27421011.10181	NC_012149.1	5628
SRR27421011.21187	NC_012149.1	11639
SRR27421011.8540	NC_012149.1	12865
SRR27421011.22296	NC_012149.1	6181
SRR27421011.29277	NC_012149.1	6737
SRR27421011.20613	NC_012149.1	8541
SRR27421011.14160	NC_012149.1	5183
SRR27421011.9470	NC_012149.1	8837
SRR27421011.714	NC_012149.1	13087
SRR27421011.22187	NC_012149.1	5257
SRR27421011.2715	NC_012149.1	7270
SRR27421011.7261	NC_012149.1	13304
SRR27421011.2369	NC_012149.1	7390
SRR27421011.18793	NC_012149.1	5578
SRR27421011.23309	NC_012149.1	5018
SRR27421011.6886	NC_012149.1	7956
SRR27421011.13150	NC_012149.1	8383
SRR27421011.23514	NC_012149.1	5057
SRR27421011.24144	NC_012149.1	7305
SRR27421011.23938	NC_012149.1	8088
SRR27421011.4770	NC_012149.1	6589
SRR27421011.29159	NC_012149.1	8341
SRR27421011.14969	NC_012149.1	6620
SRR27421011.13120	NC_012149.1	7793
SRR27421011.1541	NC_012149.1	5472
SRR27421011.867	NC_012149.1	11311
SRR27421011.22893	NC_012149.1	7113
SRR27421011.9924	NC_012149.1	6355
SRR27421011.27998	NC_012149.1	5620
SRR27421011.23230	NC_012149.1	6966
SRR27421011.16775	NC_012149.1	9990
SRR27421011.19615	NC_012149.1	5058
SRR27421011.26633	NC_012149.1	8411
SRR27421011.897	NC_012149.1	6377
SRR27421011.20222	NC_012149.1	6066
SRR27421011.30057	NC_012149.1	9280
SRR27421011.20974	NC_012149.1	6415
SRR27421011.19094	NC_012149.1	7899
SRR27421011.19490	NC_012149.1	6195
SRR27421011.1915	NC_012149.1	8999
SRR27421011.21593	NC_012149.1	9867
SRR27421011.25037	NC_012149.1	8373
SRR27421011.15930	NC_012149.1	5272
SRR27421011.11955	NC_012149.1	5159
SRR27421011.27440	NC_012149.1	5396
SRR27421011.1971	NC_012149.1	6313
SRR27421011.27274	NC_012149.1	5716
SRR27421011.20096	NC_012149.1	5591
SRR27421011.15690	NC_012149.1	5110
SRR27421011.4223	NC_012149.1	5564
SRR27421011.13510	NC_012149.1	6921
SRR27421011.14621	NC_012149.1	5619
SRR27421011.23133	NC_012149.1	5130
SRR27421011.946	NC_012149.1	5364
SRR27421011.3632	NC_012149.1	5663
SRR27421011.1122	NC_012149.1	5758
SRR27421011.3586	NC_012149.1	6321
SRR27421011.11461	NC_012149.1	7174
SRR27421011.14755	NC_012149.1	7522
SRR27421011.17811	NC_012149.1	5554
SRR27421011.21161	NC_012149.1	5302
SRR27421011.21590	NC_012149.1	6131
SRR27421011.25649	NC_012149.1	5271
SRR27421011.29001	NC_012149.1	5884
SRR27421011.13917	NC_012149.1	6467
SRR27421011.6806	NC_012149.1	5207
SRR27421011.30193	NC_012149.1	6066
SRR27421011.25038	NC_012227.1	7419
SRR27421011.6813	NC_012227.1	7273
SRR27421011.6208	NC_012227.1	5158
SRR27421011.597	NC_012227.1	5653
SRR27421011.20475	NC_012227.1	5529
SRR27421011.9378	NC_012228.1	5347
SRR27421011.14153	NC_012202.1	9917
SRR27421011.27954	NC_012202.1	7748
SRR27421011.636	NC_012202.1	5827
SRR27421011.2305	NC_012202.1	5507
SRR27421011.19329	NC_012202.1	8363
SRR27421011.5489	NC_012202.1	5700
SRR27421011.5098	NC_012202.1	6132
SRR27421011.10677	NC_012202.1	8136
SRR27421011.13560	NC_012202.1	5572
SRR27421011.15651	NC_012202.1	5660
SRR27421011.8464	NC_012202.1	6558
SRR27421011.17425	NC_012170.1	6938
SRR27421011.23478	NC_012170.1	5950
SRR27421011.8988	NC_012170.1	8215
SRR27421011.14332	NC_012170.1	5707
SRR27421011.11168	NC_012170.1	12080
SRR27421011.12568	NC_012170.1	6026
SRR27421011.28154	NC_012170.1	5828
SRR27421011.2218	NC_012194.1	6463
SRR27421011.9127	NC_012194.1	9306
SRR27421011.19887	NC_012194.1	6091
SRR27421011.24031	NC_012194.1	8328
SRR27421011.27291	NC_012194.1	5508
SRR27421011.4640	NC_012194.1	6485
SRR27421011.10325	NC_012194.1	6238
SRR27421011.9912	NC_012194.1	6613
SRR27421011.26843	NC_012194.1	10491
SRR27421011.18087	NC_012194.1	6118
SRR27421011.18439	NC_012194.1	6066
SRR27421011.748	NC_012194.1	5271
SRR27421011.19802	NC_012194.1	5392
SRR27421011.3514	NC_012194.1	6048
SRR27421011.26462	NC_012194.1	8713
SRR27421011.5784	NC_012194.1	5191
SRR27421011.4007	NC_012194.1	6234
SRR27421011.22098	NC_012194.1	6023
SRR27421011.5515	NC_012194.1	5592
SRR27421011.27985	NC_012194.1	5911
SRR27421011.27815	NC_012194.1	5914
SRR27421011.1568	NC_012194.1	7529
SRR27421011.23562	NC_012194.1	6924
SRR27421011.23352	NC_012194.1	6850
SRR27421011.17151	NC_012194.1	6538
SRR27421011.27044	NC_012194.1	5510
SRR27421011.27136	NC_012194.1	7025
SRR27421011.10769	NC_012194.1	6763
SRR27421011.10999	NC_012194.1	7532
SRR27421011.25758	NC_012194.1	6121
SRR27421011.2056	NC_012194.1	6089
SRR27421011.1879	NC_012194.1	6061
SRR27421011.11313	NC_012194.1	5661
SRR27421011.26481	NC_012194.1	7848
SRR27421011.23179	NC_012194.1	14399
SRR27421011.6049	NC_012194.1	7523
SRR27421011.1674	NC_012194.1	6514
SRR27421011.15905	NC_012194.1	5594
SRR27421011.19735	NC_012194.1	5891
SRR27421011.4565	NC_012194.1	7805
SRR27421011.8422	NC_012194.1	5820
SRR27421011.7270	NC_012194.1	6471
SRR27421011.21463	NC_012194.1	6093
SRR27421011.20178	NC_012194.1	5874
SRR27421011.625	NC_012194.1	6578
SRR27421011.20007	NC_012194.1	6451
SRR27421011.9581	NC_012194.1	8836
SRR27421011.18359	NC_012194.1	5621
SRR27421011.4447	NC_012194.1	5391
SRR27421011.2079	NC_012194.1	5100
SRR27421011.24872	NC_012194.1	6999
SRR27421011.24530	NC_012194.1	6271
SRR27421011.28088	NC_012194.1	7846
SRR27421011.4053	NC_012194.1	6499
SRR27421011.4871	NC_012194.1	7503
SRR27421011.12097	NC_012194.1	7783
SRR27421011.8670	NC_012194.1	5044
SRR27421011.23141	NC_012194.1	7338
SRR27421011.15992	NC_012194.1	7178
SRR27421011.19295	NC_012194.1	5098
SRR27421011.22592	NC_012194.1	7281
SRR27421011.1867	NC_012194.1	6692
SRR27421011.4039	NC_012194.1	5101
SRR27421011.22563	NC_012194.1	7788
SRR27421011.22817	NC_012194.1	5316
SRR27421011.8032	NC_012194.1	5803
SRR27421011.14786	NC_012194.1	15629
SRR27421011.10245	NC_012194.1	5061
SRR27421011.22869	NC_012194.1	10167
SRR27421011.12517	NC_012194.1	7371
SRR27421011.19244	NC_012194.1	7919
SRR27421011.10644	NC_012194.1	6031
SRR27421011.27113	NC_012194.1	5962
SRR27421011.18305	NC_012194.1	7942
SRR27421011.14708	NC_012194.1	5121
SRR27421011.22780	NC_012194.1	6757
SRR27421011.27590	NC_012194.1	6879
SRR27421011.13175	NC_012194.1	11778
SRR27421011.26579	NC_012194.1	6272
SRR27421011.14559	NC_012194.1	6331
SRR27421011.7433	NC_012194.1	7429
SRR27421011.23124	NC_012194.1	7549
SRR27421011.23012	NC_012194.1	5740
SRR27421011.24490	NC_012194.1	10028
SRR27421011.24391	NC_012194.1	5224
SRR27421011.27619	NC_012194.1	9761
SRR27421011.21499	NC_012194.1	7620
SRR27421011.29025	NC_012194.1	5827
SRR27421011.2530	NC_012194.1	7471
SRR27421011.9297	NC_012194.1	6838
SRR27421011.24735	NC_012194.1	6843
SRR27421011.8677	NC_012194.1	5391
SRR27421011.22625	NC_012194.1	7210
SRR27421011.28438	NC_012194.1	6554
SRR27421011.10391	NC_012194.1	5243
SRR27421011.15334	NC_012194.1	6342
SRR27421011.5008	NC_012194.1	8039
SRR27421011.11868	NC_012194.1	8009
SRR27421011.16093	NC_012194.1	6017
SRR27421011.12958	NC_012194.1	7652
SRR27421011.15769	NC_012194.1	7334
SRR27421011.4832	NC_012194.1	7534
SRR27421011.1339	NC_012194.1	7089
SRR27421011.9931	NC_012194.1	6608
SRR27421011.16453	NC_012194.1	5821
SRR27421011.12723	NC_012194.1	6032
SRR27421011.9809	NC_012194.1	8087
SRR27421011.9792	NC_012194.1	6971
SRR27421011.17101	NC_012194.1	5863
SRR27421011.23281	NC_012194.1	7014
SRR27421011.14180	NC_012194.1	5728
SRR27421011.23125	NC_012194.1	6949
SRR27421011.275	NC_012194.1	20095
SRR27421011.21700	NC_012194.1	5207
SRR27421011.25309	NC_012194.1	7030
SRR27421011.27515	NC_012194.1	5907
SRR27421011.20690	NC_012194.1	8942
SRR27421011.16641	NC_012194.1	7372
SRR27421011.3861	NC_012194.1	5840
SRR27421011.4168	NC_012194.1	5200
SRR27421011.14164	NC_012194.1	7580
SRR27421011.4431	NC_012194.1	6678
SRR27421011.1054	NC_012194.1	6124
SRR27421011.9887	NC_012194.1	6283
SRR27421011.9281	NC_012194.1	6382
SRR27421011.10933	NC_012194.1	8665
SRR27421011.21426	NC_012194.1	8304
SRR27421011.15922	NC_012194.1	6242
SRR27421011.21522	NC_012194.1	5763
SRR27421011.21505	NC_012194.1	5760
SRR27421011.19932	NC_012194.1	8521
SRR27421011.23939	NC_012194.1	7256
SRR27421011.4274	NC_012194.1	7237
SRR27421011.22340	NC_012194.1	6281
SRR27421011.9631	NC_012194.1	5792
SRR27421011.11794	NC_012194.1	6877
SRR27421011.21404	NC_012194.1	7043
SRR27421011.16251	NC_012194.1	12999
SRR27421011.10130	NC_012194.1	12888
SRR27421011.25434	NC_012194.1	6818
SRR27421011.24034	NC_012194.1	6226
SRR27421011.4407	NC_012194.1	7164
SRR27421011.29017	NC_012194.1	6725
SRR27421011.8953	NC_012194.1	8960
SRR27421011.18346	NC_012194.1	8514
SRR27421011.16625	NC_012194.1	5798
SRR27421011.21071	NC_012194.1	5860
SRR27421011.10952	NC_012194.1	5086
SRR27421011.22241	NC_012194.1	5378
SRR27421011.26022	NC_012194.1	5459
SRR27421011.6394	NC_012194.1	6616
SRR27421011.14644	NC_012194.1	7126
SRR27421011.20024	NC_012194.1	6037
SRR27421011.9133	NC_012194.1	6104
SRR27421011.26066	NC_012194.1	6795
SRR27421011.28604	NC_012194.1	6289
SRR27421011.27399	NC_012194.1	5557
SRR27421011.18185	NC_012194.1	12169
SRR27421011.28204	NC_012194.1	7433
SRR27421011.8280	NC_012194.1	5588
SRR27421011.5387	NC_012194.1	5745
SRR27421011.16216	NC_012194.1	7405
SRR27421011.27511	NC_012194.1	11375
SRR27421011.528	NC_012194.1	7394
SRR27421011.11956	NC_012194.1	5792
SRR27421011.10686	NC_012194.1	19877
SRR27421011.25948	NC_012194.1	6834
SRR27421011.8401	NC_012194.1	6972
SRR27421011.13494	NC_012194.1	10440
SRR27421011.26783	NC_012194.1	7052
SRR27421011.15104	NC_012194.1	5373
SRR27421011.17061	NC_012194.1	6072
SRR27421011.21124	NC_012194.1	6095
SRR27421011.16800	NC_012194.1	5738
SRR27421011.22145	NC_012194.1	5131
SRR27421011.19983	NC_012194.1	6851
SRR27421011.26197	NC_012194.1	5131
SRR27421011.19173	NC_012194.1	10335
SRR27421011.29456	NC_012194.1	7022
SRR27421011.3659	NC_012194.1	5675
SRR27421011.11671	NC_012194.1	10720
SRR27421011.21908	NC_012194.1	5377
SRR27421011.13529	NC_012194.1	5968
SRR27421011.29053	NC_012194.1	5730
SRR27421011.5561	NC_012194.1	6474
SRR27421011.15276	NC_012194.1	6934
SRR27421011.22144	NC_012194.1	12098
SRR27421011.19970	NC_012194.1	5959
SRR27421011.15923	NC_012194.1	7461
SRR27421011.22009	NC_012194.1	5862
SRR27421011.3594	NC_012194.1	11433
SRR27421011.29977	NC_012194.1	10407
SRR27421011.19583	NC_012194.1	5833
SRR27421011.17877	NC_012194.1	9281
SRR27421011.23485	NC_012194.1	9130
SRR27421011.9349	NC_012194.1	8962
SRR27421011.1031	NC_012194.1	8906
SRR27421011.16804	NC_012194.1	8532
SRR27421011.23885	NC_012194.1	7559
SRR27421011.29068	NC_012194.1	5707
SRR27421011.26128	NC_012194.1	7828
SRR27421011.14955	NC_012194.1	6567
SRR27421011.14726	NC_012194.1	6325
SRR27421011.24392	NC_012194.1	5807
SRR27421011.29117	NC_012194.1	5794
SRR27421011.12074	NC_012194.1	5528
SRR27421011.13892	NC_012194.1	5122
SRR27421011.25769	NC_012194.1	5026
SRR27421011.29048	NC_012203.1	8100
SRR27421011.19293	NC_012203.1	6131
SRR27421011.25592	NC_012203.1	5094
SRR27421011.10167	NC_012203.1	5450
SRR27421011.21544	NC_012203.1	7143
SRR27421011.9805	NC_012203.1	13134
SRR27421011.6078	NC_012203.1	12546
SRR27421011.8139	NC_012203.1	7375
SRR27421011.22379	NC_012203.1	6874
SRR27421011.20033	NC_012203.1	5188
SRR27421011.9748	NC_012203.1	5084
SRR27421011.3290	NC_012203.1	6530
SRR27421011.14539	NC_012203.1	7343
SRR27421011.14284	NC_012203.1	10670
SRR27421011.28049	NC_012203.1	5678
SRR27421011.28936	NC_012203.1	8914
SRR27421011.22001	NC_012203.1	6328
SRR27421011.6844	NZ_ABJY02000014.1	6058
SRR27421011.21343	NZ_ABJY02000014.1	6035
SRR27421011.7473	NZ_ABJY02000014.1	7389
SRR27421011.19217	NZ_ABJY02000013.1	9668
SRR27421011.3815	NZ_ABJY02000013.1	7817
SRR27421011.16642	NZ_ABJY02000013.1	6133
SRR27421011.12695	NZ_ABJY02000013.1	8340
SRR27421011.18473	NZ_ABJY02000013.1	5520
SRR27421011.29257	NZ_ABJY02000013.1	11892
SRR27421011.28990	NZ_ABJY02000013.1	5707
SRR27421011.15732	NZ_ABJY02000013.1	7915
SRR27421011.18798	NZ_ABJY02000013.1	5212
SRR27421011.7602	NZ_ABJY02000013.1	11986
SRR27421011.6230	NZ_ABJY02000013.1	6396
SRR27421011.26187	NZ_ABJY02000013.1	19326
SRR27421011.15580	NZ_ABJY02000013.1	5838
SRR27421011.5486	NZ_ABJY02000013.1	7592
SRR27421011.18332	NZ_ABJY02000013.1	6922
SRR27421011.16602	NZ_ABJY02000013.1	15150
SRR27421011.23131	NZ_ABJY02000012.1	11246
SRR27421011.11142	NZ_ABJY02000012.1	8368
SRR27421011.16332	NZ_ABJY02000012.1	7926
SRR27421011.25425	NZ_ABJY02000012.1	5609
SRR27421011.672	NZ_ABJY02000012.1	7481
SRR27421011.21252	NZ_ABJY02000012.1	7310
SRR27421011.8568	NZ_ABJY02000012.1	6855
SRR27421011.16127	NZ_ABJY02000012.1	7579
SRR27421011.16448	NZ_ABJY02000012.1	15097
SRR27421011.17765	NZ_ABJY02000012.1	5030
SRR27421011.9100	NZ_ABJY02000012.1	11828
SRR27421011.16001	NZ_ABJY02000012.1	6662
SRR27421011.20190	NZ_ABJY02000012.1	5979
SRR27421011.12782	NZ_ABJY02000012.1	7639
SRR27421011.24489	NZ_ABJY02000012.1	6163
SRR27421011.21090	NZ_ABJY02000012.1	5329
SRR27421011.7800	NZ_ABJY02000012.1	8438
SRR27421011.761	NZ_ABJY02000012.1	5601
SRR27421011.6436	NZ_ABJY02000012.1	5030
SRR27421011.18343	NZ_ABJY02000011.1	7465
SRR27421011.23431	NZ_ABJY02000011.1	9175
SRR27421011.24850	NZ_ABJY02000011.1	10408
SRR27421011.1033	NZ_ABJY02000011.1	11546
SRR27421011.1102	NZ_ABJY02000011.1	15168
SRR27421011.25577	NZ_ABJY02000011.1	5281
SRR27421011.10806	NZ_ABJY02000011.1	5477
SRR27421011.25738	NZ_ABJY02000011.1	6084
SRR27421011.7611	NZ_ABJY02000011.1	5688
SRR27421011.4798	NZ_ABJY02000011.1	6435
SRR27421011.27650	NZ_ABJY02000011.1	6029
SRR27421011.1474	NZ_ABJY02000011.1	5174
SRR27421011.17133	NZ_ABJY02000011.1	7206
SRR27421011.29721	NZ_ABJY02000011.1	21781
SRR27421011.22493	NZ_ABJY02000011.1	6009
SRR27421011.22301	NZ_ABJY02000011.1	6678
SRR27421011.29601	NZ_ABJY02000011.1	5131
SRR27421011.5075	NZ_ABJY02000011.1	8926
SRR27421011.18609	NZ_ABJY02000011.1	7002
SRR27421011.18718	NZ_ABJY02000011.1	13882
SRR27421011.19482	NZ_ABJY02000011.1	6991
SRR27421011.18100	NZ_ABJY02000011.1	6087
SRR27421011.8526	NZ_ABJY02000011.1	9787
SRR27421011.22987	NZ_ABJY02000011.1	6379
SRR27421011.30309	NZ_ABJY02000011.1	5561
SRR27421011.1815	NZ_ABJY02000011.1	28421
SRR27421011.30302	NZ_ABJY02000011.1	10076
SRR27421011.22403	NZ_ABJY02000011.1	5147
SRR27421011.3943	NZ_ABJY02000011.1	5044
SRR27421011.3653	NZ_ABJY02000011.1	6804
SRR27421011.26316	NZ_ABJY02000011.1	6475
SRR27421011.14215	NZ_ABJY02000011.1	6011
SRR27421011.11807	NZ_ABJY02000008.1	5198
SRR27421011.29582	NZ_ABJY02000008.1	6548
SRR27421011.2778	NZ_ABJY02000008.1	7249
SRR27421011.22333	NZ_ABJY02000008.1	8270
SRR27421011.12142	NZ_ABJY02000008.1	6022
SRR27421011.3856	NZ_ABJY02000008.1	5636
SRR27421011.21079	NZ_ABJY02000008.1	8119
SRR27421011.24201	NZ_ABJY02000008.1	8889
SRR27421011.1798	NZ_ABJY02000008.1	16077
SRR27421011.10688	NZ_ABJY02000008.1	6935
SRR27421011.4556	NZ_ABJY02000008.1	5652
SRR27421011.2112	NZ_ABJY02000008.1	6700
SRR27421011.2811	NZ_ABJY02000008.1	6738
SRR27421011.19964	NZ_ABJY02000008.1	8367
SRR27421011.26050	NZ_ABJY02000008.1	6287
SRR27421011.6498	NZ_ABJY02000008.1	7145
SRR27421011.13259	NZ_ABJY02000008.1	8360
SRR27421011.17458	NZ_ABJY02000008.1	5425
SRR27421011.16522	NZ_ABJY02000008.1	15918
SRR27421011.5854	NZ_ABJY02000008.1	5212
SRR27421011.11590	NZ_ABJY02000008.1	5471
SRR27421011.27152	NZ_ABJY02000008.1	5659
SRR27421011.24733	NZ_ABJY02000008.1	5122
SRR27421011.14480	NZ_ABJY02000008.1	5052
SRR27421011.24314	NZ_ABJY02000008.1	5794
SRR27421011.12925	NZ_ABJY02000008.1	6807
SRR27421011.21485	NZ_ABJY02000008.1	6111
SRR27421011.27766	NZ_ABJY02000008.1	6343
SRR27421011.22516	NZ_ABJY02000008.1	5139
SRR27421011.21586	NZ_ABJY02000008.1	6587
SRR27421011.26069	NZ_ABJY02000008.1	6109
SRR27421011.13467	NZ_ABJY02000008.1	8965
SRR27421011.18472	NZ_ABJY02000008.1	12372
SRR27421011.24677	NZ_ABJY02000008.1	6634
SRR27421011.18557	NZ_ABJY02000008.1	8283
SRR27421011.11608	NZ_ABJY02000008.1	6157
SRR27421011.10524	NZ_ABJY02000008.1	5096
SRR27421011.12828	NZ_ABJY02000008.1	5005
SRR27421011.10413	NZ_ABJY02000008.1	6119
SRR27421011.11833	NZ_ABJY02000008.1	14415
SRR27421011.16652	NZ_ABJY02000008.1	5472
SRR27421011.22211	NZ_ABJY02000008.1	13290
SRR27421011.24561	NZ_ABJY02000008.1	7349
SRR27421011.29783	NZ_ABJY02000008.1	13628
SRR27421011.23239	NZ_ABJY02000008.1	20423
SRR27421011.29699	NZ_ABJY02000008.1	5736
SRR27421011.529	NZ_ABJY02000008.1	5374
SRR27421011.20062	NZ_ABJY02000008.1	5866
SRR27421011.21892	NZ_ABJY02000008.1	6820
SRR27421011.4764	NZ_ABJY02000007.1	6414
SRR27421011.11211	NZ_ABJY02000007.1	5763
SRR27421011.2000	NZ_ABJY02000007.1	5431
SRR27421011.6936	NZ_ABJY02000007.1	5946
SRR27421011.1917	NZ_ABJY02000007.1	6645
SRR27421011.8539	NZ_ABJY02000007.1	5925
SRR27421011.28723	NZ_ABJY02000007.1	7491
SRR27421011.5320	NZ_ABJY02000007.1	7193
SRR27421011.13595	NZ_ABJY02000007.1	5084
SRR27421011.27203	NZ_ABJY02000007.1	20791
SRR27421011.19943	NZ_ABJY02000007.1	7543
SRR27421011.25005	NZ_ABJY02000007.1	7600
SRR27421011.19506	NZ_ABJY02000007.1	7019
SRR27421011.11587	NZ_ABJY02000007.1	5892
SRR27421011.3982	NZ_ABJY02000007.1	5572
SRR27421011.3787	NZ_ABJY02000007.1	7831
SRR27421011.30332	NZ_ABJY02000007.1	15521
SRR27421011.25892	NZ_ABJY02000007.1	7871
SRR27421011.18016	NZ_ABJY02000007.1	6890
SRR27421011.2360	NZ_ABJY02000007.1	7734
SRR27421011.6480	NZ_ABJY02000007.1	7547
SRR27421011.19642	NZ_ABJY02000007.1	5950
SRR27421011.27782	NZ_ABJY02000007.1	6571
SRR27421011.27783	NZ_ABJY02000007.1	6354
SRR27421011.24604	NZ_ABJY02000007.1	5513
SRR27421011.27256	NZ_ABJY02000007.1	5283
SRR27421011.7802	NZ_ABJY02000007.1	10243
SRR27421011.4803	NZ_ABJY02000007.1	11531
SRR27421011.24093	NZ_ABJY02000007.1	9679
SRR27421011.25684	NZ_ABJY02000007.1	5007
SRR27421011.17906	NZ_ABJY02000007.1	5111
SRR27421011.3995	NZ_ABJY02000007.1	6549
SRR27421011.1774	NZ_ABJY02000007.1	9970
SRR27421011.30077	NZ_ABJY02000007.1	5444
SRR27421011.19004	NZ_ABJY02000007.1	7280
SRR27421011.27482	NZ_ABJY02000007.1	7215
SRR27421011.29880	NZ_ABJY02000007.1	6613
SRR27421011.2876	NZ_ABJY02000006.1	5647
SRR27421011.23943	NZ_ABJY02000006.1	11626
SRR27421011.20186	NZ_ABJY02000006.1	5165
SRR27421011.14619	NZ_ABJY02000006.1	6900
SRR27421011.30246	NZ_ABJY02000006.1	6810
SRR27421011.14364	NZ_ABJY02000006.1	5335
SRR27421011.6819	NZ_ABJY02000006.1	10324
SRR27421011.3119	NZ_ABJY02000006.1	5005
SRR27421011.25334	NZ_ABJY02000006.1	5361
SRR27421011.27857	NZ_ABJY02000003.1	9508
SRR27421011.23327	NZ_ABJY02000003.1	6347
SRR27421011.10761	NZ_ABJY02000003.1	15763
SRR27421011.30055	NZ_ABJY02000003.1	5106
SRR27421011.13812	NZ_ABJY02000003.1	6728
SRR27421011.16414	NZ_ABJY02000003.1	15556
SRR27421011.21377	NZ_ABJY02000003.1	7285
SRR27421011.26309	NZ_ABJY02000003.1	7550
SRR27421011.29530	NZ_ABJY02000003.1	6938
SRR27421011.7643	NZ_ABJY02000003.1	5305
SRR27421011.8656	NZ_ABJY02000003.1	5177
SRR27421011.19788	NZ_ABJY02000003.1	6326
SRR27421011.24193	NZ_ABJY02000003.1	6219
SRR27421011.10736	NZ_ABJY02000003.1	6940
SRR27421011.2796	NZ_ABJY02000002.1	13780
SRR27421011.18081	NZ_ABJY02000002.1	5514
SRR27421011.6239	NZ_ABJY02000002.1	6270
SRR27421011.19795	NZ_ABJY02000002.1	5187
SRR27421011.5937	NZ_ABJY02000002.1	5811
SRR27421011.6113	NZ_ABJY02000002.1	6904
SRR27421011.17162	NZ_ABJY02000002.1	5145
SRR27421011.3851	NZ_ABJY02000002.1	7412
SRR27421011.18586	NZ_ABJY02000002.1	6588
SRR27421011.12888	NZ_ABJY02000002.1	6442
SRR27421011.2595	NZ_ABJY02000002.1	5976
SRR27421011.16921	NZ_ABJY02000002.1	7942
SRR27421011.12617	NZ_ABJY02000002.1	13403
SRR27421011.13341	NZ_ABJY02000002.1	6394
SRR27421011.29457	NZ_ABJY02000002.1	10079
SRR27421011.23717	NZ_ABJY02000002.1	6946
SRR27421011.4164	NZ_ABJY02000002.1	7885
SRR27421011.6178	NZ_ABJY02000002.1	7453
SRR27421011.15719	NZ_ABJY02000002.1	14641
SRR27421011.7263	NZ_ABJY02000002.1	12249
SRR27421011.25615	NZ_ABJY02000002.1	7241
SRR27421011.15278	NZ_ABJY02000002.1	5657
SRR27421011.14998	NZ_ABJY02000002.1	5668
SRR27421011.28548	NZ_ABJY02000002.1	6723
SRR27421011.23701	NZ_ABJY02000002.1	7226
SRR27421011.9750	NZ_ABJY02000002.1	5112
SRR27421011.17810	NZ_ABJY02000002.1	11811
SRR27421011.4768	NZ_ABJY02000002.1	6917
SRR27421011.14171	NZ_ABJY02000002.1	6414
SRR27421011.658	NZ_ABJY02000002.1	11198
SRR27421011.3758	NZ_ABJY02000002.1	6058
SRR27421011.29216	NZ_ABJY02000002.1	5671
SRR27421011.9284	NZ_ABJY02000002.1	6649
SRR27421011.25762	NZ_ABJY02000002.1	5662
SRR27421011.12232	NZ_ABJY02000002.1	25964
SRR27421011.29145	NZ_ABJY02000002.1	6063
SRR27421011.23881	NZ_ABJY02000001.1	5015
