ReadID	Reference	ReadLength
SRR27421013.67687	NC_012157.1	6556
SRR27421013.161425	NC_012157.1	5198
SRR27421013.135225	NC_012157.1	7430
SRR27421013.160151	NC_012157.1	5770
SRR27421013.159792	NC_012157.1	7130
SRR27421013.40820	NC_012157.1	6842
SRR27421013.15801	NC_012157.1	6760
SRR27421013.11760	NC_012157.1	7199
SRR27421013.69131	NC_012157.1	7212
SRR27421013.118373	NC_012157.1	8111
SRR27421013.76877	NC_012157.1	7015
SRR27421013.268288	NC_012157.1	6568
SRR27421013.75513	NC_012158.1	6729
SRR27421013.75730	NC_012158.1	23939
SRR27421013.76691	NC_012158.1	32645
SRR27421013.121264	NC_012158.1	18704
SRR27421013.137709	NC_012158.1	10352
SRR27421013.162551	NC_012158.1	28173
SRR27421013.169318	NC_012158.1	8857
SRR27421013.213686	NC_012158.1	31297
SRR27421013.38757	NC_012158.1	9385
SRR27421013.64931	NC_012158.1	15784
SRR27421013.137586	NC_012158.1	10352
SRR27421013.169973	NC_012158.1	9162
SRR27421013.182837	NC_012158.1	31024
SRR27421013.200392	NC_012158.1	15803
SRR27421013.237623	NC_012158.1	31612
SRR27421013.265454	NC_012158.1	10365
SRR27421013.243127	NC_012158.1	9406
SRR27421013.219684	NC_012158.1	9533
SRR27421013.166236	NC_012158.1	12526
SRR27421013.182732	NC_012158.1	9737
SRR27421013.238371	NC_012158.1	19831
SRR27421013.11172	NC_012158.1	9790
SRR27421013.76207	NC_012158.1	18386
SRR27421013.9754	NC_012158.1	9395
SRR27421013.167714	NC_012158.1	25670
SRR27421013.270230	NC_012158.1	6698
SRR27421013.117384	NC_012158.1	5199
SRR27421013.15712	NC_012158.1	6583
SRR27421013.241134	NC_012158.1	5634
SRR27421013.163110	NC_012158.1	10083
SRR27421013.142622	NC_012158.1	6686
SRR27421013.104838	NC_012158.1	32620
SRR27421013.119965	NC_012158.1	5663
SRR27421013.67456	NC_012158.1	9170
SRR27421013.220407	NC_012158.1	9664
SRR27421013.200896	NC_012158.1	6296
SRR27421013.187330	NC_012158.1	15239
SRR27421013.36003	NC_012158.1	7028
SRR27421013.248566	NC_012158.1	5311
SRR27421013.102576	NC_012158.1	31318
SRR27421013.127417	NC_012158.1	7012
SRR27421013.96234	NC_012158.1	18797
SRR27421013.146444	NC_012158.1	27117
SRR27421013.32746	NC_012158.1	9774
SRR27421013.17458	NC_012158.1	17291
SRR27421013.63922	NC_012158.1	5746
SRR27421013.49751	NC_012158.1	8611
SRR27421013.182300	NC_012158.1	9558
SRR27421013.51761	NC_012158.1	8902
SRR27421013.195505	NC_012158.1	30968
SRR27421013.7017	NC_012158.1	9239
SRR27421013.33279	NC_012158.1	5387
SRR27421013.262972	NC_012158.1	6682
SRR27421013.135281	NC_012158.1	16993
SRR27421013.73971	NC_012158.1	8624
SRR27421013.75986	NC_012158.1	9279
SRR27421013.266628	NC_012158.1	18932
SRR27421013.112313	NC_012158.1	8831
SRR27421013.264046	NC_012158.1	6409
SRR27421013.211041	NC_012158.1	6250
SRR27421013.212913	NC_012158.1	9200
SRR27421013.237893	NC_012158.1	5405
SRR27421013.125044	NC_012158.1	9425
SRR27421013.253010	NC_012158.1	9003
SRR27421013.152453	NC_012158.1	9961
SRR27421013.12857	NC_012158.1	6267
SRR27421013.35887	NC_012158.1	6200
SRR27421013.315	NC_012152.1	6398
SRR27421013.1858	NC_012152.1	6473
SRR27421013.1926	NC_012152.1	6061
SRR27421013.2833	NC_012152.1	6994
SRR27421013.3143	NC_012152.1	8603
SRR27421013.3822	NC_012152.1	9262
SRR27421013.4140	NC_012152.1	6724
SRR27421013.4664	NC_012152.1	9870
SRR27421013.5254	NC_012152.1	6627
SRR27421013.6757	NC_012152.1	7471
SRR27421013.6984	NC_012152.1	5804
SRR27421013.7188	NC_012152.1	6908
SRR27421013.7491	NC_012152.1	6528
SRR27421013.8753	NC_012152.1	6978
SRR27421013.8891	NC_012152.1	9882
SRR27421013.9366	NC_012152.1	9548
SRR27421013.10057	NC_012152.1	9419
SRR27421013.10504	NC_012152.1	9960
SRR27421013.10969	NC_012152.1	6777
SRR27421013.11484	NC_012152.1	6369
SRR27421013.11626	NC_012152.1	6711
SRR27421013.11812	NC_012152.1	6693
SRR27421013.13052	NC_012152.1	6790
SRR27421013.13060	NC_012152.1	7275
SRR27421013.13692	NC_012152.1	5087
SRR27421013.13729	NC_012152.1	9693
SRR27421013.14108	NC_012152.1	5818
SRR27421013.14456	NC_012152.1	6793
SRR27421013.14473	NC_012152.1	7103
SRR27421013.14761	NC_012152.1	6620
SRR27421013.15247	NC_012152.1	6281
SRR27421013.15760	NC_012152.1	9630
SRR27421013.15773	NC_012152.1	6410
SRR27421013.15778	NC_012152.1	9318
SRR27421013.15922	NC_012152.1	6635
SRR27421013.16202	NC_012152.1	6212
SRR27421013.16429	NC_012152.1	6644
SRR27421013.16456	NC_012152.1	6832
SRR27421013.16507	NC_012152.1	6560
SRR27421013.16670	NC_012152.1	9616
SRR27421013.16874	NC_012152.1	9734
SRR27421013.17253	NC_012152.1	9220
SRR27421013.17416	NC_012152.1	6706
SRR27421013.17702	NC_012152.1	6735
SRR27421013.17836	NC_012152.1	6256
SRR27421013.18745	NC_012152.1	6517
SRR27421013.18842	NC_012152.1	5055
SRR27421013.19772	NC_012152.1	5753
SRR27421013.20691	NC_012152.1	6616
SRR27421013.21211	NC_012152.1	9470
SRR27421013.21610	NC_012152.1	6686
SRR27421013.21786	NC_012152.1	8247
SRR27421013.22020	NC_012152.1	7002
SRR27421013.23512	NC_012152.1	8060
SRR27421013.23656	NC_012152.1	6794
SRR27421013.23798	NC_012152.1	9100
SRR27421013.23818	NC_012152.1	9750
SRR27421013.24428	NC_012152.1	9663
SRR27421013.25538	NC_012152.1	6334
SRR27421013.26393	NC_012152.1	6514
SRR27421013.27646	NC_012152.1	6179
SRR27421013.27826	NC_012152.1	6539
SRR27421013.27880	NC_012152.1	6919
SRR27421013.27953	NC_012152.1	6494
SRR27421013.28743	NC_012152.1	7662
SRR27421013.29507	NC_012152.1	6908
SRR27421013.29724	NC_012152.1	6843
SRR27421013.29810	NC_012152.1	6249
SRR27421013.29818	NC_012152.1	6160
SRR27421013.30660	NC_012152.1	6910
SRR27421013.31150	NC_012152.1	7367
SRR27421013.31203	NC_012152.1	5734
SRR27421013.31279	NC_012152.1	6711
SRR27421013.31346	NC_012152.1	6924
SRR27421013.31708	NC_012152.1	6420
SRR27421013.31880	NC_012152.1	10162
SRR27421013.32259	NC_012152.1	7720
SRR27421013.32314	NC_012152.1	8277
SRR27421013.32376	NC_012152.1	11330
SRR27421013.33035	NC_012152.1	7119
SRR27421013.33182	NC_012152.1	6789
SRR27421013.33436	NC_012152.1	12849
SRR27421013.34354	NC_012152.1	6631
SRR27421013.34690	NC_012152.1	7074
SRR27421013.35459	NC_012152.1	6250
SRR27421013.35837	NC_012152.1	7618
SRR27421013.36051	NC_012152.1	9256
SRR27421013.36405	NC_012152.1	6778
SRR27421013.36530	NC_012152.1	9843
SRR27421013.36681	NC_012152.1	9259
SRR27421013.37456	NC_012152.1	9629
SRR27421013.37487	NC_012152.1	6468
SRR27421013.37664	NC_012152.1	6883
SRR27421013.38622	NC_012152.1	7467
SRR27421013.38690	NC_012152.1	9396
SRR27421013.38871	NC_012152.1	6665
SRR27421013.38952	NC_012152.1	6918
SRR27421013.39148	NC_012152.1	16241
SRR27421013.39446	NC_012152.1	5904
SRR27421013.39661	NC_012152.1	6860
SRR27421013.39716	NC_012152.1	5692
SRR27421013.39733	NC_012152.1	6025
SRR27421013.39842	NC_012152.1	9072
SRR27421013.40069	NC_012152.1	6811
SRR27421013.41452	NC_012152.1	6697
SRR27421013.41652	NC_012152.1	6163
SRR27421013.42713	NC_012152.1	6665
SRR27421013.42795	NC_012152.1	6687
SRR27421013.42806	NC_012152.1	6963
SRR27421013.43025	NC_012152.1	8862
SRR27421013.43135	NC_012152.1	6394
SRR27421013.43637	NC_012152.1	6816
SRR27421013.45024	NC_012152.1	10142
SRR27421013.45695	NC_012152.1	13433
SRR27421013.46339	NC_012152.1	6071
SRR27421013.46355	NC_012152.1	6791
SRR27421013.47470	NC_012152.1	9877
SRR27421013.47594	NC_012152.1	6909
SRR27421013.47979	NC_012152.1	9847
SRR27421013.48089	NC_012152.1	6735
SRR27421013.48738	NC_012152.1	8066
SRR27421013.48790	NC_012152.1	9483
SRR27421013.49039	NC_012152.1	7014
SRR27421013.49383	NC_012152.1	5985
SRR27421013.49694	NC_012152.1	6552
SRR27421013.49804	NC_012152.1	8461
SRR27421013.49808	NC_012152.1	6477
SRR27421013.50414	NC_012152.1	6502
SRR27421013.50579	NC_012152.1	6067
SRR27421013.50582	NC_012152.1	6264
SRR27421013.50956	NC_012152.1	7225
SRR27421013.51409	NC_012152.1	7041
SRR27421013.51899	NC_012152.1	7705
SRR27421013.51971	NC_012152.1	6543
SRR27421013.52079	NC_012152.1	6925
SRR27421013.52300	NC_012152.1	9427
SRR27421013.52654	NC_012152.1	7162
SRR27421013.52951	NC_012152.1	6744
SRR27421013.53886	NC_012152.1	23222
SRR27421013.54563	NC_012152.1	6697
SRR27421013.54696	NC_012152.1	9897
SRR27421013.54780	NC_012152.1	9165
SRR27421013.54927	NC_012152.1	6777
SRR27421013.55193	NC_012152.1	9260
SRR27421013.55659	NC_012152.1	6780
SRR27421013.55953	NC_012152.1	7695
SRR27421013.56450	NC_012152.1	7505
SRR27421013.56791	NC_012152.1	7036
SRR27421013.57465	NC_012152.1	9658
SRR27421013.57519	NC_012152.1	6912
SRR27421013.57708	NC_012152.1	9761
SRR27421013.57885	NC_012152.1	9320
SRR27421013.58260	NC_012152.1	6646
SRR27421013.58369	NC_012152.1	9430
SRR27421013.58563	NC_012152.1	6843
SRR27421013.58664	NC_012152.1	9651
SRR27421013.58877	NC_012152.1	6636
SRR27421013.59202	NC_012152.1	6925
SRR27421013.59849	NC_012152.1	7821
SRR27421013.59962	NC_012152.1	9449
SRR27421013.60624	NC_012152.1	6378
SRR27421013.60866	NC_012152.1	7670
SRR27421013.61283	NC_012152.1	8111
SRR27421013.62313	NC_012152.1	8566
SRR27421013.63578	NC_012152.1	6569
SRR27421013.63809	NC_012152.1	6990
SRR27421013.65314	NC_012152.1	6439
SRR27421013.65488	NC_012152.1	5814
SRR27421013.66147	NC_012152.1	8561
SRR27421013.66772	NC_012152.1	6043
SRR27421013.67072	NC_012152.1	6661
SRR27421013.67299	NC_012152.1	9437
SRR27421013.67723	NC_012152.1	9756
SRR27421013.67950	NC_012152.1	6699
SRR27421013.68579	NC_012152.1	6765
SRR27421013.68831	NC_012152.1	6671
SRR27421013.70423	NC_012152.1	6853
SRR27421013.70745	NC_012152.1	6867
SRR27421013.71271	NC_012152.1	9226
SRR27421013.71460	NC_012152.1	8884
SRR27421013.71700	NC_012152.1	9565
SRR27421013.71899	NC_012152.1	7706
SRR27421013.72017	NC_012152.1	9454
SRR27421013.72120	NC_012152.1	9700
SRR27421013.72195	NC_012152.1	6830
SRR27421013.72363	NC_012152.1	7041
SRR27421013.72484	NC_012152.1	12113
SRR27421013.73166	NC_012152.1	5293
SRR27421013.73221	NC_012152.1	9010
SRR27421013.73495	NC_012152.1	6565
SRR27421013.73827	NC_012152.1	8838
SRR27421013.74459	NC_012152.1	6846
SRR27421013.75025	NC_012152.1	9400
SRR27421013.75157	NC_012152.1	9683
SRR27421013.75195	NC_012152.1	10015
SRR27421013.75646	NC_012152.1	9863
SRR27421013.76159	NC_012152.1	9800
SRR27421013.76458	NC_012152.1	6501
SRR27421013.76495	NC_012152.1	6669
SRR27421013.76917	NC_012152.1	6694
SRR27421013.77045	NC_012152.1	6464
SRR27421013.77535	NC_012152.1	12021
SRR27421013.78144	NC_012152.1	7270
SRR27421013.78424	NC_012152.1	6865
SRR27421013.78431	NC_012152.1	9184
SRR27421013.78862	NC_012152.1	5733
SRR27421013.79256	NC_012152.1	9308
SRR27421013.79285	NC_012152.1	7827
SRR27421013.79359	NC_012152.1	6861
SRR27421013.79626	NC_012152.1	6737
SRR27421013.79761	NC_012152.1	7065
SRR27421013.79932	NC_012152.1	7346
SRR27421013.80384	NC_012152.1	6603
SRR27421013.80778	NC_012152.1	9616
SRR27421013.80856	NC_012152.1	6698
SRR27421013.80978	NC_012152.1	6519
SRR27421013.82262	NC_012152.1	5481
SRR27421013.82360	NC_012152.1	6490
SRR27421013.83089	NC_012152.1	6704
SRR27421013.83269	NC_012152.1	8013
SRR27421013.83724	NC_012152.1	6813
SRR27421013.84603	NC_012152.1	9436
SRR27421013.85618	NC_012152.1	6575
SRR27421013.86303	NC_012152.1	5329
SRR27421013.86480	NC_012152.1	5748
SRR27421013.88281	NC_012152.1	6380
SRR27421013.88778	NC_012152.1	10792
SRR27421013.88779	NC_012152.1	6804
SRR27421013.88924	NC_012152.1	6167
SRR27421013.89113	NC_012152.1	6905
SRR27421013.89376	NC_012152.1	6704
SRR27421013.90055	NC_012152.1	6191
SRR27421013.90946	NC_012152.1	6380
SRR27421013.91068	NC_012152.1	6859
SRR27421013.91128	NC_012152.1	6200
SRR27421013.91322	NC_012152.1	9570
SRR27421013.92584	NC_012152.1	6268
SRR27421013.92596	NC_012152.1	6767
SRR27421013.93513	NC_012152.1	6752
SRR27421013.93707	NC_012152.1	8214
SRR27421013.95050	NC_012152.1	6355
SRR27421013.95083	NC_012152.1	7347
SRR27421013.95361	NC_012152.1	7955
SRR27421013.95456	NC_012152.1	9325
SRR27421013.95580	NC_012152.1	9465
SRR27421013.96013	NC_012152.1	7736
SRR27421013.96228	NC_012152.1	6980
SRR27421013.96499	NC_012152.1	6546
SRR27421013.96992	NC_012152.1	9405
SRR27421013.97754	NC_012152.1	9587
SRR27421013.97930	NC_012152.1	5359
SRR27421013.98390	NC_012152.1	9255
SRR27421013.98796	NC_012152.1	5250
SRR27421013.98865	NC_012152.1	6812
SRR27421013.98917	NC_012152.1	9241
SRR27421013.99272	NC_012152.1	9202
SRR27421013.100451	NC_012152.1	7015
SRR27421013.101013	NC_012152.1	22267
SRR27421013.102119	NC_012152.1	8086
SRR27421013.102413	NC_012152.1	9537
SRR27421013.102458	NC_012152.1	7029
SRR27421013.102872	NC_012152.1	12749
SRR27421013.102931	NC_012152.1	6816
SRR27421013.103299	NC_012152.1	6459
SRR27421013.103568	NC_012152.1	8186
SRR27421013.104148	NC_012152.1	5343
SRR27421013.104801	NC_012152.1	9033
SRR27421013.104985	NC_012152.1	5360
SRR27421013.105352	NC_012152.1	9454
SRR27421013.105842	NC_012152.1	6168
SRR27421013.106083	NC_012152.1	6844
SRR27421013.106588	NC_012152.1	6573
SRR27421013.106740	NC_012152.1	7028
SRR27421013.108106	NC_012152.1	6284
SRR27421013.108612	NC_012152.1	5938
SRR27421013.108746	NC_012152.1	7054
SRR27421013.110087	NC_012152.1	7782
SRR27421013.111266	NC_012152.1	8315
SRR27421013.111796	NC_012152.1	6270
SRR27421013.112500	NC_012152.1	5450
SRR27421013.112557	NC_012152.1	9655
SRR27421013.112896	NC_012152.1	9020
SRR27421013.113015	NC_012152.1	6729
SRR27421013.113976	NC_012152.1	9392
SRR27421013.114010	NC_012152.1	6600
SRR27421013.114808	NC_012152.1	6686
SRR27421013.114815	NC_012152.1	6987
SRR27421013.116721	NC_012152.1	6659
SRR27421013.117149	NC_012152.1	6729
SRR27421013.118235	NC_012152.1	11439
SRR27421013.118471	NC_012152.1	9209
SRR27421013.118577	NC_012152.1	9441
SRR27421013.118654	NC_012152.1	5211
SRR27421013.118878	NC_012152.1	5507
SRR27421013.119464	NC_012152.1	6476
SRR27421013.119662	NC_012152.1	6107
SRR27421013.119860	NC_012152.1	6812
SRR27421013.120525	NC_012152.1	6578
SRR27421013.120869	NC_012152.1	6569
SRR27421013.121420	NC_012152.1	6750
SRR27421013.121951	NC_012152.1	7547
SRR27421013.122410	NC_012152.1	6523
SRR27421013.122603	NC_012152.1	14471
SRR27421013.122708	NC_012152.1	5971
SRR27421013.122848	NC_012152.1	6520
SRR27421013.122913	NC_012152.1	6920
SRR27421013.123283	NC_012152.1	7774
SRR27421013.123452	NC_012152.1	9430
SRR27421013.123578	NC_012152.1	5886
SRR27421013.124152	NC_012152.1	9356
SRR27421013.124158	NC_012152.1	6684
SRR27421013.124713	NC_012152.1	5857
SRR27421013.125339	NC_012152.1	7637
SRR27421013.125776	NC_012152.1	5335
SRR27421013.125912	NC_012152.1	6899
SRR27421013.126296	NC_012152.1	7544
SRR27421013.127652	NC_012152.1	6951
SRR27421013.129410	NC_012152.1	6797
SRR27421013.129687	NC_012152.1	6390
SRR27421013.130244	NC_012152.1	5522
SRR27421013.131149	NC_012152.1	6982
SRR27421013.131218	NC_012152.1	6402
SRR27421013.131586	NC_012152.1	5381
SRR27421013.131826	NC_012152.1	9942
SRR27421013.132524	NC_012152.1	8629
SRR27421013.132713	NC_012152.1	7103
SRR27421013.133404	NC_012152.1	7010
SRR27421013.133595	NC_012152.1	6930
SRR27421013.133695	NC_012152.1	6572
SRR27421013.133960	NC_012152.1	9587
SRR27421013.134629	NC_012152.1	8039
SRR27421013.135448	NC_012152.1	8494
SRR27421013.137260	NC_012152.1	7719
SRR27421013.138229	NC_012152.1	9486
SRR27421013.138512	NC_012152.1	6386
SRR27421013.138697	NC_012152.1	5371
SRR27421013.138849	NC_012152.1	9482
SRR27421013.139249	NC_012152.1	7909
SRR27421013.139486	NC_012152.1	6780
SRR27421013.140529	NC_012152.1	8365
SRR27421013.140959	NC_012152.1	9901
SRR27421013.141025	NC_012152.1	6714
SRR27421013.141125	NC_012152.1	9766
SRR27421013.141163	NC_012152.1	6090
SRR27421013.141447	NC_012152.1	9251
SRR27421013.141666	NC_012152.1	11106
SRR27421013.142107	NC_012152.1	9145
SRR27421013.142619	NC_012152.1	7291
SRR27421013.143120	NC_012152.1	6445
SRR27421013.143964	NC_012152.1	7034
SRR27421013.145258	NC_012152.1	6440
SRR27421013.146015	NC_012152.1	6710
SRR27421013.146142	NC_012152.1	6535
SRR27421013.146589	NC_012152.1	7828
SRR27421013.146591	NC_012152.1	6789
SRR27421013.146654	NC_012152.1	9276
SRR27421013.146712	NC_012152.1	6245
SRR27421013.146852	NC_012152.1	5863
SRR27421013.147043	NC_012152.1	6691
SRR27421013.147798	NC_012152.1	6740
SRR27421013.148264	NC_012152.1	7217
SRR27421013.148764	NC_012152.1	9903
SRR27421013.149340	NC_012152.1	6702
SRR27421013.149447	NC_012152.1	6972
SRR27421013.149941	NC_012152.1	8705
SRR27421013.150294	NC_012152.1	7063
SRR27421013.150436	NC_012152.1	6780
SRR27421013.150596	NC_012152.1	8531
SRR27421013.150877	NC_012152.1	6707
SRR27421013.151025	NC_012152.1	5848
SRR27421013.151928	NC_012152.1	6562
SRR27421013.152150	NC_012152.1	6019
SRR27421013.152243	NC_012152.1	9540
SRR27421013.153812	NC_012152.1	9328
SRR27421013.154024	NC_012152.1	8442
SRR27421013.154377	NC_012152.1	5678
SRR27421013.154690	NC_012152.1	6483
SRR27421013.155050	NC_012152.1	6093
SRR27421013.155138	NC_012152.1	32409
SRR27421013.155240	NC_012152.1	7525
SRR27421013.155704	NC_012152.1	6755
SRR27421013.155715	NC_012152.1	6434
SRR27421013.155743	NC_012152.1	13356
SRR27421013.155831	NC_012152.1	9312
SRR27421013.156064	NC_012152.1	8672
SRR27421013.156161	NC_012152.1	9560
SRR27421013.157222	NC_012152.1	8939
SRR27421013.157694	NC_012152.1	7628
SRR27421013.158077	NC_012152.1	6542
SRR27421013.158241	NC_012152.1	6592
SRR27421013.158310	NC_012152.1	6007
SRR27421013.158440	NC_012152.1	6526
SRR27421013.158450	NC_012152.1	6608
SRR27421013.159931	NC_012152.1	6594
SRR27421013.160277	NC_012152.1	7278
SRR27421013.160386	NC_012152.1	6912
SRR27421013.160531	NC_012152.1	6531
SRR27421013.161606	NC_012152.1	8797
SRR27421013.161661	NC_012152.1	6579
SRR27421013.161679	NC_012152.1	6736
SRR27421013.163411	NC_012152.1	6903
SRR27421013.164011	NC_012152.1	6203
SRR27421013.164352	NC_012152.1	5972
SRR27421013.164381	NC_012152.1	9256
SRR27421013.164869	NC_012152.1	6171
SRR27421013.164991	NC_012152.1	6423
SRR27421013.165146	NC_012152.1	7090
SRR27421013.165415	NC_012152.1	6421
SRR27421013.165461	NC_012152.1	7988
SRR27421013.165532	NC_012152.1	6160
SRR27421013.165740	NC_012152.1	9072
SRR27421013.166342	NC_012152.1	9593
SRR27421013.166602	NC_012152.1	6732
SRR27421013.166863	NC_012152.1	6466
SRR27421013.167356	NC_012152.1	6933
SRR27421013.167361	NC_012152.1	9832
SRR27421013.167895	NC_012152.1	6853
SRR27421013.168333	NC_012152.1	6300
SRR27421013.168574	NC_012152.1	6613
SRR27421013.168639	NC_012152.1	8236
SRR27421013.168706	NC_012152.1	6434
SRR27421013.169211	NC_012152.1	7661
SRR27421013.169385	NC_012152.1	10102
SRR27421013.170572	NC_012152.1	6136
SRR27421013.170597	NC_012152.1	5864
SRR27421013.170773	NC_012152.1	8747
SRR27421013.170862	NC_012152.1	5041
SRR27421013.171005	NC_012152.1	8003
SRR27421013.171143	NC_012152.1	9658
SRR27421013.171372	NC_012152.1	6030
SRR27421013.171412	NC_012152.1	5921
SRR27421013.171469	NC_012152.1	6451
SRR27421013.171542	NC_012152.1	6575
SRR27421013.171904	NC_012152.1	9795
SRR27421013.172055	NC_012152.1	7288
SRR27421013.173733	NC_012152.1	6955
SRR27421013.174103	NC_012152.1	7802
SRR27421013.174303	NC_012152.1	6269
SRR27421013.174961	NC_012152.1	5793
SRR27421013.175173	NC_012152.1	9394
SRR27421013.175218	NC_012152.1	9524
SRR27421013.175529	NC_012152.1	6126
SRR27421013.175539	NC_012152.1	6420
SRR27421013.175570	NC_012152.1	6629
SRR27421013.177045	NC_012152.1	6848
SRR27421013.179295	NC_012152.1	7042
SRR27421013.179855	NC_012152.1	6921
SRR27421013.180463	NC_012152.1	7416
SRR27421013.180892	NC_012152.1	6861
SRR27421013.181661	NC_012152.1	6976
SRR27421013.182624	NC_012152.1	6567
SRR27421013.183214	NC_012152.1	6499
SRR27421013.183789	NC_012152.1	9768
SRR27421013.184292	NC_012152.1	6836
SRR27421013.184390	NC_012152.1	9680
SRR27421013.184620	NC_012152.1	9770
SRR27421013.184855	NC_012152.1	6065
SRR27421013.185428	NC_012152.1	6974
SRR27421013.185828	NC_012152.1	6137
SRR27421013.186242	NC_012152.1	6805
SRR27421013.186674	NC_012152.1	6696
SRR27421013.186993	NC_012152.1	6977
SRR27421013.187718	NC_012152.1	7656
SRR27421013.187748	NC_012152.1	6894
SRR27421013.188017	NC_012152.1	9245
SRR27421013.188384	NC_012152.1	6802
SRR27421013.188410	NC_012152.1	5937
SRR27421013.188628	NC_012152.1	6676
SRR27421013.190634	NC_012152.1	6036
SRR27421013.190683	NC_012152.1	9132
SRR27421013.192531	NC_012152.1	6834
SRR27421013.194299	NC_012152.1	5849
SRR27421013.194467	NC_012152.1	6634
SRR27421013.194539	NC_012152.1	6745
SRR27421013.194783	NC_012152.1	6682
SRR27421013.194790	NC_012152.1	9375
SRR27421013.195533	NC_012152.1	5776
SRR27421013.195664	NC_012152.1	6125
SRR27421013.196110	NC_012152.1	6712
SRR27421013.196564	NC_012152.1	6987
SRR27421013.196569	NC_012152.1	6958
SRR27421013.196598	NC_012152.1	7202
SRR27421013.197027	NC_012152.1	5548
SRR27421013.198164	NC_012152.1	6006
SRR27421013.198600	NC_012152.1	8561
SRR27421013.198653	NC_012152.1	7036
SRR27421013.200747	NC_012152.1	15136
SRR27421013.200921	NC_012152.1	6314
SRR27421013.200946	NC_012152.1	6819
SRR27421013.201374	NC_012152.1	7124
SRR27421013.201452	NC_012152.1	7893
SRR27421013.201696	NC_012152.1	8401
SRR27421013.201737	NC_012152.1	6834
SRR27421013.202472	NC_012152.1	6411
SRR27421013.202625	NC_012152.1	5712
SRR27421013.202863	NC_012152.1	9310
SRR27421013.203164	NC_012152.1	8289
SRR27421013.204919	NC_012152.1	6762
SRR27421013.205022	NC_012152.1	6018
SRR27421013.205051	NC_012152.1	6878
SRR27421013.205065	NC_012152.1	15298
SRR27421013.205466	NC_012152.1	6669
SRR27421013.205649	NC_012152.1	8134
SRR27421013.206345	NC_012152.1	6045
SRR27421013.206465	NC_012152.1	6545
SRR27421013.206521	NC_012152.1	9482
SRR27421013.206638	NC_012152.1	6612
SRR27421013.207862	NC_012152.1	6693
SRR27421013.208003	NC_012152.1	9674
SRR27421013.208092	NC_012152.1	7009
SRR27421013.208395	NC_012152.1	6804
SRR27421013.208560	NC_012152.1	9104
SRR27421013.208991	NC_012152.1	6955
SRR27421013.209664	NC_012152.1	7969
SRR27421013.209836	NC_012152.1	6038
SRR27421013.210160	NC_012152.1	9401
SRR27421013.211032	NC_012152.1	6749
SRR27421013.211075	NC_012152.1	6903
SRR27421013.211896	NC_012152.1	6446
SRR27421013.212836	NC_012152.1	7021
SRR27421013.213244	NC_012152.1	7076
SRR27421013.213734	NC_012152.1	5953
SRR27421013.214174	NC_012152.1	6528
SRR27421013.214626	NC_012152.1	6120
SRR27421013.215263	NC_012152.1	6539
SRR27421013.215331	NC_012152.1	9756
SRR27421013.215647	NC_012152.1	10084
SRR27421013.215672	NC_012152.1	9246
SRR27421013.216386	NC_012152.1	7423
SRR27421013.217156	NC_012152.1	5931
SRR27421013.217256	NC_012152.1	6833
SRR27421013.217866	NC_012152.1	6761
SRR27421013.218148	NC_012152.1	6804
SRR27421013.218284	NC_012152.1	5981
SRR27421013.218567	NC_012152.1	9725
SRR27421013.218571	NC_012152.1	6580
SRR27421013.218791	NC_012152.1	6723
SRR27421013.219004	NC_012152.1	6959
SRR27421013.219264	NC_012152.1	9428
SRR27421013.220561	NC_012152.1	6951
SRR27421013.222403	NC_012152.1	6975
SRR27421013.222480	NC_012152.1	6378
SRR27421013.222655	NC_012152.1	9247
SRR27421013.222712	NC_012152.1	6676
SRR27421013.223813	NC_012152.1	6910
SRR27421013.225054	NC_012152.1	8685
SRR27421013.225370	NC_012152.1	9167
SRR27421013.226577	NC_012152.1	6725
SRR27421013.226911	NC_012152.1	27928
SRR27421013.227127	NC_012152.1	7887
SRR27421013.227712	NC_012152.1	9771
SRR27421013.227791	NC_012152.1	9753
SRR27421013.227906	NC_012152.1	6682
SRR27421013.228298	NC_012152.1	5393
SRR27421013.228668	NC_012152.1	6366
SRR27421013.230217	NC_012152.1	6798
SRR27421013.230646	NC_012152.1	6217
SRR27421013.231505	NC_012152.1	6506
SRR27421013.233260	NC_012152.1	5659
SRR27421013.234000	NC_012152.1	6448
SRR27421013.234820	NC_012152.1	9142
SRR27421013.234901	NC_012152.1	6613
SRR27421013.234907	NC_012152.1	5674
SRR27421013.234914	NC_012152.1	5952
SRR27421013.236615	NC_012152.1	6247
SRR27421013.236721	NC_012152.1	7024
SRR27421013.236941	NC_012152.1	6877
SRR27421013.237064	NC_012152.1	27322
SRR27421013.237071	NC_012152.1	5500
SRR27421013.237869	NC_012152.1	9721
SRR27421013.237946	NC_012152.1	6541
SRR27421013.238077	NC_012152.1	8966
SRR27421013.238153	NC_012152.1	6600
SRR27421013.238398	NC_012152.1	7040
SRR27421013.238668	NC_012152.1	7016
SRR27421013.238963	NC_012152.1	6767
SRR27421013.239177	NC_012152.1	7768
SRR27421013.239403	NC_012152.1	9678
SRR27421013.239642	NC_012152.1	9586
SRR27421013.239881	NC_012152.1	7010
SRR27421013.240118	NC_012152.1	9479
SRR27421013.240411	NC_012152.1	5410
SRR27421013.240439	NC_012152.1	10116
SRR27421013.240739	NC_012152.1	9469
SRR27421013.241254	NC_012152.1	6996
SRR27421013.241488	NC_012152.1	6619
SRR27421013.241851	NC_012152.1	7125
SRR27421013.242079	NC_012152.1	6913
SRR27421013.242939	NC_012152.1	6657
SRR27421013.244597	NC_012152.1	6618
SRR27421013.245082	NC_012152.1	7880
SRR27421013.245403	NC_012152.1	6645
SRR27421013.245456	NC_012152.1	9206
SRR27421013.245720	NC_012152.1	6532
SRR27421013.246543	NC_012152.1	6753
SRR27421013.247115	NC_012152.1	6443
SRR27421013.247963	NC_012152.1	6200
SRR27421013.249423	NC_012152.1	7196
SRR27421013.250464	NC_012152.1	6660
SRR27421013.250531	NC_012152.1	6934
SRR27421013.250863	NC_012152.1	9663
SRR27421013.250930	NC_012152.1	6171
SRR27421013.251021	NC_012152.1	9325
SRR27421013.251306	NC_012152.1	8103
SRR27421013.251314	NC_012152.1	6103
SRR27421013.251795	NC_012152.1	32614
SRR27421013.251941	NC_012152.1	9684
SRR27421013.252425	NC_012152.1	9132
SRR27421013.252540	NC_012152.1	5493
SRR27421013.253125	NC_012152.1	8541
SRR27421013.254125	NC_012152.1	6301
SRR27421013.254334	NC_012152.1	6961
SRR27421013.254558	NC_012152.1	9407
SRR27421013.255593	NC_012152.1	9530
SRR27421013.255891	NC_012152.1	6533
SRR27421013.256561	NC_012152.1	9416
SRR27421013.256757	NC_012152.1	6595
SRR27421013.257995	NC_012152.1	7502
SRR27421013.258657	NC_012152.1	6530
SRR27421013.258710	NC_012152.1	6610
SRR27421013.258763	NC_012152.1	6484
SRR27421013.259254	NC_012152.1	18513
SRR27421013.259533	NC_012152.1	5185
SRR27421013.259674	NC_012152.1	6677
SRR27421013.259677	NC_012152.1	6490
SRR27421013.259835	NC_012152.1	7453
SRR27421013.259930	NC_012152.1	6777
SRR27421013.260419	NC_012152.1	9069
SRR27421013.260947	NC_012152.1	6477
SRR27421013.261157	NC_012152.1	7393
SRR27421013.261230	NC_012152.1	7331
SRR27421013.261411	NC_012152.1	6792
SRR27421013.262225	NC_012152.1	5974
SRR27421013.262495	NC_012152.1	6096
SRR27421013.263603	NC_012152.1	9680
SRR27421013.264335	NC_012152.1	6325
SRR27421013.265303	NC_012152.1	8478
SRR27421013.265447	NC_012152.1	6637
SRR27421013.266027	NC_012152.1	6877
SRR27421013.266284	NC_012152.1	9587
SRR27421013.266341	NC_012152.1	6667
SRR27421013.266435	NC_012152.1	8061
SRR27421013.266769	NC_012152.1	6392
SRR27421013.266810	NC_012152.1	6258
SRR27421013.266911	NC_012152.1	8850
SRR27421013.268289	NC_012152.1	9097
SRR27421013.269073	NC_012152.1	6944
SRR27421013.269219	NC_012152.1	9461
SRR27421013.269654	NC_012152.1	8351
SRR27421013.270770	NC_012152.1	9421
SRR27421013.271126	NC_012152.1	12629
SRR27421013.272713	NC_012152.1	9275
SRR27421013.273053	NC_012152.1	6790
SRR27421013.273715	NC_012152.1	5679
SRR27421013.274350	NC_012152.1	6744
SRR27421013.274948	NC_012152.1	6821
SRR27421013.275025	NC_012152.1	7821
SRR27421013.275233	NC_012152.1	5796
SRR27421013.275486	NC_012152.1	7993
SRR27421013.276126	NC_012152.1	6764
SRR27421013.276242	NC_012152.1	6822
SRR27421013.276705	NC_012152.1	9448
SRR27421013.276751	NC_012152.1	7032
SRR27421013.278642	NC_012152.1	6928
SRR27421013.278893	NC_012152.1	6959
SRR27421013.279871	NC_012152.1	6668
SRR27421013.279963	NC_012152.1	6969
SRR27421013.280302	NC_012152.1	6925
SRR27421013.281616	NC_012152.1	5442
SRR27421013.282659	NC_012152.1	6686
SRR27421013.282662	NC_012152.1	6695
SRR27421013.283149	NC_012152.1	9909
SRR27421013.283814	NC_012152.1	6432
SRR27421013.284500	NC_012152.1	6585
SRR27421013.284568	NC_012152.1	9255
SRR27421013.285280	NC_012152.1	6634
SRR27421013.285409	NC_012152.1	7026
SRR27421013.285448	NC_012152.1	6498
SRR27421013.285678	NC_012152.1	6863
SRR27421013.286219	NC_012152.1	5959
SRR27421013.286368	NC_012152.1	8254
SRR27421013.286871	NC_012152.1	9519
SRR27421013.287096	NC_012152.1	6435
SRR27421013.287322	NC_012152.1	6562
SRR27421013.287671	NC_012152.1	7016
SRR27421013.287881	NC_012152.1	6937
SRR27421013.288015	NC_012152.1	6319
SRR27421013.288255	NC_012152.1	9205
SRR27421013.258	NC_012152.1	8159
SRR27421013.1586	NC_012152.1	5258
SRR27421013.1968	NC_012152.1	7341
SRR27421013.3294	NC_012152.1	6281
SRR27421013.3953	NC_012152.1	9707
SRR27421013.4257	NC_012152.1	6657
SRR27421013.4347	NC_012152.1	6606
SRR27421013.5400	NC_012152.1	6679
SRR27421013.5704	NC_012152.1	6866
SRR27421013.5865	NC_012152.1	6815
SRR27421013.6279	NC_012152.1	9867
SRR27421013.6722	NC_012152.1	7932
SRR27421013.7046	NC_012152.1	7016
SRR27421013.7186	NC_012152.1	6932
SRR27421013.8074	NC_012152.1	6936
SRR27421013.9068	NC_012152.1	6462
SRR27421013.9142	NC_012152.1	6509
SRR27421013.9596	NC_012152.1	7043
SRR27421013.10751	NC_012152.1	7368
SRR27421013.10939	NC_012152.1	6753
SRR27421013.11130	NC_012152.1	5884
SRR27421013.11854	NC_012152.1	9072
SRR27421013.12243	NC_012152.1	6803
SRR27421013.12669	NC_012152.1	9044
SRR27421013.12684	NC_012152.1	9612
SRR27421013.13059	NC_012152.1	7216
SRR27421013.14163	NC_012152.1	7114
SRR27421013.14221	NC_012152.1	9502
SRR27421013.14232	NC_012152.1	6166
SRR27421013.14393	NC_012152.1	6201
SRR27421013.14452	NC_012152.1	7072
SRR27421013.14523	NC_012152.1	9419
SRR27421013.16570	NC_012152.1	6821
SRR27421013.16611	NC_012152.1	5259
SRR27421013.18354	NC_012152.1	9578
SRR27421013.18435	NC_012152.1	21780
SRR27421013.18485	NC_012152.1	16267
SRR27421013.18756	NC_012152.1	9364
SRR27421013.19005	NC_012152.1	8120
SRR27421013.20332	NC_012152.1	9478
SRR27421013.22008	NC_012152.1	9550
SRR27421013.22266	NC_012152.1	6225
SRR27421013.22272	NC_012152.1	9829
SRR27421013.22390	NC_012152.1	6665
SRR27421013.22615	NC_012152.1	7055
SRR27421013.22796	NC_012152.1	6849
SRR27421013.23152	NC_012152.1	8806
SRR27421013.23247	NC_012152.1	7795
SRR27421013.23825	NC_012152.1	8099
SRR27421013.24628	NC_012152.1	9086
SRR27421013.24876	NC_012152.1	6736
SRR27421013.25009	NC_012152.1	9027
SRR27421013.25277	NC_012152.1	9568
SRR27421013.25782	NC_012152.1	8393
SRR27421013.25991	NC_012152.1	6762
SRR27421013.26308	NC_012152.1	6904
SRR27421013.26369	NC_012152.1	6555
SRR27421013.26446	NC_012152.1	9316
SRR27421013.26746	NC_012152.1	9747
SRR27421013.27190	NC_012152.1	8884
SRR27421013.27353	NC_012152.1	6153
SRR27421013.27831	NC_012152.1	6616
SRR27421013.28163	NC_012152.1	6621
SRR27421013.28250	NC_012152.1	9628
SRR27421013.28670	NC_012152.1	5993
SRR27421013.29230	NC_012152.1	6018
SRR27421013.29325	NC_012152.1	6926
SRR27421013.30637	NC_012152.1	7694
SRR27421013.30690	NC_012152.1	6813
SRR27421013.32339	NC_012152.1	7014
SRR27421013.33949	NC_012152.1	6860
SRR27421013.34426	NC_012152.1	10075
SRR27421013.34619	NC_012152.1	6362
SRR27421013.34972	NC_012152.1	6779
SRR27421013.35162	NC_012152.1	6680
SRR27421013.35182	NC_012152.1	9515
SRR27421013.35283	NC_012152.1	6744
SRR27421013.35668	NC_012152.1	6153
SRR27421013.35682	NC_012152.1	7083
SRR27421013.35969	NC_012152.1	10018
SRR27421013.36208	NC_012152.1	7073
SRR27421013.36571	NC_012152.1	6698
SRR27421013.37021	NC_012152.1	5602
SRR27421013.37173	NC_012152.1	6934
SRR27421013.37215	NC_012152.1	9776
SRR27421013.37320	NC_012152.1	60242
SRR27421013.37574	NC_012152.1	7464
SRR27421013.38087	NC_012152.1	9485
SRR27421013.38225	NC_012152.1	9276
SRR27421013.38923	NC_012152.1	6847
SRR27421013.39243	NC_012152.1	9514
SRR27421013.39392	NC_012152.1	7728
SRR27421013.39789	NC_012152.1	6006
SRR27421013.40064	NC_012152.1	9553
SRR27421013.40201	NC_012152.1	7420
SRR27421013.40275	NC_012152.1	5882
SRR27421013.40706	NC_012152.1	6384
SRR27421013.40790	NC_012152.1	9534
SRR27421013.41210	NC_012152.1	5899
SRR27421013.41462	NC_012152.1	6564
SRR27421013.41594	NC_012152.1	8445
SRR27421013.41635	NC_012152.1	6166
SRR27421013.41647	NC_012152.1	6775
SRR27421013.41656	NC_012152.1	7727
SRR27421013.41999	NC_012152.1	9403
SRR27421013.42321	NC_012152.1	6857
SRR27421013.42485	NC_012152.1	9146
SRR27421013.42503	NC_012152.1	5585
SRR27421013.42686	NC_012152.1	9395
SRR27421013.43033	NC_012152.1	5120
SRR27421013.43060	NC_012152.1	9025
SRR27421013.43080	NC_012152.1	9334
SRR27421013.43173	NC_012152.1	5108
SRR27421013.43516	NC_012152.1	14329
SRR27421013.44320	NC_012152.1	5935
SRR27421013.45347	NC_012152.1	6252
SRR27421013.48090	NC_012152.1	6272
SRR27421013.48856	NC_012152.1	5713
SRR27421013.48860	NC_012152.1	9283
SRR27421013.49180	NC_012152.1	9386
SRR27421013.49792	NC_012152.1	6975
SRR27421013.50760	NC_012152.1	9946
SRR27421013.50930	NC_012152.1	8363
SRR27421013.51295	NC_012152.1	6805
SRR27421013.51350	NC_012152.1	7031
SRR27421013.51386	NC_012152.1	6696
SRR27421013.51396	NC_012152.1	6440
SRR27421013.51512	NC_012152.1	8477
SRR27421013.52299	NC_012152.1	9421
SRR27421013.52816	NC_012152.1	5618
SRR27421013.52893	NC_012152.1	7876
SRR27421013.53513	NC_012152.1	6925
SRR27421013.53611	NC_012152.1	6606
SRR27421013.54759	NC_012152.1	9605
SRR27421013.55984	NC_012152.1	9259
SRR27421013.56534	NC_012152.1	7612
SRR27421013.56557	NC_012152.1	6254
SRR27421013.57663	NC_012152.1	9667
SRR27421013.58261	NC_012152.1	7164
SRR27421013.58458	NC_012152.1	6637
SRR27421013.59059	NC_012152.1	6850
SRR27421013.59128	NC_012152.1	10084
SRR27421013.60690	NC_012152.1	9543
SRR27421013.61377	NC_012152.1	9642
SRR27421013.61883	NC_012152.1	6511
SRR27421013.62491	NC_012152.1	9589
SRR27421013.63697	NC_012152.1	10403
SRR27421013.66392	NC_012152.1	9787
SRR27421013.67749	NC_012152.1	9485
SRR27421013.68126	NC_012152.1	6914
SRR27421013.69021	NC_012152.1	9384
SRR27421013.69788	NC_012152.1	12434
SRR27421013.70424	NC_012152.1	6518
SRR27421013.70705	NC_012152.1	6873
SRR27421013.71223	NC_012152.1	6776
SRR27421013.71321	NC_012152.1	6287
SRR27421013.71913	NC_012152.1	9569
SRR27421013.72119	NC_012152.1	9639
SRR27421013.72146	NC_012152.1	7460
SRR27421013.72468	NC_012152.1	7284
SRR27421013.74544	NC_012152.1	9771
SRR27421013.74929	NC_012152.1	6829
SRR27421013.75757	NC_012152.1	8073
SRR27421013.76097	NC_012152.1	7704
SRR27421013.76114	NC_012152.1	9362
SRR27421013.76390	NC_012152.1	6598
SRR27421013.76784	NC_012152.1	6574
SRR27421013.76803	NC_012152.1	6691
SRR27421013.77250	NC_012152.1	6825
SRR27421013.78078	NC_012152.1	17777
SRR27421013.78414	NC_012152.1	9220
SRR27421013.78481	NC_012152.1	9793
SRR27421013.79179	NC_012152.1	6733
SRR27421013.79266	NC_012152.1	6858
SRR27421013.79306	NC_012152.1	7064
SRR27421013.79417	NC_012152.1	5751
SRR27421013.81007	NC_012152.1	9162
SRR27421013.81175	NC_012152.1	6701
SRR27421013.83542	NC_012152.1	9870
SRR27421013.83589	NC_012152.1	6738
SRR27421013.83869	NC_012152.1	6915
SRR27421013.83972	NC_012152.1	9331
SRR27421013.84190	NC_012152.1	6559
SRR27421013.85106	NC_012152.1	5103
SRR27421013.85150	NC_012152.1	8598
SRR27421013.85874	NC_012152.1	5790
SRR27421013.86506	NC_012152.1	9780
SRR27421013.86907	NC_012152.1	6801
SRR27421013.86996	NC_012152.1	20139
SRR27421013.87622	NC_012152.1	9339
SRR27421013.87627	NC_012152.1	9648
SRR27421013.88009	NC_012152.1	8696
SRR27421013.88107	NC_012152.1	13444
SRR27421013.88253	NC_012152.1	6178
SRR27421013.88256	NC_012152.1	7300
SRR27421013.88626	NC_012152.1	6861
SRR27421013.88762	NC_012152.1	6692
SRR27421013.90106	NC_012152.1	7058
SRR27421013.90675	NC_012152.1	6575
SRR27421013.92137	NC_012152.1	6254
SRR27421013.93232	NC_012152.1	6591
SRR27421013.93360	NC_012152.1	6694
SRR27421013.93514	NC_012152.1	6727
SRR27421013.94002	NC_012152.1	6854
SRR27421013.95124	NC_012152.1	9198
SRR27421013.96203	NC_012152.1	7274
SRR27421013.96720	NC_012152.1	9426
SRR27421013.96844	NC_012152.1	6539
SRR27421013.96919	NC_012152.1	9330
SRR27421013.97012	NC_012152.1	9812
SRR27421013.97524	NC_012152.1	6698
SRR27421013.97739	NC_012152.1	6570
SRR27421013.97848	NC_012152.1	6706
SRR27421013.97956	NC_012152.1	7020
SRR27421013.97990	NC_012152.1	7255
SRR27421013.98476	NC_012152.1	16978
SRR27421013.99091	NC_012152.1	9614
SRR27421013.100361	NC_012152.1	8925
SRR27421013.101074	NC_012152.1	5266
SRR27421013.102498	NC_012152.1	5948
SRR27421013.102757	NC_012152.1	6989
SRR27421013.103951	NC_012152.1	9403
SRR27421013.104199	NC_012152.1	6787
SRR27421013.104274	NC_012152.1	33053
SRR27421013.105303	NC_012152.1	6873
SRR27421013.105674	NC_012152.1	6560
SRR27421013.105982	NC_012152.1	7095
SRR27421013.106144	NC_012152.1	29833
SRR27421013.106266	NC_012152.1	7136
SRR27421013.106427	NC_012152.1	9072
SRR27421013.106604	NC_012152.1	6543
SRR27421013.107353	NC_012152.1	6789
SRR27421013.107525	NC_012152.1	6867
SRR27421013.109221	NC_012152.1	9505
SRR27421013.109912	NC_012152.1	8403
SRR27421013.110015	NC_012152.1	6730
SRR27421013.110624	NC_012152.1	9331
SRR27421013.110940	NC_012152.1	9598
SRR27421013.111963	NC_012152.1	6534
SRR27421013.112401	NC_012152.1	9390
SRR27421013.112472	NC_012152.1	6741
SRR27421013.113879	NC_012152.1	6079
SRR27421013.114660	NC_012152.1	9610
SRR27421013.115093	NC_012152.1	6471
SRR27421013.115288	NC_012152.1	11521
SRR27421013.115524	NC_012152.1	8497
SRR27421013.115920	NC_012152.1	8525
SRR27421013.117229	NC_012152.1	6353
SRR27421013.117794	NC_012152.1	9226
SRR27421013.117983	NC_012152.1	7511
SRR27421013.118371	NC_012152.1	9835
SRR27421013.118672	NC_012152.1	7049
SRR27421013.119541	NC_012152.1	6044
SRR27421013.120784	NC_012152.1	6593
SRR27421013.120999	NC_012152.1	6790
SRR27421013.121117	NC_012152.1	6456
SRR27421013.121225	NC_012152.1	6467
SRR27421013.121230	NC_012152.1	9728
SRR27421013.121411	NC_012152.1	5228
SRR27421013.121642	NC_012152.1	22175
SRR27421013.121930	NC_012152.1	6657
SRR27421013.122041	NC_012152.1	6558
SRR27421013.122362	NC_012152.1	7069
SRR27421013.122906	NC_012152.1	8088
SRR27421013.123628	NC_012152.1	9313
SRR27421013.124303	NC_012152.1	32721
SRR27421013.124519	NC_012152.1	31933
SRR27421013.124581	NC_012152.1	7240
SRR27421013.126680	NC_012152.1	6967
SRR27421013.126921	NC_012152.1	6991
SRR27421013.127232	NC_012152.1	6756
SRR27421013.127515	NC_012152.1	9904
SRR27421013.127516	NC_012152.1	9534
SRR27421013.129327	NC_012152.1	9497
SRR27421013.129549	NC_012152.1	7786
SRR27421013.129708	NC_012152.1	6886
SRR27421013.130078	NC_012152.1	6972
SRR27421013.130163	NC_012152.1	6234
SRR27421013.130962	NC_012152.1	8864
SRR27421013.131446	NC_012152.1	6681
SRR27421013.131762	NC_012152.1	25726
SRR27421013.131969	NC_012152.1	5994
SRR27421013.132105	NC_012152.1	5137
SRR27421013.132284	NC_012152.1	9879
SRR27421013.133397	NC_012152.1	6356
SRR27421013.133413	NC_012152.1	6849
SRR27421013.133690	NC_012152.1	8732
SRR27421013.133936	NC_012152.1	6965
SRR27421013.134234	NC_012152.1	9642
SRR27421013.134384	NC_012152.1	6760
SRR27421013.134553	NC_012152.1	8308
SRR27421013.135069	NC_012152.1	8581
SRR27421013.135275	NC_012152.1	10152
SRR27421013.135536	NC_012152.1	9234
SRR27421013.135746	NC_012152.1	6304
SRR27421013.135974	NC_012152.1	6797
SRR27421013.136023	NC_012152.1	6121
SRR27421013.136049	NC_012152.1	9696
SRR27421013.136169	NC_012152.1	6734
SRR27421013.136309	NC_012152.1	7084
SRR27421013.136951	NC_012152.1	31681
SRR27421013.137325	NC_012152.1	6393
SRR27421013.137843	NC_012152.1	6299
SRR27421013.138765	NC_012152.1	7292
SRR27421013.139842	NC_012152.1	6557
SRR27421013.140280	NC_012152.1	8554
SRR27421013.140341	NC_012152.1	6704
SRR27421013.140748	NC_012152.1	6855
SRR27421013.140958	NC_012152.1	9861
SRR27421013.140967	NC_012152.1	6877
SRR27421013.141060	NC_012152.1	9852
SRR27421013.141136	NC_012152.1	9181
SRR27421013.141550	NC_012152.1	9631
SRR27421013.142091	NC_012152.1	7921
SRR27421013.142181	NC_012152.1	7336
SRR27421013.142539	NC_012152.1	6472
SRR27421013.142582	NC_012152.1	6948
SRR27421013.143016	NC_012152.1	7309
SRR27421013.143675	NC_012152.1	6630
SRR27421013.143692	NC_012152.1	5945
SRR27421013.144431	NC_012152.1	9198
SRR27421013.144443	NC_012152.1	8558
SRR27421013.144527	NC_012152.1	6343
SRR27421013.144602	NC_012152.1	5574
SRR27421013.145869	NC_012152.1	7848
SRR27421013.146418	NC_012152.1	5883
SRR27421013.147004	NC_012152.1	8423
SRR27421013.147141	NC_012152.1	7010
SRR27421013.147297	NC_012152.1	7072
SRR27421013.147636	NC_012152.1	6704
SRR27421013.147833	NC_012152.1	31513
SRR27421013.148202	NC_012152.1	8017
SRR27421013.148483	NC_012152.1	6841
SRR27421013.148488	NC_012152.1	9572
SRR27421013.148842	NC_012152.1	7479
SRR27421013.148932	NC_012152.1	6726
SRR27421013.149414	NC_012152.1	10000
SRR27421013.150554	NC_012152.1	9185
SRR27421013.151169	NC_012152.1	8494
SRR27421013.151580	NC_012152.1	7011
SRR27421013.153147	NC_012152.1	6856
SRR27421013.153473	NC_012152.1	6556
SRR27421013.153799	NC_012152.1	8394
SRR27421013.154052	NC_012152.1	8224
SRR27421013.154102	NC_012152.1	8123
SRR27421013.154607	NC_012152.1	5940
SRR27421013.154920	NC_012152.1	6479
SRR27421013.155921	NC_012152.1	6813
SRR27421013.156032	NC_012152.1	6123
SRR27421013.156090	NC_012152.1	7035
SRR27421013.156424	NC_012152.1	6754
SRR27421013.156635	NC_012152.1	6848
SRR27421013.156673	NC_012152.1	9522
SRR27421013.156885	NC_012152.1	9398
SRR27421013.157533	NC_012152.1	17086
SRR27421013.157735	NC_012152.1	9228
SRR27421013.157781	NC_012152.1	8824
SRR27421013.157932	NC_012152.1	5482
SRR27421013.158112	NC_012152.1	6833
SRR27421013.158513	NC_012152.1	5061
SRR27421013.158924	NC_012152.1	7808
SRR27421013.159630	NC_012152.1	8275
SRR27421013.159930	NC_012152.1	7019
SRR27421013.160077	NC_012152.1	9406
SRR27421013.160219	NC_012152.1	6287
SRR27421013.160870	NC_012152.1	9492
SRR27421013.161130	NC_012152.1	8109
SRR27421013.161326	NC_012152.1	6814
SRR27421013.161773	NC_012152.1	9723
SRR27421013.162456	NC_012152.1	7351
SRR27421013.162488	NC_012152.1	6827
SRR27421013.162676	NC_012152.1	9730
SRR27421013.162860	NC_012152.1	6704
SRR27421013.163282	NC_012152.1	6536
SRR27421013.163466	NC_012152.1	6478
SRR27421013.163804	NC_012152.1	7502
SRR27421013.163902	NC_012152.1	6876
SRR27421013.163977	NC_012152.1	11381
SRR27421013.163986	NC_012152.1	6799
SRR27421013.164694	NC_012152.1	5837
SRR27421013.164914	NC_012152.1	6260
SRR27421013.165378	NC_012152.1	6250
SRR27421013.165925	NC_012152.1	6949
SRR27421013.166605	NC_012152.1	9675
SRR27421013.167305	NC_012152.1	9462
SRR27421013.167540	NC_012152.1	7196
SRR27421013.167952	NC_012152.1	5977
SRR27421013.167962	NC_012152.1	6358
SRR27421013.168078	NC_012152.1	9375
SRR27421013.168203	NC_012152.1	6633
SRR27421013.168332	NC_012152.1	6298
SRR27421013.168338	NC_012152.1	6733
SRR27421013.168408	NC_012152.1	6167
SRR27421013.168504	NC_012152.1	8343
SRR27421013.168691	NC_012152.1	8078
SRR27421013.168704	NC_012152.1	9570
SRR27421013.168739	NC_012152.1	6966
SRR27421013.169212	NC_012152.1	7520
SRR27421013.169497	NC_012152.1	11601
SRR27421013.169649	NC_012152.1	6618
SRR27421013.170045	NC_012152.1	6467
SRR27421013.170374	NC_012152.1	9121
SRR27421013.171596	NC_012152.1	8213
SRR27421013.171997	NC_012152.1	9981
SRR27421013.173300	NC_012152.1	6292
SRR27421013.173546	NC_012152.1	6900
SRR27421013.173619	NC_012152.1	6802
SRR27421013.174761	NC_012152.1	10068
SRR27421013.174767	NC_012152.1	6643
SRR27421013.174943	NC_012152.1	6600
SRR27421013.176018	NC_012152.1	6887
SRR27421013.176053	NC_012152.1	6089
SRR27421013.176381	NC_012152.1	6786
SRR27421013.176630	NC_012152.1	7131
SRR27421013.177066	NC_012152.1	13407
SRR27421013.177565	NC_012152.1	5978
SRR27421013.178167	NC_012152.1	7819
SRR27421013.178230	NC_012152.1	5878
SRR27421013.178288	NC_012152.1	9272
SRR27421013.179770	NC_012152.1	8038
SRR27421013.180407	NC_012152.1	6208
SRR27421013.180933	NC_012152.1	6043
SRR27421013.180953	NC_012152.1	9438
SRR27421013.181008	NC_012152.1	6944
SRR27421013.182756	NC_012152.1	5456
SRR27421013.182925	NC_012152.1	6557
SRR27421013.182989	NC_012152.1	9538
SRR27421013.183338	NC_012152.1	9254
SRR27421013.184191	NC_012152.1	9908
SRR27421013.184790	NC_012152.1	7842
SRR27421013.185113	NC_012152.1	6654
SRR27421013.185137	NC_012152.1	5929
SRR27421013.185304	NC_012152.1	6509
SRR27421013.185991	NC_012152.1	6330
SRR27421013.187004	NC_012152.1	9564
SRR27421013.187477	NC_012152.1	6586
SRR27421013.188527	NC_012152.1	8927
SRR27421013.188542	NC_012152.1	10102
SRR27421013.188724	NC_012152.1	8712
SRR27421013.190134	NC_012152.1	9455
SRR27421013.191024	NC_012152.1	6915
SRR27421013.191416	NC_012152.1	7384
SRR27421013.192064	NC_012152.1	16894
SRR27421013.192130	NC_012152.1	6614
SRR27421013.192389	NC_012152.1	6261
SRR27421013.192708	NC_012152.1	6730
SRR27421013.192821	NC_012152.1	6803
SRR27421013.193121	NC_012152.1	9547
SRR27421013.193167	NC_012152.1	8258
SRR27421013.193172	NC_012152.1	6810
SRR27421013.193676	NC_012152.1	6178
SRR27421013.194199	NC_012152.1	6455
SRR27421013.194472	NC_012152.1	9637
SRR27421013.195386	NC_012152.1	5867
SRR27421013.195463	NC_012152.1	26148
SRR27421013.196233	NC_012152.1	11205
SRR27421013.196758	NC_012152.1	9800
SRR27421013.196774	NC_012152.1	7305
SRR27421013.196880	NC_012152.1	6683
SRR27421013.197149	NC_012152.1	8104
SRR27421013.197415	NC_012152.1	6776
SRR27421013.197428	NC_012152.1	6937
SRR27421013.198756	NC_012152.1	6761
SRR27421013.199262	NC_012152.1	6963
SRR27421013.199608	NC_012152.1	9377
SRR27421013.199837	NC_012152.1	7047
SRR27421013.200159	NC_012152.1	6950
SRR27421013.200227	NC_012152.1	5670
SRR27421013.200652	NC_012152.1	6124
SRR27421013.200996	NC_012152.1	9687
SRR27421013.201504	NC_012152.1	5955
SRR27421013.201659	NC_012152.1	9394
SRR27421013.203241	NC_012152.1	9504
SRR27421013.204249	NC_012152.1	6743
SRR27421013.204285	NC_012152.1	6703
SRR27421013.204316	NC_012152.1	9598
SRR27421013.204409	NC_012152.1	5715
SRR27421013.204783	NC_012152.1	6871
SRR27421013.205304	NC_012152.1	20475
SRR27421013.205702	NC_012152.1	7726
SRR27421013.207212	NC_012152.1	6840
SRR27421013.207377	NC_012152.1	7099
SRR27421013.207647	NC_012152.1	6702
SRR27421013.208249	NC_012152.1	6121
SRR27421013.208585	NC_012152.1	9872
SRR27421013.208772	NC_012152.1	6673
SRR27421013.209630	NC_012152.1	8934
SRR27421013.210185	NC_012152.1	7256
SRR27421013.210551	NC_012152.1	6861
SRR27421013.213400	NC_012152.1	10866
SRR27421013.213488	NC_012152.1	9848
SRR27421013.214022	NC_012152.1	8077
SRR27421013.214123	NC_012152.1	5376
SRR27421013.214972	NC_012152.1	6657
SRR27421013.215287	NC_012152.1	6570
SRR27421013.215311	NC_012152.1	6244
SRR27421013.215401	NC_012152.1	6828
SRR27421013.215725	NC_012152.1	6326
SRR27421013.215813	NC_012152.1	6786
SRR27421013.216760	NC_012152.1	6726
SRR27421013.216899	NC_012152.1	8102
SRR27421013.217385	NC_012152.1	8379
SRR27421013.217736	NC_012152.1	7730
SRR27421013.217799	NC_012152.1	7148
SRR27421013.218377	NC_012152.1	7116
SRR27421013.218721	NC_012152.1	7762
SRR27421013.218855	NC_012152.1	8833
SRR27421013.219500	NC_012152.1	9286
SRR27421013.219971	NC_012152.1	6752
SRR27421013.220169	NC_012152.1	9473
SRR27421013.221210	NC_012152.1	6784
SRR27421013.221404	NC_012152.1	6473
SRR27421013.221422	NC_012152.1	7999
SRR27421013.221885	NC_012152.1	7230
SRR27421013.222083	NC_012152.1	6561
SRR27421013.223260	NC_012152.1	9505
SRR27421013.223476	NC_012152.1	6988
SRR27421013.223737	NC_012152.1	6661
SRR27421013.223856	NC_012152.1	7275
SRR27421013.225209	NC_012152.1	8988
SRR27421013.225322	NC_012152.1	8359
SRR27421013.225463	NC_012152.1	8745
SRR27421013.225478	NC_012152.1	7869
SRR27421013.225688	NC_012152.1	8349
SRR27421013.226406	NC_012152.1	8161
SRR27421013.226931	NC_012152.1	9148
SRR27421013.228087	NC_012152.1	8226
SRR27421013.228570	NC_012152.1	6672
SRR27421013.229258	NC_012152.1	5122
SRR27421013.229580	NC_012152.1	6105
SRR27421013.230096	NC_012152.1	9227
SRR27421013.231520	NC_012152.1	19614
SRR27421013.231709	NC_012152.1	6561
SRR27421013.232014	NC_012152.1	7009
SRR27421013.232174	NC_012152.1	7645
SRR27421013.232213	NC_012152.1	6701
SRR27421013.232556	NC_012152.1	6115
SRR27421013.232962	NC_012152.1	6459
SRR27421013.233245	NC_012152.1	6199
SRR27421013.234506	NC_012152.1	7918
SRR27421013.234516	NC_012152.1	6840
SRR27421013.234618	NC_012152.1	6698
SRR27421013.235175	NC_012152.1	6943
SRR27421013.235318	NC_012152.1	9536
SRR27421013.235477	NC_012152.1	6850
SRR27421013.235709	NC_012152.1	6641
SRR27421013.235779	NC_012152.1	6761
SRR27421013.236078	NC_012152.1	9485
SRR27421013.236511	NC_012152.1	6907
SRR27421013.237101	NC_012152.1	7049
SRR27421013.237187	NC_012152.1	6332
SRR27421013.237809	NC_012152.1	6881
SRR27421013.238001	NC_012152.1	6910
SRR27421013.238320	NC_012152.1	6612
SRR27421013.238425	NC_012152.1	7037
SRR27421013.238577	NC_012152.1	6081
SRR27421013.239068	NC_012152.1	7325
SRR27421013.239488	NC_012152.1	6586
SRR27421013.239746	NC_012152.1	9953
SRR27421013.239797	NC_012152.1	6325
SRR27421013.240089	NC_012152.1	9431
SRR27421013.240170	NC_012152.1	7782
SRR27421013.240435	NC_012152.1	9043
SRR27421013.240849	NC_012152.1	9728
SRR27421013.240996	NC_012152.1	6702
SRR27421013.242374	NC_012152.1	9378
SRR27421013.242417	NC_012152.1	7276
SRR27421013.243070	NC_012152.1	7222
SRR27421013.243458	NC_012152.1	7032
SRR27421013.243670	NC_012152.1	6552
SRR27421013.244473	NC_012152.1	7565
SRR27421013.244893	NC_012152.1	10437
SRR27421013.245699	NC_012152.1	6751
SRR27421013.246325	NC_012152.1	5728
SRR27421013.246390	NC_012152.1	8993
SRR27421013.246409	NC_012152.1	7219
SRR27421013.247274	NC_012152.1	13254
SRR27421013.247295	NC_012152.1	8858
SRR27421013.247407	NC_012152.1	9351
SRR27421013.247809	NC_012152.1	7911
SRR27421013.248284	NC_012152.1	6516
SRR27421013.248320	NC_012152.1	9802
SRR27421013.248932	NC_012152.1	6277
SRR27421013.248997	NC_012152.1	9939
SRR27421013.249127	NC_012152.1	11115
SRR27421013.249256	NC_012152.1	6858
SRR27421013.249747	NC_012152.1	9559
SRR27421013.250683	NC_012152.1	6197
SRR27421013.250813	NC_012152.1	6854
SRR27421013.252036	NC_012152.1	7265
SRR27421013.252532	NC_012152.1	7780
SRR27421013.252538	NC_012152.1	7021
SRR27421013.252752	NC_012152.1	9437
SRR27421013.253108	NC_012152.1	8125
SRR27421013.253172	NC_012152.1	6133
SRR27421013.253298	NC_012152.1	6702
SRR27421013.253345	NC_012152.1	7550
SRR27421013.253398	NC_012152.1	9744
SRR27421013.253728	NC_012152.1	6116
SRR27421013.254402	NC_012152.1	6946
SRR27421013.254860	NC_012152.1	6784
SRR27421013.255033	NC_012152.1	6357
SRR27421013.255419	NC_012152.1	6834
SRR27421013.255914	NC_012152.1	7215
SRR27421013.256240	NC_012152.1	5831
SRR27421013.256334	NC_012152.1	8360
SRR27421013.256431	NC_012152.1	9405
SRR27421013.257994	NC_012152.1	7409
SRR27421013.258549	NC_012152.1	6496
SRR27421013.259987	NC_012152.1	6628
SRR27421013.260438	NC_012152.1	6524
SRR27421013.261797	NC_012152.1	6701
SRR27421013.263298	NC_012152.1	18230
SRR27421013.263482	NC_012152.1	8121
SRR27421013.264040	NC_012152.1	8383
SRR27421013.264336	NC_012152.1	6223
SRR27421013.264389	NC_012152.1	9298
SRR27421013.264450	NC_012152.1	6750
SRR27421013.264789	NC_012152.1	8324
SRR27421013.265789	NC_012152.1	6665
SRR27421013.265834	NC_012152.1	9762
SRR27421013.265893	NC_012152.1	9666
SRR27421013.266354	NC_012152.1	7185
SRR27421013.266768	NC_012152.1	6408
SRR27421013.267239	NC_012152.1	9529
SRR27421013.267753	NC_012152.1	6673
SRR27421013.268049	NC_012152.1	6192
SRR27421013.268290	NC_012152.1	9125
SRR27421013.268638	NC_012152.1	7018
SRR27421013.268778	NC_012152.1	6370
SRR27421013.270046	NC_012152.1	6886
SRR27421013.272073	NC_012152.1	5691
SRR27421013.272299	NC_012152.1	5119
SRR27421013.272485	NC_012152.1	5996
SRR27421013.273775	NC_012152.1	6943
SRR27421013.273813	NC_012152.1	13067
SRR27421013.274090	NC_012152.1	9303
SRR27421013.274270	NC_012152.1	6412
SRR27421013.274703	NC_012152.1	6953
SRR27421013.274829	NC_012152.1	6791
SRR27421013.275157	NC_012152.1	6868
SRR27421013.275926	NC_012152.1	9689
SRR27421013.276219	NC_012152.1	9972
SRR27421013.276296	NC_012152.1	5036
SRR27421013.276305	NC_012152.1	7451
SRR27421013.276898	NC_012152.1	5839
SRR27421013.277268	NC_012152.1	6396
SRR27421013.277662	NC_012152.1	6994
SRR27421013.278135	NC_012152.1	6766
SRR27421013.278501	NC_012152.1	14887
SRR27421013.279507	NC_012152.1	7601
SRR27421013.279804	NC_012152.1	9515
SRR27421013.279880	NC_012152.1	6128
SRR27421013.280025	NC_012152.1	6639
SRR27421013.280871	NC_012152.1	7185
SRR27421013.281176	NC_012152.1	11430
SRR27421013.281210	NC_012152.1	6883
SRR27421013.281379	NC_012152.1	9661
SRR27421013.282329	NC_012152.1	6839
SRR27421013.282454	NC_012152.1	23679
SRR27421013.283922	NC_012152.1	5416
SRR27421013.284318	NC_012152.1	5987
SRR27421013.284499	NC_012152.1	6604
SRR27421013.284517	NC_012152.1	8918
SRR27421013.284871	NC_012152.1	5483
SRR27421013.284959	NC_012152.1	9321
SRR27421013.285371	NC_012152.1	5954
SRR27421013.285427	NC_012152.1	28242
SRR27421013.286337	NC_012152.1	5161
SRR27421013.287530	NC_012152.1	6332
SRR27421013.287660	NC_012152.1	6518
SRR27421013.23486	NC_012152.1	7023
SRR27421013.25642	NC_012152.1	7054
SRR27421013.41369	NC_012152.1	6069
SRR27421013.130963	NC_012152.1	8737
SRR27421013.148666	NC_012152.1	29341
SRR27421013.236317	NC_012152.1	5305
SRR27421013.284340	NC_012152.1	8169
SRR27421013.2118	NC_012152.1	8218
SRR27421013.33899	NC_012152.1	7076
SRR27421013.47811	NC_012152.1	6748
SRR27421013.59163	NC_012152.1	6675
SRR27421013.73241	NC_012152.1	9546
SRR27421013.86429	NC_012152.1	9215
SRR27421013.177909	NC_012152.1	6871
SRR27421013.197697	NC_012152.1	8555
SRR27421013.251512	NC_012152.1	6870
SRR27421013.263602	NC_012152.1	9786
SRR27421013.268350	NC_012152.1	6660
SRR27421013.271260	NC_012152.1	6868
SRR27421013.273857	NC_012152.1	5372
SRR27421013.278180	NC_012152.1	6461
SRR27421013.141389	NC_012152.1	6780
SRR27421013.207630	NC_012152.1	9648
SRR27421013.127856	NC_012152.1	9127
SRR27421013.143069	NC_012152.1	5782
SRR27421013.13053	NC_012152.1	6846
SRR27421013.162765	NC_012152.1	13720
SRR27421013.36356	NC_012152.1	6765
SRR27421013.54171	NC_012152.1	17824
SRR27421013.154936	NC_012152.1	8577
SRR27421013.40754	NC_012152.1	6634
SRR27421013.29914	NC_012152.1	6612
SRR27421013.279879	NC_012152.1	8520
SRR27421013.31005	NC_012152.1	9883
SRR27421013.111778	NC_012152.1	6437
SRR27421013.170735	NC_012152.1	6925
SRR27421013.201881	NC_012152.1	7178
SRR27421013.204806	NC_012152.1	7094
SRR27421013.243869	NC_012152.1	9228
SRR27421013.245195	NC_012152.1	6718
SRR27421013.261065	NC_012152.1	6738
SRR27421013.6546	NC_012152.1	9461
SRR27421013.219865	NC_012152.1	9848
SRR27421013.123526	NC_012152.1	5977
SRR27421013.25270	NC_012152.1	9139
SRR27421013.40660	NC_012152.1	8391
SRR27421013.141361	NC_012152.1	8921
SRR27421013.274639	NC_012152.1	6304
SRR27421013.38085	NC_012152.1	6252
SRR27421013.152737	NC_012152.1	10956
SRR27421013.170595	NC_012152.1	6571
SRR27421013.208123	NC_012152.1	8381
SRR27421013.218951	NC_012152.1	8136
SRR27421013.180036	NC_012152.1	6482
SRR27421013.90511	NC_012152.1	5551
SRR27421013.60725	NC_012152.1	6644
SRR27421013.154984	NC_012152.1	8026
SRR27421013.97569	NC_012152.1	26448
SRR27421013.98250	NC_012152.1	9383
SRR27421013.41092	NC_012152.1	6194
SRR27421013.28695	NC_012152.1	8756
SRR27421013.285052	NC_012152.1	8971
SRR27421013.265197	NC_012152.1	6313
SRR27421013.173507	NC_012152.1	9454
SRR27421013.227239	NC_012152.1	5575
SRR27421013.250364	NC_012152.1	8625
SRR27421013.252008	NC_012152.1	7331
SRR27421013.99546	NC_012152.1	6412
SRR27421013.234478	NC_012152.1	6631
SRR27421013.106084	NC_012152.1	6280
SRR27421013.106085	NC_012152.1	6266
SRR27421013.160775	NC_012152.1	6730
SRR27421013.248295	NC_012152.1	6595
SRR27421013.115255	NC_012152.1	6030
SRR27421013.115866	NC_012152.1	6022
SRR27421013.284787	NC_012152.1	7071
SRR27421013.284516	NC_012152.1	6855
SRR27421013.6563	NC_012152.1	5050
SRR27421013.63151	NC_012152.1	6565
SRR27421013.210428	NC_012152.1	6086
SRR27421013.108551	NC_012152.1	7149
SRR27421013.153344	NC_012152.1	6257
SRR27421013.195952	NC_012152.1	6330
SRR27421013.141513	NC_012152.1	9416
SRR27421013.22051	NC_012152.1	9073
SRR27421013.29794	NC_012152.1	6736
SRR27421013.221690	NC_012152.1	6782
SRR27421013.72882	NC_012152.1	9583
SRR27421013.245860	NC_012152.1	6726
SRR27421013.204365	NC_012152.1	5820
SRR27421013.163090	NC_012152.1	6962
SRR27421013.203606	NC_012152.1	5778
SRR27421013.1921	NC_012152.1	6629
SRR27421013.113916	NC_012152.1	5669
SRR27421013.142295	NC_012152.1	6635
SRR27421013.57773	NC_012152.1	6583
SRR27421013.20106	NC_012152.1	5771
SRR27421013.51749	NC_012152.1	7974
SRR27421013.143207	NC_012152.1	5975
SRR27421013.205108	NC_012152.1	7124
SRR27421013.162090	NC_012152.1	6872
SRR27421013.256816	NC_012152.1	6808
SRR27421013.193069	NC_012152.1	9551
SRR27421013.32016	NC_012152.1	6625
SRR27421013.237808	NC_012152.1	9767
SRR27421013.7940	NC_012152.1	8474
SRR27421013.265748	NC_012152.1	6999
SRR27421013.94673	NC_012152.1	6778
SRR27421013.142993	NC_012152.1	6165
SRR27421013.218179	NC_012152.1	6889
SRR27421013.39286	NC_012152.1	5073
SRR27421013.192884	NC_012152.1	6711
SRR27421013.70727	NC_012152.1	6722
SRR27421013.220979	NC_012152.1	6949
SRR27421013.151297	NC_012152.1	6831
SRR27421013.188117	NC_012152.1	13514
SRR27421013.280798	NC_012152.1	5894
SRR27421013.20998	NC_012152.1	5912
SRR27421013.218150	NC_012152.1	20197
SRR27421013.120155	NC_012152.1	6222
SRR27421013.48353	NC_012152.1	8400
SRR27421013.209257	NC_012152.1	9601
SRR27421013.244895	NC_012152.1	6293
SRR27421013.246868	NC_012152.1	6418
SRR27421013.50504	NC_012152.1	8407
SRR27421013.237228	NC_012152.1	6580
SRR27421013.259744	NC_012152.1	6822
SRR27421013.118562	NC_012152.1	6834
SRR27421013.204007	NC_012152.1	5178
SRR27421013.29671	NC_012152.1	7852
SRR27421013.128797	NC_012152.1	5866
SRR27421013.190967	NC_012152.1	6215
SRR27421013.197220	NC_012152.1	6433
SRR27421013.63605	NC_012152.1	6011
SRR27421013.194854	NC_012152.1	6896
SRR27421013.160068	NC_012152.1	9783
SRR27421013.285200	NC_012152.1	7428
SRR27421013.279020	NC_012152.1	9228
SRR27421013.250469	NC_012152.1	8373
SRR27421013.26579	NC_012152.1	6810
SRR27421013.94951	NC_012152.1	6408
SRR27421013.114672	NC_012152.1	8263
SRR27421013.249620	NC_012152.1	6272
SRR27421013.250788	NC_012152.1	6288
SRR27421013.135142	NC_012152.1	5412
SRR27421013.254137	NC_012152.1	6495
SRR27421013.26152	NC_012152.1	6698
SRR27421013.132250	NC_012152.1	6218
SRR27421013.253776	NC_012152.1	6250
SRR27421013.167198	NC_012152.1	7013
SRR27421013.132085	NC_012152.1	6219
SRR27421013.38318	NC_012152.1	6940
SRR27421013.145255	NC_012152.1	6944
SRR27421013.81986	NC_012152.1	6620
SRR27421013.223520	NC_012152.1	6564
SRR27421013.41331	NC_012152.1	5522
SRR27421013.233346	NC_012152.1	6086
SRR27421013.52510	NC_012152.1	7166
SRR27421013.165960	NC_012152.1	6755
SRR27421013.282153	NC_012152.1	6878
SRR27421013.139214	NC_012152.1	6455
SRR27421013.208601	NC_012152.1	9022
SRR27421013.288373	NC_012152.1	8984
SRR27421013.69830	NC_012152.1	6629
SRR27421013.239453	NC_012152.1	6700
SRR27421013.139333	NC_012152.1	6431
SRR27421013.131454	NC_012152.1	7308
SRR27421013.195663	NC_012152.1	6487
SRR27421013.247698	NC_012152.1	6869
SRR27421013.13425	NC_012152.1	6484
SRR27421013.222706	NC_012152.1	6325
SRR27421013.239452	NC_012152.1	6608
SRR27421013.163668	NC_012152.1	8003
SRR27421013.191102	NC_012152.1	9318
SRR27421013.78060	NC_012152.1	9327
SRR27421013.77500	NC_012152.1	6885
SRR27421013.107748	NC_012152.1	6490
SRR27421013.1660	NC_012152.1	9288
SRR27421013.35143	NC_012152.1	8982
SRR27421013.194763	NC_012152.1	9681
SRR27421013.177145	NC_012152.1	6010
SRR27421013.70792	NC_012152.1	6533
SRR27421013.59048	NC_012152.1	6838
SRR27421013.145476	NC_012152.1	5760
SRR27421013.68157	NC_012152.1	6599
SRR27421013.285708	NC_012152.1	6794
SRR27421013.76355	NC_012152.1	6810
SRR27421013.273089	NC_012152.1	6485
SRR27421013.273088	NC_012152.1	6487
SRR27421013.205658	NC_012152.1	6626
SRR27421013.244082	NC_012152.1	6551
SRR27421013.278140	NC_012152.1	6606
SRR27421013.34302	NC_012152.1	6839
SRR27421013.36425	NC_012152.1	6848
SRR27421013.159260	NC_012152.1	9272
SRR27421013.287715	NC_012152.1	6788
SRR27421013.195521	NC_012152.1	6452
SRR27421013.149067	NC_012152.1	8254
SRR27421013.195440	NC_012152.1	6458
SRR27421013.216327	NC_012152.1	9561
SRR27421013.136682	NC_012152.1	6856
SRR27421013.169445	NC_012152.1	7428
SRR27421013.255285	NC_012152.1	7431
SRR27421013.4652	NC_012152.1	9186
SRR27421013.247195	NC_012152.1	5890
SRR27421013.42761	NC_012152.1	10349
SRR27421013.205306	NC_012152.1	6666
SRR27421013.282172	NC_012152.1	8473
SRR27421013.32293	NC_012152.1	7301
SRR27421013.169475	NC_012152.1	7259
SRR27421013.76077	NC_012152.1	6595
SRR27421013.97262	NC_012152.1	14558
SRR27421013.56057	NC_012152.1	6867
SRR27421013.127910	NC_012152.1	6494
SRR27421013.167029	NC_012152.1	6215
SRR27421013.196409	NC_012152.1	6262
SRR27421013.94330	NC_012152.1	5138
SRR27421013.214176	NC_012152.1	5786
SRR27421013.232618	NC_012152.1	7608
SRR27421013.146515	NC_012152.1	31885
SRR27421013.43702	NC_012152.1	7534
SRR27421013.194420	NC_012152.1	7067
SRR27421013.231921	NC_012152.1	8032
SRR27421013.231767	NC_012152.1	7575
SRR27421013.189689	NC_012152.1	6395
SRR27421013.139269	NC_012152.1	7192
SRR27421013.12505	NC_012152.1	9427
SRR27421013.38000	NC_012152.1	6716
SRR27421013.13017	NC_012152.1	6715
SRR27421013.256294	NC_012152.1	9853
SRR27421013.121825	NC_012152.1	5842
SRR27421013.121628	NC_012152.1	6237
SRR27421013.5777	NC_012152.1	5756
SRR27421013.241666	NC_012152.1	6675
SRR27421013.244088	NC_012152.1	6636
SRR27421013.156119	NC_012152.1	6991
SRR27421013.43509	NC_012152.1	5934
SRR27421013.140920	NC_012152.1	13810
SRR27421013.140711	NC_012152.1	6683
SRR27421013.8804	NC_012152.1	7196
SRR27421013.34062	NC_012152.1	5306
SRR27421013.201609	NC_012152.1	5335
SRR27421013.229148	NC_012152.1	6953
SRR27421013.281322	NC_012152.1	6594
SRR27421013.236515	NC_012152.1	6985
SRR27421013.182936	NC_012152.1	9649
SRR27421013.5782	NC_012152.1	7836
SRR27421013.82304	NC_012152.1	6802
SRR27421013.238202	NC_012152.1	6847
SRR27421013.272186	NC_012152.1	7341
SRR27421013.143588	NC_012152.1	9452
SRR27421013.43298	NC_012152.1	7884
SRR27421013.160786	NC_012152.1	5056
SRR27421013.267276	NC_012152.1	6386
SRR27421013.208829	NC_012152.1	9136
SRR27421013.141705	NC_012152.1	7026
SRR27421013.239492	NC_012152.1	6905
SRR27421013.252095	NC_012152.1	8283
SRR27421013.38017	NC_012152.1	6558
SRR27421013.37313	NC_012152.1	6761
SRR27421013.222477	NC_012152.1	15564
SRR27421013.223610	NC_012152.1	5818
SRR27421013.229306	NC_012152.1	9414
SRR27421013.38742	NC_012152.1	6750
SRR27421013.81815	NC_012152.1	8173
SRR27421013.106279	NC_012152.1	6111
SRR27421013.216737	NC_012152.1	6379
SRR27421013.980	NC_012152.1	7458
SRR27421013.217167	NC_012152.1	6010
SRR27421013.51433	NC_012152.1	7597
SRR27421013.50815	NC_012152.1	7650
SRR27421013.355	NC_012152.1	7449
SRR27421013.36882	NC_012152.1	8002
SRR27421013.269965	NC_012152.1	5855
SRR27421013.106688	NC_012152.1	6895
SRR27421013.288517	NC_012152.1	6665
SRR27421013.3003	NC_012152.1	9338
SRR27421013.134381	NC_012152.1	5712
SRR27421013.151811	NC_012152.1	6976
SRR27421013.207015	NC_012152.1	8333
SRR27421013.23969	NC_012152.1	6059
SRR27421013.24449	NC_012152.1	7734
SRR27421013.231587	NC_012152.1	6897
SRR27421013.26213	NC_012152.1	6034
SRR27421013.191006	NC_012152.1	7100
SRR27421013.277158	NC_012152.1	6293
SRR27421013.278310	NC_012152.1	6281
SRR27421013.91385	NC_012152.1	8084
SRR27421013.76226	NC_012152.1	6360
SRR27421013.190040	NC_012152.1	6760
SRR27421013.286377	NC_012152.1	7085
SRR27421013.11365	NC_012152.1	9339
SRR27421013.125884	NC_012152.1	6007
SRR27421013.173399	NC_012152.1	7061
SRR27421013.10341	NC_012152.1	5995
SRR27421013.12642	NC_012152.1	5988
SRR27421013.129827	NC_012152.1	5992
SRR27421013.210930	NC_012152.1	7024
SRR27421013.213168	NC_012152.1	6905
SRR27421013.28098	NC_012152.1	5513
SRR27421013.138921	NC_012152.1	6742
SRR27421013.274015	NC_012152.1	5981
SRR27421013.213472	NC_012152.1	6868
SRR27421013.156450	NC_012152.1	9329
SRR27421013.160944	NC_012152.1	6977
SRR27421013.53102	NC_012152.1	8901
SRR27421013.247749	NC_012152.1	9281
SRR27421013.202810	NC_012152.1	6642
SRR27421013.68459	NC_012152.1	9290
SRR27421013.245131	NC_012152.1	6565
SRR27421013.63517	NC_012152.1	6763
SRR27421013.153620	NC_012152.1	9496
SRR27421013.288442	NC_012152.1	6319
SRR27421013.157871	NC_012152.1	6574
SRR27421013.288516	NC_012152.1	6607
SRR27421013.193715	NC_012152.1	6625
SRR27421013.133282	NC_012152.1	6798
SRR27421013.2814	NC_012152.1	6709
SRR27421013.189277	NC_012152.1	6572
SRR27421013.78988	NC_012152.1	8118
SRR27421013.223934	NC_012152.1	8386
SRR27421013.245170	NC_012152.1	7141
SRR27421013.236377	NC_012152.1	7135
SRR27421013.256288	NC_012152.1	7847
SRR27421013.288471	NC_012152.1	7058
SRR27421013.205764	NC_012152.1	8995
SRR27421013.125727	NC_012152.1	8262
SRR27421013.205131	NC_012152.1	8080
SRR27421013.36249	NC_012152.1	6751
SRR27421013.203056	NC_012152.1	8050
SRR27421013.229375	NC_012152.1	9189
SRR27421013.126732	NC_012152.1	7694
SRR27421013.157801	NC_012152.1	7197
SRR27421013.145377	NC_012152.1	6819
SRR27421013.137909	NC_012152.1	5770
SRR27421013.9859	NC_012152.1	7093
SRR27421013.23016	NC_012152.1	6917
SRR27421013.53463	NC_012152.1	6704
SRR27421013.87412	NC_012152.1	9594
SRR27421013.276252	NC_012152.1	6286
SRR27421013.285496	NC_012152.1	6775
SRR27421013.235941	NC_012152.1	6220
SRR27421013.130108	NC_012152.1	6700
SRR27421013.207726	NC_012152.1	5149
SRR27421013.213352	NC_012152.1	12036
SRR27421013.60512	NC_012152.1	9400
SRR27421013.57607	NC_012152.1	9411
SRR27421013.259167	NC_012152.1	5877
SRR27421013.135346	NC_012152.1	6961
SRR27421013.201973	NC_012152.1	5422
SRR27421013.126577	NC_012152.1	6200
SRR27421013.248094	NC_012152.1	6738
SRR27421013.35577	NC_012152.1	7134
SRR27421013.120455	NC_012152.1	6687
SRR27421013.209302	NC_012152.1	9535
SRR27421013.216066	NC_012152.1	6988
SRR27421013.202847	NC_012152.1	6716
SRR27421013.277991	NC_012152.1	6582
SRR27421013.15568	NC_012152.1	5563
SRR27421013.259524	NC_012152.1	6404
SRR27421013.22826	NC_012152.1	6881
SRR27421013.55793	NC_012152.1	6565
SRR27421013.19877	NC_012152.1	7889
SRR27421013.276654	NC_012152.1	6574
SRR27421013.191997	NC_012152.1	5970
SRR27421013.226770	NC_012152.1	7459
SRR27421013.148607	NC_012152.1	6029
SRR27421013.80976	NC_012152.1	9417
SRR27421013.27084	NC_012152.1	6939
SRR27421013.39748	NC_012152.1	5441
SRR27421013.71001	NC_012152.1	6992
SRR27421013.204427	NC_012152.1	9125
SRR27421013.45206	NC_012152.1	5515
SRR27421013.262075	NC_012152.1	6528
SRR27421013.77302	NC_012152.1	6754
SRR27421013.179193	NC_012152.1	9705
SRR27421013.258472	NC_012152.1	6968
SRR27421013.53025	NC_012152.1	6140
SRR27421013.278098	NC_012152.1	6565
SRR27421013.138989	NC_012152.1	6059
SRR27421013.76590	NC_012152.1	31827
SRR27421013.219443	NC_012152.1	6891
SRR27421013.106625	NC_012152.1	8343
SRR27421013.2932	NC_012152.1	6294
SRR27421013.220197	NC_012152.1	5530
SRR27421013.47661	NC_012152.1	5792
SRR27421013.243370	NC_012152.1	6135
SRR27421013.27167	NC_012152.1	6535
SRR27421013.70868	NC_012152.1	6902
SRR27421013.155648	NC_012152.1	9496
SRR27421013.103693	NC_012152.1	5987
SRR27421013.198636	NC_012152.1	6551
SRR27421013.227202	NC_012152.1	6259
SRR27421013.64189	NC_012152.1	6709
SRR27421013.118621	NC_012152.1	7247
SRR27421013.121668	NC_012152.1	7229
SRR27421013.238096	NC_012152.1	5040
SRR27421013.47660	NC_012152.1	5551
SRR27421013.19616	NC_012152.1	6865
SRR27421013.34991	NC_012152.1	9913
SRR27421013.133835	NC_012152.1	6484
SRR27421013.134572	NC_012152.1	8527
SRR27421013.281014	NC_012152.1	9152
SRR27421013.254305	NC_012152.1	5342
SRR27421013.135209	NC_012152.1	6095
SRR27421013.72088	NC_012152.1	6680
SRR27421013.142391	NC_012152.1	6947
SRR27421013.206064	NC_012152.1	6549
SRR27421013.267787	NC_012152.1	5914
SRR27421013.261592	NC_012152.1	7643
SRR27421013.264673	NC_012152.1	6589
SRR27421013.160498	NC_012152.1	9516
SRR27421013.225917	NC_012152.1	19288
SRR27421013.127367	NC_012152.1	6814
SRR27421013.224525	NC_012152.1	6344
SRR27421013.74197	NC_012152.1	5723
SRR27421013.52940	NC_012152.1	6809
SRR27421013.200802	NC_012152.1	8691
SRR27421013.171650	NC_012152.1	6444
SRR27421013.74791	NC_012152.1	5985
SRR27421013.229567	NC_012152.1	9423
SRR27421013.26480	NC_012152.1	6322
SRR27421013.82816	NC_012152.1	6504
SRR27421013.208448	NC_012152.1	6611
SRR27421013.125880	NC_012152.1	5763
SRR27421013.190237	NC_012152.1	7070
SRR27421013.26617	NC_012152.1	6564
SRR27421013.117743	NC_012152.1	7229
SRR27421013.25108	NC_012152.1	6545
SRR27421013.189583	NC_012152.1	7034
SRR27421013.44547	NC_012152.1	6202
SRR27421013.166263	NC_012152.1	5297
SRR27421013.40971	NC_012152.1	7379
SRR27421013.106883	NC_012152.1	7428
SRR27421013.167095	NC_012152.1	6443
SRR27421013.168341	NC_012152.1	6455
SRR27421013.191124	NC_012152.1	7041
SRR27421013.128319	NC_012152.1	7896
SRR27421013.284907	NC_012152.1	6826
SRR27421013.282219	NC_012152.1	6806
SRR27421013.217233	NC_012152.1	9852
SRR27421013.107289	NC_012152.1	6750
SRR27421013.203691	NC_012152.1	9643
SRR27421013.151703	NC_012152.1	5604
SRR27421013.122852	NC_012152.1	7142
SRR27421013.162663	NC_012152.1	8403
SRR27421013.272626	NC_012152.1	6886
SRR27421013.209338	NC_012152.1	6600
SRR27421013.127162	NC_012152.1	6251
SRR27421013.30822	NC_012152.1	6249
SRR27421013.158934	NC_012152.1	6940
SRR27421013.198523	NC_012152.1	8170
SRR27421013.286946	NC_012152.1	6736
SRR27421013.86404	NC_012152.1	7022
SRR27421013.271153	NC_012152.1	6176
SRR27421013.246479	NC_012152.1	8605
SRR27421013.7698	NC_012152.1	6107
SRR27421013.167983	NC_012152.1	9080
SRR27421013.193040	NC_012152.1	5700
SRR27421013.25030	NC_012152.1	6709
SRR27421013.10455	NC_012152.1	6749
SRR27421013.197270	NC_012152.1	7879
SRR27421013.13151	NC_012152.1	6845
SRR27421013.116869	NC_012152.1	6852
SRR27421013.195164	NC_012152.1	9073
SRR27421013.205170	NC_012152.1	7008
SRR27421013.194317	NC_012152.1	6753
SRR27421013.102486	NC_012152.1	6817
SRR27421013.224322	NC_012152.1	6851
SRR27421013.214394	NC_012152.1	6770
SRR27421013.243833	NC_012152.1	6719
SRR27421013.234187	NC_012152.1	6315
SRR27421013.234123	NC_012152.1	6332
SRR27421013.134053	NC_012152.1	9340
SRR27421013.67490	NC_012152.1	7033
SRR27421013.101871	NC_012152.1	7268
SRR27421013.256424	NC_012152.1	6293
SRR27421013.146648	NC_012152.1	6742
SRR27421013.47213	NC_012152.1	6478
SRR27421013.8231	NC_012152.1	9552
SRR27421013.199123	NC_012152.1	6663
SRR27421013.173561	NC_012152.1	6220
SRR27421013.156908	NC_012152.1	6646
SRR27421013.53343	NC_012152.1	7419
SRR27421013.153954	NC_012152.1	8215
SRR27421013.257679	NC_012152.1	6295
SRR27421013.62242	NC_012152.1	9299
SRR27421013.266718	NC_012152.1	6873
SRR27421013.106005	NC_012152.1	8251
SRR27421013.199181	NC_012152.1	6573
SRR27421013.186115	NC_012152.1	6362
SRR27421013.233322	NC_012152.1	6237
SRR27421013.274956	NC_012152.1	6558
SRR27421013.172580	NC_012152.1	8227
SRR27421013.71814	NC_012152.1	6715
SRR27421013.119496	NC_012152.1	8404
SRR27421013.148443	NC_012152.1	6734
SRR27421013.39822	NC_012152.1	6630
SRR27421013.120151	NC_012152.1	8383
SRR27421013.141619	NC_012152.1	12533
SRR27421013.146649	NC_012152.1	6714
SRR27421013.243785	NC_012152.1	8538
SRR27421013.173066	NC_012152.1	7396
SRR27421013.48250	NC_012152.1	6169
SRR27421013.167752	NC_012152.1	7156
SRR27421013.44496	NC_012152.1	6944
SRR27421013.277282	NC_012152.1	7134
SRR27421013.242897	NC_012152.1	6163
SRR27421013.168781	NC_012152.1	9436
SRR27421013.200177	NC_012152.1	6040
SRR27421013.132324	NC_012152.1	9889
SRR27421013.115125	NC_012152.1	6894
SRR27421013.157459	NC_012152.1	6750
SRR27421013.113379	NC_012152.1	6643
SRR27421013.277800	NC_012152.1	5878
SRR27421013.188808	NC_012152.1	6887
SRR27421013.16273	NC_012152.1	6831
SRR27421013.76732	NC_012152.1	6584
SRR27421013.200144	NC_012152.1	6809
SRR27421013.200013	NC_012152.1	6793
SRR27421013.202411	NC_012152.1	20144
SRR27421013.92990	NC_012152.1	8319
SRR27421013.218646	NC_012152.1	7090
SRR27421013.164879	NC_012152.1	6634
SRR27421013.256914	NC_012152.1	5418
SRR27421013.262545	NC_012152.1	6477
SRR27421013.136858	NC_012152.1	6250
SRR27421013.157984	NC_012152.1	6363
SRR27421013.207927	NC_012152.1	9196
SRR27421013.6748	NC_012152.1	5400
SRR27421013.59317	NC_012152.1	5694
SRR27421013.208172	NC_012152.1	6990
SRR27421013.57756	NC_012152.1	5697
SRR27421013.264102	NC_012152.1	7333
SRR27421013.106378	NC_012152.1	6937
SRR27421013.34775	NC_012152.1	6664
SRR27421013.70855	NC_012152.1	7244
SRR27421013.179774	NC_012152.1	6590
SRR27421013.99403	NC_012152.1	6169
SRR27421013.281658	NC_012152.1	6720
SRR27421013.36555	NC_012152.1	6717
SRR27421013.23504	NC_012152.1	6119
SRR27421013.207273	NC_012152.1	6268
SRR27421013.102163	NC_012152.1	7324
SRR27421013.233732	NC_012152.1	6649
SRR27421013.100655	NC_012152.1	6714
SRR27421013.178508	NC_012152.1	8252
SRR27421013.57499	NC_012152.1	6749
SRR27421013.110213	NC_012152.1	6901
SRR27421013.263850	NC_012152.1	5166
SRR27421013.38539	NC_012152.1	6755
SRR27421013.169454	NC_012152.1	7033
SRR27421013.262163	NC_012152.1	5874
SRR27421013.174379	NC_012152.1	6808
SRR27421013.191378	NC_012152.1	6611
SRR27421013.173378	NC_012152.1	6798
SRR27421013.110924	NC_012152.1	9447
SRR27421013.220859	NC_012152.1	6582
SRR27421013.95630	NC_012152.1	6313
SRR27421013.279954	NC_012152.1	6598
SRR27421013.149433	NC_012152.1	6625
SRR27421013.13676	NC_012152.1	6789
SRR27421013.253390	NC_012152.1	7516
SRR27421013.47982	NC_012152.1	7247
SRR27421013.285321	NC_012152.1	5507
SRR27421013.32298	NC_012152.1	6985
SRR27421013.252302	NC_012152.1	9610
SRR27421013.183645	NC_012152.1	6124
SRR27421013.38078	NC_012152.1	6600
SRR27421013.96401	NC_012152.1	6971
SRR27421013.62473	NC_012152.1	6243
SRR27421013.212893	NC_012152.1	6592
SRR27421013.111663	NC_012152.1	6174
SRR27421013.199395	NC_012152.1	6915
SRR27421013.231768	NC_012152.1	6230
SRR27421013.63557	NC_012152.1	6701
SRR27421013.30740	NC_012152.1	9423
SRR27421013.236671	NC_012152.1	6943
SRR27421013.263840	NC_012152.1	8448
SRR27421013.160568	NC_012152.1	6552
SRR27421013.62583	NC_012152.1	8000
SRR27421013.194676	NC_012152.1	6832
SRR27421013.217698	NC_012152.1	6270
SRR27421013.47641	NC_012152.1	9606
SRR27421013.283081	NC_012152.1	6755
SRR27421013.286470	NC_012152.1	9738
SRR27421013.31593	NC_012152.1	8370
SRR27421013.180595	NC_012152.1	7100
SRR27421013.15269	NC_012152.1	6713
SRR27421013.68386	NC_012152.1	6571
SRR27421013.111861	NC_012152.1	6221
SRR27421013.264779	NC_012152.1	6622
SRR27421013.68188	NC_012152.1	6991
SRR27421013.122867	NC_012152.1	6772
SRR27421013.136458	NC_012152.1	6691
SRR27421013.146533	NC_012152.1	8956
SRR27421013.60653	NC_012152.1	7783
SRR27421013.170201	NC_012152.1	6886
SRR27421013.206293	NC_012152.1	9282
SRR27421013.190467	NC_012152.1	9371
SRR27421013.182764	NC_012152.1	8357
SRR27421013.28746	NC_012152.1	6440
SRR27421013.33429	NC_012152.1	9197
SRR27421013.232486	NC_012152.1	6776
SRR27421013.118683	NC_012152.1	6700
SRR27421013.237658	NC_012152.1	9428
SRR27421013.48888	NC_012152.1	6586
SRR27421013.157718	NC_012152.1	6620
SRR27421013.129515	NC_012152.1	6759
SRR27421013.136484	NC_012152.1	6834
SRR27421013.97245	NC_012152.1	6794
SRR27421013.168499	NC_012152.1	6615
SRR27421013.173578	NC_012152.1	6405
SRR27421013.195723	NC_012152.1	6712
SRR27421013.88123	NC_012152.1	13802
SRR27421013.207827	NC_012152.1	5998
SRR27421013.7300	NC_012152.1	6973
SRR27421013.33217	NC_012152.1	8536
SRR27421013.168428	NC_012152.1	6620
SRR27421013.26877	NC_012152.1	6517
SRR27421013.15812	NC_012152.1	8344
SRR27421013.100483	NC_012152.1	6197
SRR27421013.120348	NC_012152.1	7619
SRR27421013.38531	NC_012152.1	9545
SRR27421013.137861	NC_012152.1	6816
SRR27421013.199893	NC_012152.1	6157
SRR27421013.106058	NC_012152.1	9077
SRR27421013.231485	NC_012152.1	6378
SRR27421013.210243	NC_012152.1	7028
SRR27421013.255637	NC_012152.1	5897
SRR27421013.104512	NC_012152.1	6750
SRR27421013.200455	NC_012152.1	6187
SRR27421013.182389	NC_012152.1	6396
SRR27421013.124702	NC_012152.1	6655
SRR27421013.131109	NC_012152.1	9457
SRR27421013.136220	NC_012152.1	6768
SRR27421013.189642	NC_012152.1	6835
SRR27421013.215685	NC_012152.1	9254
SRR27421013.202252	NC_012152.1	8381
SRR27421013.254155	NC_012152.1	6538
SRR27421013.200788	NC_012152.1	8362
SRR27421013.252471	NC_012152.1	6550
SRR27421013.160229	NC_012152.1	6703
SRR27421013.264232	NC_012152.1	6500
SRR27421013.276489	NC_012152.1	6580
SRR27421013.129516	NC_012152.1	6697
SRR27421013.185966	NC_012152.1	7065
SRR27421013.241535	NC_012152.1	6443
SRR27421013.184826	NC_012152.1	6325
SRR27421013.207995	NC_012152.1	9448
SRR27421013.39708	NC_012152.1	6758
SRR27421013.207542	NC_012152.1	6731
SRR27421013.233456	NC_012152.1	6543
SRR27421013.204018	NC_012152.1	7248
SRR27421013.40490	NC_012152.1	9942
SRR27421013.236948	NC_012152.1	6904
SRR27421013.102223	NC_012152.1	5375
SRR27421013.136537	NC_012152.1	7676
SRR27421013.232599	NC_012152.1	6885
SRR27421013.178804	NC_012152.1	6153
SRR27421013.75074	NC_012152.1	8092
SRR27421013.56691	NC_012152.1	6425
SRR27421013.259897	NC_012152.1	9740
SRR27421013.133973	NC_012152.1	7969
SRR27421013.284331	NC_012152.1	6615
SRR27421013.278452	NC_012152.1	6845
SRR27421013.69721	NC_012152.1	7177
SRR27421013.239152	NC_012152.1	6760
SRR27421013.14653	NC_012152.1	6689
SRR27421013.15616	NC_012152.1	6677
SRR27421013.262005	NC_012152.1	9532
SRR27421013.198116	NC_012152.1	6270
SRR27421013.30381	NC_012152.1	6883
SRR27421013.33335	NC_012152.1	6816
SRR27421013.27366	NC_012152.1	8037
SRR27421013.209253	NC_012152.1	9213
SRR27421013.167975	NC_012152.1	9413
SRR27421013.176950	NC_012152.1	6797
SRR27421013.187894	NC_012152.1	6030
SRR27421013.235959	NC_012152.1	6897
SRR27421013.50436	NC_012152.1	6470
SRR27421013.34235	NC_012152.1	7928
SRR27421013.223335	NC_012152.1	6866
SRR27421013.40491	NC_012152.1	9859
SRR27421013.156659	NC_012152.1	6688
SRR27421013.277785	NC_012152.1	9629
SRR27421013.265844	NC_012152.1	9447
SRR27421013.246049	NC_012152.1	6731
SRR27421013.186990	NC_012152.1	5906
SRR27421013.100869	NC_012152.1	6679
SRR27421013.130762	NC_012152.1	6648
SRR27421013.70660	NC_012152.1	6580
SRR27421013.209369	NC_012152.1	6597
SRR27421013.258326	NC_012152.1	6824
SRR27421013.164078	NC_012152.1	7906
SRR27421013.146227	NC_012152.1	6815
SRR27421013.14776	NC_012152.1	5568
SRR27421013.20592	NC_012152.1	6434
SRR27421013.42384	NC_012152.1	6840
SRR27421013.236458	NC_012152.1	6640
SRR27421013.85712	NC_012152.1	9919
SRR27421013.62782	NC_012152.1	7861
SRR27421013.116175	NC_012152.1	6677
SRR27421013.153254	NC_012152.1	6829
SRR27421013.238843	NC_012152.1	6816
SRR27421013.45692	NC_012152.1	6794
SRR27421013.224407	NC_012152.1	8392
SRR27421013.104203	NC_012152.1	9588
SRR27421013.163701	NC_012152.1	7933
SRR27421013.163852	NC_012152.1	7939
SRR27421013.171347	NC_012152.1	10102
SRR27421013.286163	NC_012152.1	7899
SRR27421013.254831	NC_012152.1	7692
SRR27421013.22889	NC_012152.1	8000
SRR27421013.197634	NC_012152.1	5804
SRR27421013.93402	NC_012152.1	9809
SRR27421013.94087	NC_012152.1	9818
SRR27421013.232414	NC_012152.1	6549
SRR27421013.68989	NC_012152.1	8401
SRR27421013.233072	NC_012152.1	6431
SRR27421013.143431	NC_012152.1	6742
SRR27421013.159522	NC_012152.1	8298
SRR27421013.31610	NC_012152.1	6792
SRR27421013.231480	NC_012152.1	6920
SRR27421013.73573	NC_012152.1	7796
SRR27421013.71509	NC_012152.1	7892
SRR27421013.233747	NC_012152.1	6881
SRR27421013.159638	NC_012152.1	6650
SRR27421013.170855	NC_012152.1	6699
SRR27421013.224700	NC_012152.1	6069
SRR27421013.170653	NC_012152.1	6686
SRR27421013.186434	NC_012152.1	8462
SRR27421013.19850	NC_012152.1	8898
SRR27421013.203067	NC_012152.1	6794
SRR27421013.87787	NC_012152.1	6467
SRR27421013.101927	NC_012152.1	6655
SRR27421013.161428	NC_012152.1	6748
SRR27421013.3535	NC_012152.1	8986
SRR27421013.278300	NC_012152.1	7008
SRR27421013.235036	NC_012152.1	6803
SRR27421013.173043	NC_012152.1	6741
SRR27421013.255135	NC_012152.1	7036
SRR27421013.238299	NC_012152.1	6760
SRR27421013.257596	NC_012152.1	9978
SRR27421013.87165	NC_012152.1	6655
SRR27421013.10360	NC_012152.1	6012
SRR27421013.25685	NC_012152.1	6666
SRR27421013.107418	NC_012152.1	6409
SRR27421013.113224	NC_012152.1	8565
SRR27421013.123725	NC_012152.1	6385
SRR27421013.3725	NC_012152.1	9239
SRR27421013.86648	NC_012152.1	6740
SRR27421013.120044	NC_012152.1	5624
SRR27421013.145362	NC_012152.1	6814
SRR27421013.209113	NC_012152.1	6852
SRR27421013.214403	NC_012152.1	9229
SRR27421013.177179	NC_012152.1	9097
SRR27421013.179735	NC_012152.1	6375
SRR27421013.147840	NC_012152.1	5195
SRR27421013.98048	NC_012152.1	6715
SRR27421013.102012	NC_012152.1	7267
SRR27421013.231713	NC_012152.1	8507
SRR27421013.267983	NC_012152.1	6891
SRR27421013.34943	NC_012152.1	7203
SRR27421013.23873	NC_012152.1	7248
SRR27421013.40289	NC_012152.1	6219
SRR27421013.59446	NC_012152.1	6854
SRR27421013.269626	NC_012152.1	13652
SRR27421013.63411	NC_012152.1	9613
SRR27421013.3080	NC_012152.1	6395
SRR27421013.47274	NC_012152.1	7430
SRR27421013.197456	NC_012152.1	7130
SRR27421013.17649	NC_012152.1	9736
SRR27421013.166400	NC_012152.1	18576
SRR27421013.204208	NC_012152.1	5890
SRR27421013.106678	NC_012152.1	7675
SRR27421013.194184	NC_012152.1	10006
SRR27421013.194118	NC_012152.1	7027
SRR27421013.120663	NC_012152.1	6861
SRR27421013.168626	NC_012152.1	6670
SRR27421013.74152	NC_012152.1	13058
SRR27421013.81047	NC_012152.1	9327
SRR27421013.167573	NC_012152.1	6638
SRR27421013.117595	NC_012152.1	6723
SRR27421013.16	NC_012152.1	6737
SRR27421013.121373	NC_012152.1	6905
SRR27421013.140416	NC_012152.1	6959
SRR27421013.71285	NC_012152.1	6526
SRR27421013.19439	NC_012152.1	7038
SRR27421013.113081	NC_012152.1	6521
SRR27421013.134499	NC_012152.1	6455
SRR27421013.249771	NC_012152.1	5997
SRR27421013.17013	NC_012152.1	6184
SRR27421013.248285	NC_012152.1	6005
SRR27421013.133143	NC_012152.1	6753
SRR27421013.276526	NC_012152.1	6525
SRR27421013.23533	NC_012152.1	6628
SRR27421013.68302	NC_012152.1	14995
SRR27421013.17193	NC_012152.1	6185
SRR27421013.65130	NC_012152.1	7527
SRR27421013.34203	NC_012152.1	6512
SRR27421013.250928	NC_012152.1	6515
SRR27421013.285343	NC_012152.1	6821
SRR27421013.120447	NC_012152.1	6929
SRR27421013.8184	NC_012152.1	9592
SRR27421013.168787	NC_012152.1	6366
SRR27421013.52314	NC_012152.1	9683
SRR27421013.146459	NC_012152.1	6924
SRR27421013.287929	NC_012152.1	6781
SRR27421013.231878	NC_012152.1	9472
SRR27421013.79303	NC_012152.1	6194
SRR27421013.120600	NC_012152.1	6919
SRR27421013.72306	NC_012152.1	6678
SRR27421013.72159	NC_012152.1	6168
SRR27421013.205818	NC_012152.1	6625
SRR27421013.86724	NC_012152.1	6912
SRR27421013.241691	NC_012152.1	6689
SRR27421013.19645	NC_012152.1	8524
SRR27421013.132861	NC_012152.1	5986
SRR27421013.144797	NC_012152.1	8163
SRR27421013.183435	NC_012152.1	8042
SRR27421013.256909	NC_012152.1	6291
SRR27421013.165281	NC_012152.1	6620
SRR27421013.213617	NC_012152.1	6843
SRR27421013.212470	NC_012152.1	6878
SRR27421013.238103	NC_012152.1	5889
SRR27421013.146308	NC_012152.1	6821
SRR27421013.209171	NC_012152.1	5759
SRR27421013.2452	NC_012152.1	6632
SRR27421013.56346	NC_012152.1	7310
SRR27421013.197504	NC_012152.1	6503
SRR27421013.157252	NC_012152.1	6931
SRR27421013.96446	NC_012152.1	8911
SRR27421013.87987	NC_012152.1	6981
SRR27421013.205650	NC_012152.1	6472
SRR27421013.210967	NC_012152.1	15012
SRR27421013.194015	NC_012152.1	6930
SRR27421013.136208	NC_012152.1	6529
SRR27421013.11922	NC_012152.1	6771
SRR27421013.166563	NC_012152.1	6521
SRR27421013.206773	NC_012152.1	5381
SRR27421013.191804	NC_012152.1	6312
SRR27421013.146082	NC_012152.1	6644
SRR27421013.223925	NC_012152.1	9787
SRR27421013.195330	NC_012152.1	5993
SRR27421013.80226	NC_012152.1	11813
SRR27421013.241047	NC_012152.1	6627
SRR27421013.190324	NC_012152.1	6697
SRR27421013.23939	NC_012152.1	6689
SRR27421013.269738	NC_012152.1	7175
SRR27421013.73942	NC_012152.1	6372
SRR27421013.11958	NC_012152.1	6770
SRR27421013.85913	NC_012152.1	6799
SRR27421013.118466	NC_012152.1	7599
SRR27421013.123132	NC_012152.1	12571
SRR27421013.221575	NC_012152.1	6651
SRR27421013.97355	NC_012152.1	7777
SRR27421013.154426	NC_012152.1	6724
SRR27421013.196546	NC_012152.1	6962
SRR27421013.68805	NC_012152.1	9006
SRR27421013.123880	NC_012152.1	9360
SRR27421013.94689	NC_012152.1	6978
SRR27421013.250715	NC_012152.1	8148
SRR27421013.50562	NC_012152.1	6662
SRR27421013.209377	NC_012152.1	6845
SRR27421013.48740	NC_012152.1	6565
SRR27421013.221278	NC_012152.1	9325
SRR27421013.278721	NC_012152.1	9565
SRR27421013.240656	NC_012152.1	6069
SRR27421013.160858	NC_012152.1	6586
SRR27421013.94997	NC_012152.1	18557
SRR27421013.121361	NC_012152.1	8167
SRR27421013.51500	NC_012152.1	8112
SRR27421013.11164	NC_012152.1	5952
SRR27421013.260511	NC_012152.1	6657
SRR27421013.42201	NC_012152.1	6681
SRR27421013.138846	NC_012152.1	7435
SRR27421013.118149	NC_012152.1	6975
SRR27421013.5216	NC_012152.1	6766
SRR27421013.198598	NC_012152.1	6540
SRR27421013.276414	NC_012152.1	6605
SRR27421013.167183	NC_012152.1	6056
SRR27421013.167524	NC_012152.1	6064
SRR27421013.114401	NC_012152.1	9074
SRR27421013.47533	NC_012152.1	7315
SRR27421013.168125	NC_012152.1	7664
SRR27421013.257832	NC_012152.1	6639
SRR27421013.267840	NC_012152.1	8084
SRR27421013.273219	NC_012152.1	8536
SRR27421013.40450	NC_012152.1	6542
SRR27421013.59924	NC_012152.1	6073
SRR27421013.235536	NC_012152.1	6895
SRR27421013.202339	NC_012152.1	6896
SRR27421013.36465	NC_012152.1	8274
SRR27421013.144830	NC_012152.1	6073
SRR27421013.4104	NC_012152.1	6889
SRR27421013.95166	NC_012152.1	8960
SRR27421013.10071	NC_012152.1	6787
SRR27421013.146776	NC_012152.1	6768
SRR27421013.248167	NC_012152.1	6197
SRR27421013.173079	NC_012152.1	8188
SRR27421013.18219	NC_012152.1	15885
SRR27421013.281357	NC_012152.1	6083
SRR27421013.276112	NC_012152.1	5720
SRR27421013.246599	NC_012152.1	7858
SRR27421013.62061	NC_012152.1	6138
SRR27421013.73560	NC_012152.1	7648
SRR27421013.266244	NC_012152.1	6674
SRR27421013.51184	NC_012152.1	7815
SRR27421013.140393	NC_012152.1	6886
SRR27421013.230192	NC_012152.1	5495
SRR27421013.151145	NC_012152.1	6062
SRR27421013.216294	NC_012152.1	6672
SRR27421013.169770	NC_012152.1	6172
SRR27421013.135514	NC_012152.1	7187
SRR27421013.93477	NC_012152.1	7504
SRR27421013.266764	NC_012152.1	9692
SRR27421013.124495	NC_012152.1	6131
SRR27421013.56040	NC_012152.1	8160
SRR27421013.42456	NC_012152.1	7040
SRR27421013.184438	NC_012152.1	6434
SRR27421013.124613	NC_012152.1	6394
SRR27421013.145419	NC_012152.1	6725
SRR27421013.236133	NC_012152.1	7405
SRR27421013.248854	NC_012152.1	6145
SRR27421013.55528	NC_012152.1	8112
SRR27421013.20045	NC_012152.1	5810
SRR27421013.73638	NC_012152.1	11753
SRR27421013.233114	NC_012152.1	6473
SRR27421013.285954	NC_012152.1	6539
SRR27421013.78845	NC_012152.1	6648
SRR27421013.133627	NC_012152.1	11926
SRR27421013.171201	NC_012152.1	5865
SRR27421013.192565	NC_012152.1	8569
SRR27421013.83494	NC_012152.1	6928
SRR27421013.237685	NC_012152.1	6783
SRR27421013.84683	NC_012152.1	6692
SRR27421013.131661	NC_012152.1	6731
SRR27421013.50129	NC_012152.1	13796
SRR27421013.269006	NC_012152.1	6727
SRR27421013.9093	NC_012152.1	9572
SRR27421013.31319	NC_012152.1	6753
SRR27421013.211002	NC_012152.1	7412
SRR27421013.66469	NC_012152.1	7807
SRR27421013.12332	NC_012152.1	6866
SRR27421013.170520	NC_012152.1	5871
SRR27421013.71429	NC_012152.1	17264
SRR27421013.216664	NC_012152.1	10149
SRR27421013.283827	NC_012152.1	6698
SRR27421013.169088	NC_012152.1	5901
SRR27421013.156237	NC_012152.1	6020
SRR27421013.235033	NC_012152.1	7232
SRR27421013.137883	NC_012152.1	6125
SRR27421013.148322	NC_012152.1	6699
SRR27421013.261143	NC_012152.1	6405
SRR27421013.173538	NC_012152.1	6659
SRR27421013.206868	NC_012152.1	6976
SRR27421013.77894	NC_012152.1	8875
SRR27421013.173540	NC_012152.1	6641
SRR27421013.71749	NC_012152.1	6532
SRR27421013.273540	NC_012152.1	6774
SRR27421013.20891	NC_012152.1	6753
SRR27421013.240584	NC_012152.1	13937
SRR27421013.159666	NC_012152.1	9332
SRR27421013.173515	NC_012152.1	6629
SRR27421013.163471	NC_012152.1	11317
SRR27421013.76195	NC_012152.1	9586
SRR27421013.30550	NC_012152.1	6370
SRR27421013.25327	NC_012152.1	6649
SRR27421013.239463	NC_012152.1	6793
SRR27421013.248151	NC_012152.1	5860
SRR27421013.274643	NC_012152.1	5021
SRR27421013.257652	NC_012152.1	6009
SRR27421013.62989	NC_012152.1	7098
SRR27421013.124833	NC_012152.1	5812
SRR27421013.174932	NC_012152.1	9414
SRR27421013.14825	NC_012152.1	6843
SRR27421013.92017	NC_012152.1	5193
SRR27421013.127220	NC_012152.1	6922
SRR27421013.92073	NC_012152.1	6620
SRR27421013.193669	NC_012152.1	6395
SRR27421013.163676	NC_012152.1	6018
SRR27421013.189213	NC_012152.1	5869
SRR27421013.25320	NC_012152.1	5918
SRR27421013.137137	NC_012152.1	7636
SRR27421013.220274	NC_012152.1	6784
SRR27421013.26745	NC_012152.1	7654
SRR27421013.245435	NC_012152.1	6629
SRR27421013.71750	NC_012152.1	6482
SRR27421013.206482	NC_012152.1	6031
SRR27421013.205015	NC_012152.1	6712
SRR27421013.197002	NC_012152.1	8789
SRR27421013.102987	NC_012152.1	6443
SRR27421013.261343	NC_012152.1	6960
SRR27421013.191183	NC_012152.1	6953
SRR27421013.76317	NC_012152.1	5879
SRR27421013.126993	NC_012152.1	6232
SRR27421013.204165	NC_012152.1	6747
SRR27421013.203110	NC_012152.1	6706
SRR27421013.44198	NC_012152.1	6622
SRR27421013.254181	NC_012152.1	6825
SRR27421013.245853	NC_012152.1	13340
SRR27421013.33625	NC_012152.1	9783
SRR27421013.39324	NC_012152.1	8301
SRR27421013.181396	NC_012152.1	9769
SRR27421013.140705	NC_012152.1	5905
SRR27421013.243477	NC_012152.1	6786
SRR27421013.284823	NC_012152.1	6955
SRR27421013.181213	NC_012152.1	6612
SRR27421013.76802	NC_012152.1	6879
SRR27421013.275433	NC_012152.1	6836
SRR27421013.191094	NC_012152.1	9072
SRR27421013.63427	NC_012152.1	9567
SRR27421013.91793	NC_012152.1	5529
SRR27421013.126691	NC_012152.1	9890
SRR27421013.17000	NC_012152.1	6398
SRR27421013.50078	NC_012152.1	6410
SRR27421013.59161	NC_012152.1	6707
SRR27421013.253956	NC_012152.1	6389
SRR27421013.185682	NC_012152.1	6830
SRR27421013.148746	NC_012152.1	5750
SRR27421013.12418	NC_012152.1	6467
SRR27421013.97600	NC_012152.1	5931
SRR27421013.42018	NC_012152.1	6905
SRR27421013.271712	NC_012152.1	7712
SRR27421013.197243	NC_012152.1	13568
SRR27421013.236773	NC_012152.1	9361
SRR27421013.158731	NC_012152.1	8156
SRR27421013.91988	NC_012152.1	8917
SRR27421013.149578	NC_012152.1	6750
SRR27421013.104221	NC_012152.1	6547
SRR27421013.141036	NC_012152.1	8086
SRR27421013.173101	NC_012152.1	8083
SRR27421013.190165	NC_012152.1	9911
SRR27421013.287310	NC_012152.1	6514
SRR27421013.9541	NC_012152.1	7943
SRR27421013.282629	NC_012152.1	6759
SRR27421013.34208	NC_012152.1	6491
SRR27421013.60066	NC_012152.1	6907
SRR27421013.11663	NC_012152.1	6753
SRR27421013.13062	NC_012152.1	6796
SRR27421013.143547	NC_012152.1	6499
SRR27421013.180160	NC_012152.1	6473
SRR27421013.105362	NC_012152.1	7674
SRR27421013.212989	NC_012152.1	6010
SRR27421013.36203	NC_012152.1	6106
SRR27421013.7671	NC_012152.1	5212
SRR27421013.157841	NC_012152.1	7172
SRR27421013.4167	NC_012152.1	9386
SRR27421013.19327	NC_012152.1	9411
SRR27421013.5235	NC_012152.1	9383
SRR27421013.163194	NC_012152.1	6811
SRR27421013.226715	NC_012152.1	6773
SRR27421013.258650	NC_012152.1	9093
SRR27421013.60474	NC_012152.1	8262
SRR27421013.57324	NC_012152.1	6057
SRR27421013.128497	NC_012152.1	6765
SRR27421013.139695	NC_012152.1	6049
SRR27421013.287033	NC_012152.1	9684
SRR27421013.139634	NC_012152.1	6035
SRR27421013.285434	NC_012152.1	9650
SRR27421013.263009	NC_012152.1	6802
SRR27421013.137023	NC_012152.1	6525
SRR27421013.150971	NC_012152.1	7372
SRR27421013.150970	NC_012152.1	7362
SRR27421013.33123	NC_012152.1	5945
SRR27421013.201882	NC_012152.1	9132
SRR27421013.263533	NC_012152.1	5367
SRR27421013.235347	NC_012152.1	5684
SRR27421013.170689	NC_012152.1	6545
SRR27421013.215118	NC_012152.1	6971
SRR27421013.161165	NC_012152.1	6687
SRR27421013.47902	NC_012152.1	9598
SRR27421013.126709	NC_012152.1	6628
SRR27421013.215122	NC_012152.1	5163
SRR27421013.209816	NC_012152.1	7022
SRR27421013.265660	NC_012152.1	6815
SRR27421013.251032	NC_012152.1	6899
SRR27421013.268277	NC_012152.1	6930
SRR27421013.151881	NC_012152.1	6776
SRR27421013.214974	NC_012152.1	5771
SRR27421013.138549	NC_012152.1	6725
SRR27421013.114423	NC_012152.1	6731
SRR27421013.122042	NC_012152.1	6657
SRR27421013.285772	NC_012152.1	7315
SRR27421013.207521	NC_012152.1	7024
SRR27421013.244727	NC_012152.1	6663
SRR27421013.60774	NC_012152.1	7480
SRR27421013.88853	NC_012152.1	6841
SRR27421013.98106	NC_012152.1	6361
SRR27421013.206383	NC_012152.1	9528
SRR27421013.226112	NC_012152.1	6314
SRR27421013.281932	NC_012152.1	7104
SRR27421013.286065	NC_012152.1	7384
SRR27421013.144228	NC_012152.1	6822
SRR27421013.202654	NC_012152.1	6762
SRR27421013.240622	NC_012152.1	6927
SRR27421013.125450	NC_012152.1	9729
SRR27421013.149015	NC_012152.1	8247
SRR27421013.15389	NC_012152.1	6162
SRR27421013.47323	NC_012152.1	7094
SRR27421013.67933	NC_012152.1	9826
SRR27421013.7850	NC_012152.1	7051
SRR27421013.320	NC_012152.1	6258
SRR27421013.281709	NC_012152.1	9428
SRR27421013.112441	NC_012152.1	6546
SRR27421013.133542	NC_012152.1	9442
SRR27421013.191745	NC_012152.1	7044
SRR27421013.21513	NC_012152.1	8945
SRR27421013.154209	NC_012152.1	5955
SRR27421013.59746	NC_012152.1	6653
SRR27421013.133680	NC_012152.1	6681
SRR27421013.30449	NC_012152.1	8393
SRR27421013.144118	NC_012152.1	6180
SRR27421013.86	NC_012152.1	5772
SRR27421013.276602	NC_012152.1	9073
SRR27421013.209778	NC_012152.1	6022
SRR27421013.70023	NC_012152.1	9424
SRR27421013.190034	NC_012152.1	6559
SRR27421013.7090	NC_012152.1	6909
SRR27421013.206735	NC_012152.1	6768
SRR27421013.80120	NC_012152.1	8686
SRR27421013.79822	NC_012152.1	6668
SRR27421013.254388	NC_012152.1	6827
SRR27421013.78350	NC_012152.1	6632
SRR27421013.137055	NC_012152.1	5402
SRR27421013.239169	NC_012152.1	8018
SRR27421013.272615	NC_012152.1	6732
SRR27421013.113279	NC_012152.1	6458
SRR27421013.228501	NC_012152.1	7534
SRR27421013.25987	NC_012152.1	7058
SRR27421013.50858	NC_012152.1	7126
SRR27421013.126211	NC_012152.1	7620
SRR27421013.140252	NC_012152.1	6978
SRR27421013.68880	NC_012152.1	7161
SRR27421013.179061	NC_012152.1	6814
SRR27421013.169596	NC_012152.1	6919
SRR27421013.70598	NC_012152.1	7756
SRR27421013.228333	NC_012152.1	7493
SRR27421013.162408	NC_012152.1	7013
SRR27421013.233225	NC_012152.1	5554
SRR27421013.75402	NC_012152.1	5474
SRR27421013.194775	NC_012152.1	6864
SRR27421013.179645	NC_012152.1	6141
SRR27421013.87392	NC_012152.1	5713
SRR27421013.143505	NC_012152.1	8676
SRR27421013.191943	NC_012152.1	6029
SRR27421013.145591	NC_012152.1	8165
SRR27421013.238669	NC_012152.1	6918
SRR27421013.272766	NC_012152.1	6744
SRR27421013.30251	NC_012152.1	6602
SRR27421013.22232	NC_012152.1	5106
SRR27421013.13413	NC_012152.1	6489
SRR27421013.201377	NC_012152.1	6739
SRR27421013.257096	NC_012152.1	6589
SRR27421013.53196	NC_012152.1	6731
SRR27421013.218906	NC_012152.1	6226
SRR27421013.173054	NC_012152.1	7774
SRR27421013.163274	NC_012152.1	5890
SRR27421013.68009	NC_012152.1	6277
SRR27421013.105200	NC_012152.1	6982
SRR27421013.32345	NC_012152.1	7047
SRR27421013.38328	NC_012152.1	7358
SRR27421013.127061	NC_012152.1	6832
SRR27421013.136101	NC_012152.1	7096
SRR27421013.47751	NC_012152.1	6533
SRR27421013.67958	NC_012152.1	6630
SRR27421013.69497	NC_012152.1	6623
SRR27421013.143460	NC_012152.1	7215
SRR27421013.41740	NC_012152.1	13623
SRR27421013.241619	NC_012152.1	7501
SRR27421013.126073	NC_012152.1	6908
SRR27421013.60694	NC_012152.1	9512
SRR27421013.69198	NC_012152.1	6729
SRR27421013.118974	NC_012152.1	6851
SRR27421013.277027	NC_012152.1	5993
SRR27421013.205137	NC_012152.1	20162
SRR27421013.132890	NC_012152.1	6839
SRR27421013.108963	NC_012152.1	6701
SRR27421013.217896	NC_012152.1	7781
SRR27421013.136635	NC_012152.1	8258
SRR27421013.157595	NC_012152.1	6724
SRR27421013.164819	NC_012152.1	6284
SRR27421013.29118	NC_012152.1	6488
SRR27421013.72647	NC_012152.1	9940
SRR27421013.182217	NC_012152.1	5504
SRR27421013.183255	NC_012152.1	7485
SRR27421013.272282	NC_012152.1	6905
SRR27421013.150498	NC_012152.1	5134
SRR27421013.185186	NC_012152.1	7490
SRR27421013.8097	NC_012152.1	6628
SRR27421013.231289	NC_012152.1	9876
SRR27421013.130	NC_012152.1	6710
SRR27421013.198599	NC_012152.1	9437
SRR27421013.287157	NC_012152.1	5989
SRR27421013.221447	NC_012152.1	5553
SRR27421013.105206	NC_012152.1	7662
SRR27421013.235092	NC_012152.1	7220
SRR27421013.36132	NC_012152.1	13192
SRR27421013.181783	NC_012152.1	6953
SRR27421013.69621	NC_012152.1	6943
SRR27421013.234082	NC_012152.1	6622
SRR27421013.192261	NC_012152.1	9745
SRR27421013.240591	NC_012152.1	6904
SRR27421013.218305	NC_012152.1	8245
SRR27421013.157255	NC_012152.1	8588
SRR27421013.240926	NC_012152.1	8870
SRR27421013.282075	NC_012152.1	6823
SRR27421013.84446	NC_012152.1	8325
SRR27421013.233599	NC_012152.1	6620
SRR27421013.235185	NC_012152.1	7221
SRR27421013.127693	NC_012152.1	7112
SRR27421013.260913	NC_012152.1	6813
SRR27421013.145041	NC_012152.1	8193
SRR27421013.217145	NC_012152.1	6761
SRR27421013.92779	NC_012152.1	6156
SRR27421013.102390	NC_012152.1	6626
SRR27421013.134446	NC_012152.1	9385
SRR27421013.251537	NC_012152.1	6894
SRR27421013.143280	NC_012152.1	7198
SRR27421013.235082	NC_012152.1	7992
SRR27421013.34667	NC_012152.1	6652
SRR27421013.51768	NC_012152.1	6845
SRR27421013.58590	NC_012152.1	6729
SRR27421013.204280	NC_012152.1	6129
SRR27421013.237432	NC_012152.1	6053
SRR27421013.124346	NC_012152.1	9140
SRR27421013.57428	NC_012152.1	6771
SRR27421013.220099	NC_012152.1	6448
SRR27421013.49796	NC_012152.1	7064
SRR27421013.194110	NC_012152.1	6153
SRR27421013.197941	NC_012152.1	7126
SRR27421013.198365	NC_012152.1	13309
SRR27421013.81481	NC_012152.1	5518
SRR27421013.274541	NC_012152.1	6106
SRR27421013.146453	NC_012152.1	6473
SRR27421013.148401	NC_012152.1	6469
SRR27421013.265714	NC_012152.1	7193
SRR27421013.22447	NC_012152.1	6701
SRR27421013.188237	NC_012152.1	9545
SRR27421013.37666	NC_012152.1	6924
SRR27421013.66733	NC_012152.1	6088
SRR27421013.44772	NC_012152.1	6204
SRR27421013.37420	NC_012152.1	6875
SRR27421013.192248	NC_012152.1	9439
SRR27421013.10908	NC_012152.1	7333
SRR27421013.156772	NC_012152.1	6621
SRR27421013.136100	NC_012152.1	6996
SRR27421013.21422	NC_012152.1	9803
SRR27421013.23061	NC_012152.1	9760
SRR27421013.151891	NC_012152.1	8282
SRR27421013.198628	NC_012152.1	7030
SRR27421013.105722	NC_012152.1	7102
SRR27421013.36885	NC_012152.1	9714
SRR27421013.150288	NC_012152.1	8212
SRR27421013.197382	NC_012152.1	6990
SRR27421013.255755	NC_012152.1	6638
SRR27421013.142694	NC_012152.1	7351
SRR27421013.35941	NC_012152.1	9656
SRR27421013.138838	NC_012152.1	7039
SRR27421013.24453	NC_012152.1	9712
SRR27421013.267321	NC_012152.1	6794
SRR27421013.110520	NC_012152.1	6564
SRR27421013.197589	NC_012152.1	5757
SRR27421013.182941	NC_012152.1	6679
SRR27421013.278317	NC_012152.1	6808
SRR27421013.149342	NC_012152.1	6537
SRR27421013.255947	NC_012152.1	5510
SRR27421013.158984	NC_012152.1	6240
SRR27421013.101403	NC_012152.1	6252
SRR27421013.251118	NC_012152.1	9350
SRR27421013.156125	NC_012152.1	9967
SRR27421013.132649	NC_012152.1	6502
SRR27421013.206892	NC_012152.1	6293
SRR27421013.165613	NC_012152.1	6410
SRR27421013.266306	NC_012152.1	7099
SRR27421013.89643	NC_012152.1	6520
SRR27421013.158222	NC_012152.1	6857
SRR27421013.273716	NC_012152.1	7908
SRR27421013.197862	NC_012152.1	5803
SRR27421013.253175	NC_012152.1	9527
SRR27421013.38523	NC_012152.1	9637
SRR27421013.196143	NC_012152.1	5795
SRR27421013.199987	NC_012152.1	7440
SRR27421013.153764	NC_012152.1	6646
SRR27421013.155115	NC_012152.1	7009
SRR27421013.276728	NC_012152.1	7610
SRR27421013.70748	NC_012152.1	5320
SRR27421013.149177	NC_012152.1	6819
SRR27421013.127619	NC_012152.1	6003
SRR27421013.123713	NC_012152.1	6755
SRR27421013.178527	NC_012152.1	9243
SRR27421013.209310	NC_012152.1	5906
SRR27421013.41908	NC_012152.1	6855
SRR27421013.170540	NC_012152.1	6926
SRR27421013.210064	NC_012152.1	6579
SRR27421013.267676	NC_012152.1	6668
SRR27421013.152147	NC_012152.1	6800
SRR27421013.41447	NC_012152.1	8928
SRR27421013.48240	NC_012152.1	8171
SRR27421013.70383	NC_012152.1	6956
SRR27421013.139633	NC_012152.1	9662
SRR27421013.231652	NC_012152.1	6894
SRR27421013.144804	NC_012152.1	6782
SRR27421013.240244	NC_012152.1	6509
SRR27421013.127297	NC_012152.1	5988
SRR27421013.216204	NC_012152.1	7156
SRR27421013.137976	NC_012152.1	9402
SRR27421013.144374	NC_012152.1	6682
SRR27421013.73263	NC_012152.1	9269
SRR27421013.78433	NC_012152.1	7101
SRR27421013.72517	NC_012152.1	7096
SRR27421013.20026	NC_012152.1	6938
SRR27421013.145240	NC_012152.1	9383
SRR27421013.121040	NC_012152.1	6293
SRR27421013.459	NC_012152.1	6850
SRR27421013.266922	NC_012152.1	13638
SRR27421013.149958	NC_012152.1	8503
SRR27421013.206554	NC_012152.1	6384
SRR27421013.234084	NC_012152.1	6374
SRR27421013.245764	NC_012152.1	11010
SRR27421013.188653	NC_012152.1	9482
SRR27421013.173681	NC_012152.1	6528
SRR27421013.249513	NC_012152.1	7406
SRR27421013.153517	NC_012152.1	6680
SRR27421013.268822	NC_012152.1	6175
SRR27421013.63603	NC_012152.1	9290
SRR27421013.5849	NC_012152.1	6875
SRR27421013.9400	NC_012152.1	5014
SRR27421013.54573	NC_012152.1	6170
SRR27421013.12887	NC_012152.1	7760
SRR27421013.75687	NC_012152.1	6836
SRR27421013.243888	NC_012152.1	5504
SRR27421013.80418	NC_012152.1	6598
SRR27421013.147126	NC_012152.1	6193
SRR27421013.181852	NC_012152.1	7219
SRR27421013.236448	NC_012152.1	6822
SRR27421013.24364	NC_012152.1	6619
SRR27421013.192875	NC_012152.1	6874
SRR27421013.267614	NC_012152.1	6984
SRR27421013.205862	NC_012152.1	5881
SRR27421013.268204	NC_012152.1	6978
SRR27421013.150359	NC_012152.1	6499
SRR27421013.150508	NC_012152.1	6513
SRR27421013.57985	NC_012152.1	6662
SRR27421013.168404	NC_012152.1	7581
SRR27421013.161388	NC_012152.1	7228
SRR27421013.16123	NC_012152.1	7462
SRR27421013.197434	NC_012152.1	9646
SRR27421013.235389	NC_012152.1	6368
SRR27421013.236394	NC_012152.1	6381
SRR27421013.161445	NC_012152.1	7907
SRR27421013.84133	NC_012152.1	6728
SRR27421013.200194	NC_012152.1	7003
SRR27421013.230899	NC_012152.1	6880
SRR27421013.57840	NC_012152.1	5976
SRR27421013.92506	NC_012152.1	9475
SRR27421013.156019	NC_012152.1	6935
SRR27421013.177796	NC_012152.1	6568
SRR27421013.253155	NC_012152.1	9052
SRR27421013.50218	NC_012152.1	6610
SRR27421013.62664	NC_012152.1	7629
SRR27421013.151829	NC_012152.1	5993
SRR27421013.175902	NC_012152.1	8591
SRR27421013.87225	NC_012152.1	6626
SRR27421013.279994	NC_012152.1	6711
SRR27421013.210571	NC_012152.1	6352
SRR27421013.277854	NC_012152.1	6549
SRR27421013.140382	NC_012152.1	6842
SRR27421013.118895	NC_012152.1	9364
SRR27421013.156029	NC_012152.1	6751
SRR27421013.206286	NC_012152.1	8384
SRR27421013.208281	NC_012152.1	6767
SRR27421013.154846	NC_012152.1	6760
SRR27421013.133445	NC_012152.1	7352
SRR27421013.1945	NC_012152.1	8119
SRR27421013.62684	NC_012152.1	6691
SRR27421013.84774	NC_012152.1	9603
SRR27421013.18431	NC_012152.1	5977
SRR27421013.220305	NC_012152.1	7351
SRR27421013.130150	NC_012152.1	6111
SRR27421013.29537	NC_012152.1	7654
SRR27421013.210376	NC_012152.1	6582
SRR27421013.149186	NC_012152.1	6198
SRR27421013.17005	NC_012152.1	9237
SRR27421013.180362	NC_012152.1	7000
SRR27421013.202948	NC_012152.1	6536
SRR27421013.275280	NC_012152.1	6489
SRR27421013.13329	NC_012152.1	6712
SRR27421013.276729	NC_012152.1	6485
SRR27421013.9098	NC_012152.1	6774
SRR27421013.34692	NC_012152.1	5510
SRR27421013.119302	NC_012152.1	7543
SRR27421013.276690	NC_012152.1	7109
SRR27421013.35104	NC_012152.1	6593
SRR27421013.26675	NC_012152.1	7527
SRR27421013.189826	NC_012152.1	6237
SRR27421013.197565	NC_012152.1	6788
SRR27421013.196300	NC_012152.1	6810
SRR27421013.221084	NC_012152.1	9199
SRR27421013.49653	NC_012152.1	6910
SRR27421013.184873	NC_012152.1	15344
SRR27421013.283447	NC_012152.1	6495
SRR27421013.43416	NC_012152.1	8949
SRR27421013.137759	NC_012152.1	7933
SRR27421013.75387	NC_012152.1	6762
SRR27421013.103734	NC_012152.1	6799
SRR27421013.208328	NC_012152.1	7169
SRR27421013.104090	NC_012152.1	6814
SRR27421013.121589	NC_012152.1	8552
SRR27421013.203510	NC_012152.1	6772
SRR27421013.259396	NC_012152.1	6887
SRR27421013.182527	NC_012152.1	6577
SRR27421013.228099	NC_012152.1	7887
SRR27421013.178535	NC_012152.1	6208
SRR27421013.40680	NC_012152.1	6939
SRR27421013.118519	NC_012152.1	7543
SRR27421013.249532	NC_012152.1	7283
SRR27421013.206729	NC_012152.1	6927
SRR27421013.104436	NC_012152.1	7105
SRR27421013.175583	NC_012152.1	6177
SRR27421013.270383	NC_012152.1	6959
SRR27421013.36639	NC_012152.1	8631
SRR27421013.76112	NC_012152.1	6688
SRR27421013.98041	NC_012152.1	6837
SRR27421013.219650	NC_012152.1	9336
SRR27421013.263675	NC_012152.1	6993
SRR27421013.184211	NC_012152.1	5874
SRR27421013.263307	NC_012152.1	7051
SRR27421013.174470	NC_012152.1	6778
SRR27421013.160442	NC_012152.1	6059
SRR27421013.8860	NC_012152.1	5892
SRR27421013.25597	NC_012152.1	6769
SRR27421013.136710	NC_012152.1	9534
SRR27421013.62272	NC_012152.1	6682
SRR27421013.248589	NC_012152.1	12665
SRR27421013.72161	NC_012152.1	6353
SRR27421013.173740	NC_012152.1	6782
SRR27421013.5399	NC_012152.1	9545
SRR27421013.106538	NC_012152.1	6781
SRR27421013.220090	NC_012152.1	6795
SRR27421013.36750	NC_012152.1	6483
SRR27421013.195072	NC_012152.1	7588
SRR27421013.165476	NC_012152.1	5975
SRR27421013.221317	NC_012152.1	6420
SRR27421013.221965	NC_012152.1	6494
SRR27421013.102184	NC_012152.1	9706
SRR27421013.40186	NC_012152.1	6718
SRR27421013.53930	NC_012152.1	9205
SRR27421013.136241	NC_012152.1	6002
SRR27421013.171546	NC_012152.1	7854
SRR27421013.178119	NC_012152.1	6226
SRR27421013.73575	NC_012152.1	6186
SRR27421013.284914	NC_012152.1	6786
SRR27421013.27051	NC_012152.1	9108
SRR27421013.238011	NC_012152.1	7319
SRR27421013.27632	NC_012152.1	9103
SRR27421013.269903	NC_012152.1	6732
SRR27421013.69040	NC_012152.1	9406
SRR27421013.202616	NC_012152.1	6803
SRR27421013.214791	NC_012152.1	6910
SRR27421013.87673	NC_012152.1	6003
SRR27421013.220465	NC_012152.1	6218
SRR27421013.236023	NC_012152.1	9678
SRR27421013.80111	NC_012152.1	6889
SRR27421013.285305	NC_012152.1	6697
SRR27421013.41572	NC_012152.1	8170
SRR27421013.209680	NC_012152.1	6173
SRR27421013.82612	NC_012152.1	6995
SRR27421013.245634	NC_012152.1	7715
SRR27421013.118959	NC_012152.1	8374
SRR27421013.5314	NC_012152.1	6722
SRR27421013.84143	NC_012152.1	5514
SRR27421013.179842	NC_012152.1	9966
SRR27421013.194025	NC_012152.1	6758
SRR27421013.221194	NC_012152.1	6712
SRR27421013.50074	NC_012152.1	6498
SRR27421013.200341	NC_012152.1	6874
SRR27421013.245248	NC_012152.1	6695
SRR27421013.70482	NC_012152.1	5767
SRR27421013.140142	NC_012152.1	9095
SRR27421013.137854	NC_012152.1	6680
SRR27421013.96400	NC_012152.1	6938
SRR27421013.207556	NC_012152.1	6848
SRR27421013.263427	NC_012152.1	6770
SRR27421013.12577	NC_012152.1	8398
SRR27421013.207756	NC_012152.1	6666
SRR27421013.71383	NC_012152.1	6036
SRR27421013.239001	NC_012152.1	6664
SRR27421013.116412	NC_012152.1	6665
SRR27421013.235976	NC_012152.1	6572
SRR27421013.206103	NC_012152.1	6922
SRR27421013.97186	NC_012152.1	7117
SRR27421013.185351	NC_012152.1	6841
SRR27421013.96108	NC_012152.1	6493
SRR27421013.116982	NC_012152.1	8005
SRR27421013.60094	NC_012152.1	6486
SRR27421013.204175	NC_012152.1	6833
SRR27421013.29629	NC_012152.1	7674
SRR27421013.51776	NC_012152.1	7956
SRR27421013.173777	NC_012152.1	5383
SRR27421013.179797	NC_012152.1	6535
SRR27421013.40013	NC_012152.1	6255
SRR27421013.82287	NC_012152.1	6669
SRR27421013.281404	NC_012152.1	6794
SRR27421013.4682	NC_012152.1	6645
SRR27421013.264823	NC_012152.1	6944
SRR27421013.91945	NC_012152.1	7206
SRR27421013.231607	NC_012152.1	5918
SRR27421013.234144	NC_012152.1	5932
SRR27421013.175017	NC_012152.1	6148
SRR27421013.117	NC_012152.1	5894
SRR27421013.9361	NC_012152.1	8936
SRR27421013.251365	NC_012152.1	6942
SRR27421013.47376	NC_012152.1	6797
SRR27421013.255724	NC_012152.1	6671
SRR27421013.153071	NC_012152.1	6668
SRR27421013.128000	NC_012152.1	6576
SRR27421013.155235	NC_012152.1	6649
SRR27421013.116652	NC_012152.1	6300
SRR27421013.63516	NC_012152.1	7032
SRR27421013.121629	NC_012152.1	9113
SRR27421013.136965	NC_012152.1	9572
SRR27421013.197930	NC_012152.1	7091
SRR27421013.59246	NC_012152.1	6337
SRR27421013.185157	NC_012152.1	6729
SRR27421013.248062	NC_012152.1	6769
SRR27421013.268216	NC_012152.1	6337
SRR27421013.234621	NC_012152.1	6716
SRR27421013.183294	NC_012152.1	7008
SRR27421013.106354	NC_012152.1	6832
SRR27421013.108063	NC_012152.1	6805
SRR27421013.168997	NC_012152.1	6745
SRR27421013.79171	NC_012152.1	6802
SRR27421013.212187	NC_012152.1	6451
SRR27421013.170210	NC_012152.1	5924
SRR27421013.200012	NC_012152.1	6037
SRR27421013.212636	NC_012152.1	13642
SRR27421013.233306	NC_012152.1	5507
SRR27421013.260955	NC_012152.1	5314
SRR27421013.218172	NC_012152.1	6173
SRR27421013.136649	NC_012152.1	5309
SRR27421013.275730	NC_012152.1	19576
SRR27421013.10526	NC_012152.1	6981
SRR27421013.223671	NC_012152.1	6736
SRR27421013.42459	NC_012152.1	6913
SRR27421013.164715	NC_012152.1	6883
SRR27421013.11301	NC_012152.1	6163
SRR27421013.242918	NC_012152.1	8345
SRR27421013.17670	NC_012152.1	6697
SRR27421013.81280	NC_012152.1	6537
SRR27421013.284286	NC_012152.1	6640
SRR27421013.151623	NC_012152.1	7974
SRR27421013.282087	NC_012152.1	6320
SRR27421013.33166	NC_012152.1	6904
SRR27421013.231562	NC_012152.1	7769
SRR27421013.231591	NC_012152.1	7741
SRR27421013.150922	NC_012152.1	5737
SRR27421013.221860	NC_012152.1	6917
SRR27421013.75968	NC_012152.1	6863
SRR27421013.114384	NC_012152.1	6845
SRR27421013.132312	NC_012152.1	8858
SRR27421013.3716	NC_012152.1	6900
SRR27421013.269791	NC_012152.1	7135
SRR27421013.235065	NC_012152.1	8135
SRR27421013.237274	NC_012152.1	6591
SRR27421013.47739	NC_012152.1	6875
SRR27421013.262963	NC_012152.1	6715
SRR27421013.190144	NC_012152.1	9518
SRR27421013.192365	NC_012152.1	9612
SRR27421013.218248	NC_012152.1	6912
SRR27421013.79489	NC_012152.1	6083
SRR27421013.210255	NC_012152.1	9341
SRR27421013.82800	NC_012152.1	32732
SRR27421013.98075	NC_012152.1	8052
SRR27421013.39797	NC_012152.1	8036
SRR27421013.133535	NC_012152.1	6962
SRR27421013.233772	NC_012152.1	6977
SRR27421013.272525	NC_012152.1	6478
SRR27421013.34580	NC_012152.1	6987
SRR27421013.144892	NC_012152.1	9796
SRR27421013.108800	NC_012152.1	6914
SRR27421013.35858	NC_012152.1	9193
SRR27421013.102678	NC_012152.1	5724
SRR27421013.236250	NC_012152.1	6605
SRR27421013.24697	NC_012152.1	7281
SRR27421013.166678	NC_012152.1	8391
SRR27421013.80014	NC_012152.1	6652
SRR27421013.136720	NC_012152.1	7099
SRR27421013.259051	NC_012152.1	6988
SRR27421013.73985	NC_012152.1	5869
SRR27421013.171162	NC_012152.1	6448
SRR27421013.252908	NC_012152.1	7444
SRR27421013.158490	NC_012152.1	12335
SRR27421013.221275	NC_012152.1	16957
SRR27421013.88815	NC_012152.1	9900
SRR27421013.1626	NC_012152.1	6388
SRR27421013.256743	NC_012152.1	9471
SRR27421013.267650	NC_012152.1	6579
SRR27421013.216202	NC_012152.1	6451
SRR27421013.122531	NC_012152.1	7240
SRR27421013.81066	NC_012152.1	7620
SRR27421013.80716	NC_012152.1	7638
SRR27421013.124501	NC_012152.1	7216
SRR27421013.243058	NC_012152.1	6672
SRR27421013.139684	NC_012152.1	6322
SRR27421013.216531	NC_012152.1	6372
SRR27421013.259103	NC_012152.1	8139
SRR27421013.233388	NC_012152.1	6610
SRR27421013.269841	NC_012152.1	7199
SRR27421013.155644	NC_012152.1	9493
SRR27421013.234564	NC_012152.1	6848
SRR27421013.221548	NC_012152.1	9182
SRR27421013.227110	NC_012152.1	8914
SRR27421013.263864	NC_012152.1	7065
SRR27421013.27458	NC_012152.1	6329
SRR27421013.288239	NC_012152.1	6060
SRR27421013.144705	NC_012152.1	6806
SRR27421013.280829	NC_012152.1	6901
SRR27421013.236163	NC_012152.1	5145
SRR27421013.185068	NC_012152.1	6575
SRR27421013.122438	NC_012152.1	5934
SRR27421013.139888	NC_012152.1	7012
SRR27421013.41367	NC_012152.1	9316
SRR27421013.161534	NC_012152.1	6753
SRR27421013.68472	NC_012152.1	8790
SRR27421013.113192	NC_012152.1	6302
SRR27421013.133383	NC_012152.1	6857
SRR27421013.276831	NC_012152.1	11241
SRR27421013.96763	NC_012152.1	7072
SRR27421013.24567	NC_012152.1	6776
SRR27421013.144377	NC_012152.1	9370
SRR27421013.96839	NC_012152.1	7043
SRR27421013.106022	NC_012152.1	9866
SRR27421013.195570	NC_012152.1	5801
SRR27421013.106067	NC_012152.1	6089
SRR27421013.42944	NC_012152.1	7481
SRR27421013.107953	NC_012152.1	6119
SRR27421013.181329	NC_012152.1	6758
SRR27421013.64622	NC_012152.1	5758
SRR27421013.216512	NC_012152.1	8435
SRR27421013.287161	NC_012152.1	7632
SRR27421013.4556	NC_012152.1	8448
SRR27421013.183630	NC_012152.1	7871
SRR27421013.13366	NC_012152.1	5848
SRR27421013.150234	NC_012152.1	6757
SRR27421013.156839	NC_012152.1	7111
SRR27421013.155944	NC_012152.1	7120
SRR27421013.231014	NC_012152.1	6620
SRR27421013.83431	NC_012152.1	6800
SRR27421013.262925	NC_012152.1	6675
SRR27421013.41204	NC_012152.1	6728
SRR27421013.204894	NC_012152.1	6992
SRR27421013.121202	NC_012152.1	6777
SRR27421013.221788	NC_012152.1	6476
SRR27421013.122796	NC_012152.1	6932
SRR27421013.194625	NC_012152.1	6650
SRR27421013.265278	NC_012152.1	6399
SRR27421013.53632	NC_012152.1	6811
SRR27421013.223376	NC_012152.1	6740
SRR27421013.59716	NC_012152.1	8708
SRR27421013.265455	NC_012152.1	6395
SRR27421013.205365	NC_012152.1	6998
SRR27421013.76038	NC_012152.1	9315
SRR27421013.235719	NC_012152.1	6129
SRR27421013.77418	NC_012152.1	6563
SRR27421013.134240	NC_012152.1	9412
SRR27421013.13888	NC_012152.1	6892
SRR27421013.29693	NC_012152.1	6013
SRR27421013.72074	NC_012152.1	6542
SRR27421013.2190	NC_012152.1	9224
SRR27421013.285194	NC_012152.1	6439
SRR27421013.167553	NC_012152.1	6868
SRR27421013.269452	NC_012152.1	6468
SRR27421013.263610	NC_012152.1	17810
SRR27421013.206733	NC_012152.1	6402
SRR27421013.199921	NC_012152.1	6468
SRR27421013.264633	NC_012152.1	17685
SRR27421013.205635	NC_012152.1	9409
SRR27421013.86564	NC_012152.1	7602
SRR27421013.17301	NC_012152.1	7074
SRR27421013.77195	NC_012152.1	6182
SRR27421013.145287	NC_012152.1	6601
SRR27421013.873	NC_012152.1	7241
SRR27421013.5846	NC_012152.1	6898
SRR27421013.19510	NC_012152.1	6366
SRR27421013.271085	NC_012152.1	6957
SRR27421013.261152	NC_012152.1	5735
SRR27421013.277764	NC_012152.1	6545
SRR27421013.276019	NC_012152.1	6539
SRR27421013.247924	NC_012152.1	6741
SRR27421013.202635	NC_012152.1	5746
SRR27421013.8848	NC_012152.1	7769
SRR27421013.8847	NC_012152.1	7771
SRR27421013.192655	NC_012152.1	9876
SRR27421013.207903	NC_012152.1	6598
SRR27421013.101638	NC_012152.1	5747
SRR27421013.103220	NC_012152.1	6299
SRR27421013.29692	NC_012152.1	5943
SRR27421013.240063	NC_012152.1	9282
SRR27421013.20563	NC_012152.1	9631
SRR27421013.126419	NC_012152.1	9988
SRR27421013.102778	NC_012152.1	7124
SRR27421013.24291	NC_012152.1	6593
SRR27421013.5047	NC_012152.1	9685
SRR27421013.220466	NC_012152.1	8461
SRR27421013.116399	NC_012152.1	6910
SRR27421013.167773	NC_012152.1	6738
SRR27421013.163026	NC_012152.1	9650
SRR27421013.197023	NC_012152.1	6953
SRR27421013.169225	NC_012152.1	7089
SRR27421013.3813	NC_012152.1	9305
SRR27421013.122331	NC_012152.1	9178
SRR27421013.131015	NC_012152.1	6253
SRR27421013.180096	NC_012152.1	6720
SRR27421013.146506	NC_012152.1	7911
SRR27421013.35938	NC_012152.1	6394
SRR27421013.122975	NC_012152.1	6603
SRR27421013.221487	NC_012152.1	6579
SRR27421013.35937	NC_012152.1	6403
SRR27421013.181172	NC_012152.1	13352
SRR27421013.138145	NC_012152.1	7955
SRR27421013.21533	NC_012152.1	7080
SRR27421013.66263	NC_012152.1	5211
SRR27421013.79798	NC_012152.1	6818
SRR27421013.32931	NC_012152.1	5448
SRR27421013.182949	NC_012152.1	6514
SRR27421013.99977	NC_012152.1	6737
SRR27421013.272683	NC_012152.1	6816
SRR27421013.154539	NC_012152.1	5818
SRR27421013.277919	NC_012152.1	7430
SRR27421013.255526	NC_012152.1	6510
SRR27421013.197616	NC_012152.1	9817
SRR27421013.168505	NC_012152.1	6736
SRR27421013.296	NC_012152.1	7521
SRR27421013.257075	NC_012152.1	6858
SRR27421013.266801	NC_012152.1	6559
SRR27421013.967	NC_012152.1	6710
SRR27421013.987	NC_012152.1	6678
SRR27421013.168151	NC_012152.1	6776
SRR27421013.80837	NC_012152.1	6898
SRR27421013.48075	NC_012152.1	6972
SRR27421013.97233	NC_012152.1	6643
SRR27421013.139003	NC_012152.1	7394
SRR27421013.235744	NC_012152.1	6959
SRR27421013.49682	NC_012152.1	6851
SRR27421013.261621	NC_012152.1	5966
SRR27421013.115272	NC_012152.1	5240
SRR27421013.118659	NC_012152.1	5980
SRR27421013.171489	NC_012152.1	6460
SRR27421013.185439	NC_012152.1	6808
SRR27421013.181652	NC_012152.1	6931
SRR27421013.126080	NC_012152.1	6148
SRR27421013.255942	NC_012152.1	9714
SRR27421013.251593	NC_012152.1	6576
SRR27421013.49738	NC_012152.1	9677
SRR27421013.37455	NC_012152.1	5444
SRR27421013.234931	NC_012152.1	6824
SRR27421013.172014	NC_012152.1	6430
SRR27421013.37392	NC_012152.1	5440
SRR27421013.121895	NC_012152.1	6792
SRR27421013.30053	NC_012152.1	8261
SRR27421013.42527	NC_012152.1	6855
SRR27421013.236794	NC_012152.1	7966
SRR27421013.213509	NC_012152.1	6604
SRR27421013.116354	NC_012152.1	8595
SRR27421013.236223	NC_012152.1	7740
SRR27421013.252895	NC_012152.1	6798
SRR27421013.224277	NC_012152.1	6652
SRR27421013.16056	NC_012152.1	6669
SRR27421013.2993	NC_012152.1	8660
SRR27421013.125153	NC_012152.1	5463
SRR27421013.24846	NC_012152.1	6798
SRR27421013.239923	NC_012152.1	6540
SRR27421013.72711	NC_012152.1	6404
SRR27421013.156217	NC_012152.1	9420
SRR27421013.149453	NC_012152.1	6736
SRR27421013.119852	NC_012152.1	6806
SRR27421013.55497	NC_012152.1	6775
SRR27421013.43761	NC_012152.1	6710
SRR27421013.251592	NC_012152.1	6505
SRR27421013.170191	NC_012152.1	6857
SRR27421013.23692	NC_012152.1	6878
SRR27421013.42949	NC_012152.1	6758
SRR27421013.286480	NC_012152.1	7172
SRR27421013.195419	NC_012152.1	6879
SRR27421013.151533	NC_012152.1	6958
SRR27421013.91133	NC_012152.1	9202
SRR27421013.170963	NC_012152.1	8806
SRR27421013.143433	NC_012152.1	6263
SRR27421013.182423	NC_012152.1	6402
SRR27421013.96651	NC_012152.1	7956
SRR27421013.220318	NC_012152.1	6652
SRR27421013.218353	NC_012152.1	6652
SRR27421013.214560	NC_012152.1	8206
SRR27421013.157116	NC_012152.1	6755
SRR27421013.171986	NC_012152.1	6547
SRR27421013.258940	NC_012152.1	6733
SRR27421013.253526	NC_012152.1	5866
SRR27421013.111260	NC_012152.1	6419
SRR27421013.136293	NC_012152.1	6659
SRR27421013.250239	NC_012152.1	5967
SRR27421013.13963	NC_012152.1	6391
SRR27421013.201027	NC_012152.1	6493
SRR27421013.191584	NC_012152.1	6522
SRR27421013.32809	NC_012152.1	5863
SRR27421013.63005	NC_012152.1	6013
SRR27421013.21580	NC_012152.1	5907
SRR27421013.182973	NC_012152.1	9289
SRR27421013.205011	NC_012152.1	9677
SRR27421013.30846	NC_012152.1	5067
SRR27421013.207029	NC_012152.1	6634
SRR27421013.274528	NC_012152.1	6763
SRR27421013.164184	NC_012152.1	6837
SRR27421013.172366	NC_012152.1	6783
SRR27421013.243245	NC_012152.1	6919
SRR27421013.217345	NC_012152.1	6560
SRR27421013.277661	NC_012152.1	6130
SRR27421013.274815	NC_012152.1	6416
SRR27421013.131202	NC_012152.1	8202
SRR27421013.276624	NC_012152.1	6272
SRR27421013.18667	NC_012152.1	6768
SRR27421013.288090	NC_012152.1	6913
SRR27421013.133691	NC_012152.1	6420
SRR27421013.70781	NC_012152.1	5665
SRR27421013.258623	NC_012152.1	6593
SRR27421013.54979	NC_012152.1	6744
SRR27421013.192478	NC_012152.1	6102
SRR27421013.28516	NC_012152.1	6679
SRR27421013.232508	NC_012152.1	14796
SRR27421013.238318	NC_012152.1	9404
SRR27421013.210113	NC_012152.1	7270
SRR27421013.77627	NC_012152.1	6477
SRR27421013.76043	NC_012152.1	6485
SRR27421013.169335	NC_012152.1	6582
SRR27421013.153901	NC_012152.1	6123
SRR27421013.223721	NC_012152.1	6367
SRR27421013.79586	NC_012152.1	8318
SRR27421013.189185	NC_012152.1	6213
SRR27421013.151735	NC_012152.1	7273
SRR27421013.150193	NC_012152.1	7220
SRR27421013.208004	NC_012152.1	5835
SRR27421013.234106	NC_012152.1	5964
SRR27421013.51506	NC_012152.1	5991
SRR27421013.235272	NC_012152.1	6676
SRR27421013.72165	NC_012152.1	6496
SRR27421013.256778	NC_012152.1	9818
SRR27421013.121269	NC_012152.1	5567
SRR27421013.130525	NC_012152.1	8448
SRR27421013.283428	NC_012152.1	5607
SRR27421013.260355	NC_012152.1	5555
SRR27421013.277832	NC_012152.1	6748
SRR27421013.62267	NC_012152.1	6787
SRR27421013.278433	NC_012152.1	7015
SRR27421013.1523	NC_012152.1	9333
SRR27421013.93254	NC_012152.1	6349
SRR27421013.215464	NC_012152.1	8398
SRR27421013.146948	NC_012152.1	10050
SRR27421013.61173	NC_012152.1	9554
SRR27421013.220096	NC_012152.1	7159
SRR27421013.90786	NC_012152.1	8859
SRR27421013.255052	NC_012152.1	7393
SRR27421013.120020	NC_012152.1	6101
SRR27421013.58264	NC_012152.1	6829
SRR27421013.30407	NC_012152.1	5256
SRR27421013.264925	NC_012152.1	8061
SRR27421013.128143	NC_012152.1	6601
SRR27421013.3160	NC_012152.1	6507
SRR27421013.1283	NC_012152.1	12330
SRR27421013.149950	NC_012152.1	6851
SRR27421013.178980	NC_012152.1	8828
SRR27421013.167203	NC_012152.1	6599
SRR27421013.273087	NC_012152.1	6307
SRR27421013.40522	NC_012152.1	8965
SRR27421013.44062	NC_012152.1	6697
SRR27421013.41168	NC_012152.1	6012
SRR27421013.188292	NC_012152.1	9444
SRR27421013.150235	NC_012152.1	7020
SRR27421013.149444	NC_012152.1	7047
SRR27421013.74885	NC_012152.1	6456
SRR27421013.97193	NC_012152.1	7744
SRR27421013.156870	NC_012152.1	7870
SRR27421013.266735	NC_012152.1	6804
SRR27421013.265667	NC_012152.1	6831
SRR27421013.63432	NC_012152.1	6293
SRR27421013.163797	NC_012152.1	9616
SRR27421013.202301	NC_012152.1	6726
SRR27421013.63500	NC_012152.1	6265
SRR27421013.283080	NC_012152.1	7101
SRR27421013.136747	NC_012152.1	6675
SRR27421013.183095	NC_012152.1	7859
SRR27421013.61171	NC_012152.1	6711
SRR27421013.234359	NC_012152.1	6845
SRR27421013.214802	NC_012152.1	5775
SRR27421013.119641	NC_012152.1	7057
SRR27421013.143140	NC_012152.1	12965
SRR27421013.265506	NC_012152.1	9067
SRR27421013.267714	NC_012152.1	9008
SRR27421013.159131	NC_012152.1	6820
SRR27421013.172282	NC_012152.1	6539
SRR27421013.216922	NC_012152.1	6961
SRR27421013.53454	NC_012152.1	6490
SRR27421013.102097	NC_012152.1	6924
SRR27421013.221859	NC_012152.1	7925
SRR27421013.34230	NC_012152.1	9114
SRR27421013.19754	NC_012152.1	6420
SRR27421013.35644	NC_012152.1	9109
SRR27421013.266754	NC_012152.1	6084
SRR27421013.24061	NC_012152.1	6701
SRR27421013.67258	NC_012152.1	8450
SRR27421013.58421	NC_012152.1	9190
SRR27421013.39846	NC_012152.1	7014
SRR27421013.35657	NC_012152.1	9272
SRR27421013.121067	NC_012152.1	5598
SRR27421013.28620	NC_012152.1	5840
SRR27421013.101650	NC_012152.1	6324
SRR27421013.50380	NC_012152.1	6591
SRR27421013.161989	NC_012152.1	6390
SRR27421013.156859	NC_012152.1	7401
SRR27421013.226139	NC_012152.1	6440
SRR27421013.149877	NC_012152.1	6903
SRR27421013.272355	NC_012152.1	5503
SRR27421013.276097	NC_012152.1	5856
SRR27421013.97780	NC_012152.1	9400
SRR27421013.111610	NC_012152.1	6786
SRR27421013.230162	NC_012152.1	6893
SRR27421013.158697	NC_012152.1	7367
SRR27421013.113654	NC_012152.1	6318
SRR27421013.170808	NC_012152.1	6831
SRR27421013.274791	NC_012152.1	6533
SRR27421013.149051	NC_012152.1	9581
SRR27421013.237769	NC_012152.1	5947
SRR27421013.60274	NC_012152.1	9581
SRR27421013.57598	NC_012152.1	9560
SRR27421013.16030	NC_012152.1	6874
SRR27421013.160206	NC_012152.1	6331
SRR27421013.251052	NC_012152.1	7031
SRR27421013.199281	NC_012152.1	6644
SRR27421013.178582	NC_012152.1	7935
SRR27421013.198085	NC_012152.1	7313
SRR27421013.9770	NC_012152.1	9825
SRR27421013.71335	NC_012152.1	13009
SRR27421013.210975	NC_012152.1	9642
SRR27421013.2241	NC_012152.1	6699
SRR27421013.250647	NC_012152.1	6705
SRR27421013.87485	NC_012152.1	6850
SRR27421013.133759	NC_012152.1	6681
SRR27421013.197042	NC_012152.1	6649
SRR27421013.236752	NC_012152.1	11425
SRR27421013.236884	NC_012152.1	5892
SRR27421013.190407	NC_012152.1	6490
SRR27421013.212505	NC_012152.1	6664
SRR27421013.122158	NC_012152.1	9560
SRR27421013.238556	NC_012152.1	8491
SRR27421013.129975	NC_012152.1	6657
SRR27421013.203906	NC_012152.1	6446
SRR27421013.173759	NC_012152.1	6840
SRR27421013.218523	NC_012152.1	9004
SRR27421013.111061	NC_012152.1	6813
SRR27421013.110234	NC_012152.1	6416
SRR27421013.114172	NC_012152.1	6677
SRR27421013.75231	NC_012152.1	5773
SRR27421013.283681	NC_012152.1	5142
SRR27421013.282952	NC_012152.1	6822
SRR27421013.163313	NC_012152.1	7144
SRR27421013.193396	NC_012152.1	9644
SRR27421013.260763	NC_012152.1	7508
SRR27421013.23384	NC_012152.1	6361
SRR27421013.60185	NC_012152.1	6730
SRR27421013.123405	NC_012152.1	8521
SRR27421013.30994	NC_012152.1	9234
SRR27421013.178385	NC_012152.1	7083
SRR27421013.158745	NC_012152.1	6754
SRR27421013.200016	NC_012152.1	9559
SRR27421013.219823	NC_012152.1	6796
SRR27421013.1245	NC_012152.1	6588
SRR27421013.258215	NC_012152.1	6687
SRR27421013.260904	NC_012152.1	6760
SRR27421013.129246	NC_012152.1	7727
SRR27421013.47959	NC_012152.1	6767
SRR27421013.72330	NC_012152.1	6577
SRR27421013.71957	NC_012152.1	6587
SRR27421013.287113	NC_012152.1	8881
SRR27421013.242653	NC_012152.1	6737
SRR27421013.245913	NC_012152.1	5393
SRR27421013.85650	NC_012152.1	9408
SRR27421013.256163	NC_012152.1	6714
SRR27421013.189038	NC_012152.1	6690
SRR27421013.109979	NC_012152.1	6762
SRR27421013.256679	NC_012152.1	6840
SRR27421013.98308	NC_012152.1	5071
SRR27421013.160141	NC_012152.1	6956
SRR27421013.283584	NC_012152.1	8204
SRR27421013.211117	NC_012152.1	5986
SRR27421013.206566	NC_012152.1	6735
SRR27421013.27891	NC_012152.1	6928
SRR27421013.218608	NC_012152.1	6581
SRR27421013.8736	NC_012152.1	9433
SRR27421013.79722	NC_012152.1	7682
SRR27421013.47386	NC_012152.1	8141
SRR27421013.158095	NC_012152.1	9254
SRR27421013.148165	NC_012152.1	5932
SRR27421013.155978	NC_012152.1	7217
SRR27421013.256969	NC_012152.1	6526
SRR27421013.199366	NC_012152.1	9558
SRR27421013.235317	NC_012152.1	5310
SRR27421013.149034	NC_012152.1	5210
SRR27421013.244967	NC_012152.1	5830
SRR27421013.24186	NC_012152.1	6636
SRR27421013.245755	NC_012152.1	5807
SRR27421013.20347	NC_012152.1	6861
SRR27421013.226368	NC_012152.1	6759
SRR27421013.144487	NC_012152.1	6699
SRR27421013.221419	NC_012152.1	6927
SRR27421013.159002	NC_012152.1	6890
SRR27421013.173677	NC_012152.1	9722
SRR27421013.178534	NC_012152.1	6435
SRR27421013.210942	NC_012152.1	7652
SRR27421013.288036	NC_012152.1	8977
SRR27421013.125018	NC_012152.1	6904
SRR27421013.254221	NC_012152.1	6735
SRR27421013.80986	NC_012152.1	6557
SRR27421013.172314	NC_012152.1	6608
SRR27421013.32153	NC_012152.1	22077
SRR27421013.133038	NC_012152.1	6870
SRR27421013.225074	NC_012152.1	6400
SRR27421013.32589	NC_012152.1	7067
SRR27421013.251876	NC_012152.1	5540
SRR27421013.196156	NC_012152.1	6843
SRR27421013.35567	NC_012152.1	6622
SRR27421013.91188	NC_012152.1	6765
SRR27421013.264364	NC_012152.1	6025
SRR27421013.187698	NC_012152.1	6089
SRR27421013.236887	NC_012152.1	6758
SRR27421013.287017	NC_012152.1	6851
SRR27421013.3005	NC_012152.1	9517
SRR27421013.121177	NC_012152.1	6750
SRR27421013.247185	NC_012152.1	13883
SRR27421013.125763	NC_012152.1	6677
SRR27421013.205491	NC_012152.1	6631
SRR27421013.13678	NC_012152.1	6772
SRR27421013.28981	NC_012152.1	14099
SRR27421013.68535	NC_012152.1	6845
SRR27421013.250318	NC_012152.1	7454
SRR27421013.204267	NC_012152.1	6614
SRR27421013.202221	NC_012152.1	7134
SRR27421013.218727	NC_012152.1	6173
SRR27421013.218489	NC_012152.1	6165
SRR27421013.71977	NC_012152.1	9697
SRR27421013.26260	NC_012152.1	8241
SRR27421013.217824	NC_012152.1	10352
SRR27421013.181472	NC_012152.1	12607
SRR27421013.262309	NC_012152.1	6654
SRR27421013.160779	NC_012152.1	9043
SRR27421013.69023	NC_012152.1	6845
SRR27421013.38193	NC_012152.1	6998
SRR27421013.247016	NC_012152.1	9019
SRR27421013.128102	NC_012152.1	7223
SRR27421013.137639	NC_012152.1	6671
SRR27421013.157582	NC_012152.1	7190
SRR27421013.179270	NC_012152.1	8193
SRR27421013.191017	NC_012152.1	5847
SRR27421013.210337	NC_012152.1	6336
SRR27421013.21434	NC_012152.1	6578
SRR27421013.48522	NC_012152.1	6803
SRR27421013.70247	NC_012152.1	9890
SRR27421013.224367	NC_012152.1	6725
SRR27421013.110008	NC_012152.1	7205
SRR27421013.131183	NC_012152.1	7820
SRR27421013.25874	NC_012152.1	6707
SRR27421013.233817	NC_012152.1	9116
SRR27421013.284467	NC_012152.1	6922
SRR27421013.143861	NC_012152.1	6779
SRR27421013.135025	NC_012152.1	9751
SRR27421013.82464	NC_012152.1	6475
SRR27421013.27521	NC_012152.1	8964
SRR27421013.104359	NC_012152.1	6642
SRR27421013.74374	NC_012152.1	8815
SRR27421013.38774	NC_012152.1	5630
SRR27421013.270964	NC_012152.1	6845
SRR27421013.48578	NC_012152.1	6662
SRR27421013.159447	NC_012152.1	7661
SRR27421013.190318	NC_012152.1	7535
SRR27421013.75479	NC_012152.1	13104
SRR27421013.33067	NC_012152.1	5424
SRR27421013.145392	NC_012152.1	8864
SRR27421013.171377	NC_012152.1	6593
SRR27421013.184302	NC_012152.1	6848
SRR27421013.244240	NC_012152.1	6725
SRR27421013.284861	NC_012152.1	9445
SRR27421013.76453	NC_012152.1	9785
SRR27421013.239255	NC_012152.1	6794
SRR27421013.26765	NC_012152.1	9770
SRR27421013.77774	NC_012152.1	6789
SRR27421013.47574	NC_012152.1	9081
SRR27421013.206960	NC_012152.1	7927
SRR27421013.174111	NC_012152.1	6147
SRR27421013.105828	NC_012152.1	6882
SRR27421013.172873	NC_012152.1	6726
SRR27421013.69410	NC_012152.1	7532
SRR27421013.153933	NC_012152.1	8185
SRR27421013.118231	NC_012152.1	6688
SRR27421013.219961	NC_012152.1	7209
SRR27421013.241948	NC_012152.1	7405
SRR27421013.220993	NC_012152.1	7991
SRR27421013.87580	NC_012152.1	6765
SRR27421013.42047	NC_012152.1	7135
SRR27421013.208086	NC_012152.1	7058
SRR27421013.276213	NC_012152.1	6877
SRR27421013.22396	NC_012152.1	6442
SRR27421013.267907	NC_012152.1	6711
SRR27421013.48732	NC_012152.1	6879
SRR27421013.160400	NC_012152.1	7682
SRR27421013.140494	NC_012152.1	6960
SRR27421013.9745	NC_012152.1	7185
SRR27421013.54273	NC_012152.1	5032
SRR27421013.158895	NC_012152.1	6861
SRR27421013.153508	NC_012152.1	6181
SRR27421013.268618	NC_012152.1	5294
SRR27421013.6883	NC_012152.1	6990
SRR27421013.235150	NC_012152.1	5296
SRR27421013.240072	NC_012152.1	6040
SRR27421013.167511	NC_012152.1	6776
SRR27421013.270436	NC_012152.1	9243
SRR27421013.107843	NC_012152.1	6694
SRR27421013.42763	NC_012152.1	5376
SRR27421013.60463	NC_012152.1	6994
SRR27421013.201532	NC_012152.1	6703
SRR27421013.11498	NC_012152.1	8235
SRR27421013.182567	NC_012152.1	8095
SRR27421013.17944	NC_012152.1	6368
SRR27421013.54886	NC_012152.1	7277
SRR27421013.114456	NC_012152.1	7004
SRR27421013.153246	NC_012152.1	5806
SRR27421013.19716	NC_012152.1	6707
SRR27421013.185197	NC_012152.1	6830
SRR27421013.182641	NC_012152.1	6810
SRR27421013.27533	NC_012152.1	6682
SRR27421013.56741	NC_012152.1	7291
SRR27421013.148757	NC_012152.1	6783
SRR27421013.47480	NC_012152.1	9899
SRR27421013.121529	NC_012152.1	9194
SRR27421013.124462	NC_012152.1	12814
SRR27421013.50670	NC_012152.1	6536
SRR27421013.245265	NC_012152.1	6167
SRR27421013.238193	NC_012152.1	6115
SRR27421013.154801	NC_012152.1	6454
SRR27421013.143708	NC_012152.1	6693
SRR27421013.142201	NC_012152.1	6687
SRR27421013.69836	NC_012152.1	6256
SRR27421013.63014	NC_012152.1	20552
SRR27421013.132290	NC_012152.1	7341
SRR27421013.194968	NC_012152.1	28807
SRR27421013.29383	NC_012152.1	6669
SRR27421013.267681	NC_012152.1	6686
SRR27421013.30754	NC_012152.1	8426
SRR27421013.104904	NC_012152.1	6378
SRR27421013.172773	NC_012152.1	7020
SRR27421013.248747	NC_012152.1	6271
SRR27421013.110900	NC_012152.1	9436
SRR27421013.199254	NC_012152.1	6875
SRR27421013.13301	NC_012152.1	6815
SRR27421013.58471	NC_012152.1	6329
SRR27421013.106710	NC_012152.1	9744
SRR27421013.82001	NC_012152.1	9307
SRR27421013.15789	NC_012152.1	6825
SRR27421013.277906	NC_012152.1	9876
SRR27421013.288171	NC_012152.1	8283
SRR27421013.39762	NC_012152.1	6771
SRR27421013.265511	NC_012152.1	6644
SRR27421013.27157	NC_012152.1	8533
SRR27421013.80564	NC_012152.1	9948
SRR27421013.84513	NC_012152.1	5580
SRR27421013.252432	NC_012152.1	6817
SRR27421013.257238	NC_012152.1	7020
SRR27421013.254291	NC_012152.1	6097
SRR27421013.17339	NC_012152.1	6771
SRR27421013.18321	NC_012152.1	7952
SRR27421013.17942	NC_012152.1	6723
SRR27421013.71738	NC_012152.1	5074
SRR27421013.229294	NC_012152.1	8641
SRR27421013.66221	NC_012152.1	6608
SRR27421013.130154	NC_012152.1	6502
SRR27421013.69479	NC_012152.1	5005
SRR27421013.49152	NC_012152.1	6585
SRR27421013.231041	NC_012152.1	5376
SRR27421013.57666	NC_012152.1	6791
SRR27421013.227131	NC_012152.1	6707
SRR27421013.8919	NC_012152.1	9621
SRR27421013.26422	NC_012152.1	6763
SRR27421013.150245	NC_012152.1	9108
SRR27421013.17167	NC_012152.1	6684
SRR27421013.53564	NC_012152.1	9986
SRR27421013.115160	NC_012152.1	6424
SRR27421013.115385	NC_012152.1	6472
SRR27421013.151912	NC_012152.1	9001
SRR27421013.224017	NC_012152.1	6529
SRR27421013.244965	NC_012152.1	6515
SRR27421013.69684	NC_012152.1	6516
SRR27421013.152317	NC_012152.1	5184
SRR27421013.270712	NC_012152.1	6634
SRR27421013.39571	NC_012152.1	6059
SRR27421013.215160	NC_012152.1	6067
SRR27421013.250345	NC_012152.1	6736
SRR27421013.61195	NC_012152.1	6566
SRR27421013.74221	NC_012152.1	5507
SRR27421013.107085	NC_012152.1	9611
SRR27421013.277334	NC_012152.1	6632
SRR27421013.108059	NC_012152.1	9584
SRR27421013.211025	NC_012152.1	6696
SRR27421013.210944	NC_012152.1	5099
SRR27421013.144423	NC_012152.1	6496
SRR27421013.39045	NC_012152.1	6644
SRR27421013.72122	NC_012152.1	5050
SRR27421013.154000	NC_012152.1	6872
SRR27421013.191142	NC_012152.1	5383
SRR27421013.245581	NC_012152.1	6513
SRR27421013.59017	NC_012152.1	15634
SRR27421013.180026	NC_012152.1	6760
SRR27421013.96270	NC_012152.1	9871
SRR27421013.156024	NC_012152.1	6926
SRR27421013.5439	NC_012152.1	9484
SRR27421013.236861	NC_012152.1	9138
SRR27421013.238625	NC_012152.1	6837
SRR27421013.129651	NC_012152.1	6723
SRR27421013.239219	NC_012152.1	8140
SRR27421013.128705	NC_012152.1	6852
SRR27421013.238347	NC_012152.1	6737
SRR27421013.266641	NC_012152.1	6962
SRR27421013.237458	NC_012152.1	6624
SRR27421013.159784	NC_012152.1	6864
SRR27421013.265813	NC_012152.1	6944
SRR27421013.148961	NC_012152.1	7144
SRR27421013.254727	NC_012152.1	6228
SRR27421013.97834	NC_012152.1	7624
SRR27421013.65486	NC_012152.1	6002
SRR27421013.237134	NC_012152.1	6803
SRR27421013.161931	NC_012152.1	9355
SRR27421013.50574	NC_012152.1	7147
SRR27421013.206712	NC_012152.1	6682
SRR27421013.283706	NC_012152.1	9475
SRR27421013.272765	NC_012152.1	6330
SRR27421013.233444	NC_012152.1	8996
SRR27421013.89727	NC_012152.1	7054
SRR27421013.4727	NC_012152.1	6497
SRR27421013.69800	NC_012152.1	7011
SRR27421013.209815	NC_012152.1	6722
SRR27421013.173953	NC_012152.1	7721
SRR27421013.130489	NC_012152.1	6972
SRR27421013.322	NC_012152.1	13263
SRR27421013.68858	NC_012152.1	7021
SRR27421013.17199	NC_012152.1	6911
SRR27421013.18643	NC_012152.1	6932
SRR27421013.151093	NC_012152.1	6181
SRR27421013.18892	NC_012152.1	9098
SRR27421013.282467	NC_012152.1	13126
SRR27421013.156750	NC_012152.1	7012
SRR27421013.255350	NC_012152.1	6649
SRR27421013.149959	NC_012152.1	6589
SRR27421013.89404	NC_012152.1	8084
SRR27421013.73331	NC_012152.1	9454
SRR27421013.71481	NC_012152.1	9500
SRR27421013.161136	NC_012152.1	6783
SRR27421013.181651	NC_012152.1	6756
SRR27421013.237570	NC_012152.1	9293
SRR27421013.21132	NC_012152.1	17441
SRR27421013.2171	NC_012152.1	6663
SRR27421013.73367	NC_012152.1	7242
SRR27421013.187588	NC_012152.1	6565
SRR27421013.210316	NC_012152.1	9170
SRR27421013.217458	NC_012152.1	5195
SRR27421013.187587	NC_012152.1	6494
SRR27421013.115204	NC_012152.1	7088
SRR27421013.192372	NC_012152.1	7131
SRR27421013.189437	NC_012152.1	7049
SRR27421013.240528	NC_012152.1	6334
SRR27421013.173849	NC_012152.1	6519
SRR27421013.132420	NC_012152.1	5962
SRR27421013.28057	NC_012152.1	6313
SRR27421013.172657	NC_012152.1	9760
SRR27421013.170152	NC_012152.1	6783
SRR27421013.201690	NC_012152.1	6676
SRR27421013.145023	NC_012152.1	6898
SRR27421013.226432	NC_012152.1	7156
SRR27421013.241385	NC_012152.1	6877
SRR27421013.128749	NC_012152.1	6548
SRR27421013.265128	NC_012152.1	9021
SRR27421013.35222	NC_012152.1	6959
SRR27421013.27290	NC_012152.1	6249
SRR27421013.3181	NC_012152.1	6220
SRR27421013.33722	NC_012152.1	6896
SRR27421013.32749	NC_012152.1	6429
SRR27421013.266219	NC_012152.1	8997
SRR27421013.17829	NC_012152.1	8059
SRR27421013.236689	NC_012152.1	31816
SRR27421013.42846	NC_012152.1	7101
SRR27421013.19526	NC_012152.1	8035
SRR27421013.63843	NC_012152.1	6788
SRR27421013.248276	NC_012152.1	7232
SRR27421013.2942	NC_012152.1	6747
SRR27421013.124712	NC_012152.1	6965
SRR27421013.212481	NC_012152.1	7076
SRR27421013.222944	NC_012152.1	6829
SRR27421013.69589	NC_012152.1	6875
SRR27421013.162827	NC_012152.1	9366
SRR27421013.91817	NC_012152.1	6271
SRR27421013.247675	NC_012152.1	6999
SRR27421013.95137	NC_012152.1	9214
SRR27421013.199625	NC_012152.1	6805
SRR27421013.117195	NC_012152.1	5877
SRR27421013.115895	NC_012152.1	5743
SRR27421013.30220	NC_012152.1	6749
SRR27421013.173984	NC_012152.1	6925
SRR27421013.33432	NC_012152.1	9064
SRR27421013.148869	NC_012152.1	6651
SRR27421013.245529	NC_012152.1	7138
SRR27421013.91150	NC_012152.1	8271
SRR27421013.253093	NC_012152.1	6699
SRR27421013.133498	NC_012152.1	7058
SRR27421013.30434	NC_012152.1	6800
SRR27421013.68691	NC_012152.1	6234
SRR27421013.77253	NC_012152.1	6626
SRR27421013.77273	NC_012152.1	6631
SRR27421013.210718	NC_012152.1	5289
SRR27421013.32748	NC_012152.1	6380
SRR27421013.89802	NC_012152.1	9687
SRR27421013.260435	NC_012152.1	6779
SRR27421013.189894	NC_012152.1	6715
SRR27421013.61942	NC_012152.1	13578
SRR27421013.99466	NC_012152.1	6188
SRR27421013.72233	NC_012152.1	6948
SRR27421013.209024	NC_012152.1	13788
SRR27421013.31584	NC_012152.1	6759
SRR27421013.6754	NC_012152.1	7932
SRR27421013.73893	NC_012152.1	9576
SRR27421013.184515	NC_012152.1	9930
SRR27421013.25632	NC_012152.1	7522
SRR27421013.64947	NC_012152.1	7022
SRR27421013.12212	NC_012152.1	6550
SRR27421013.120090	NC_012152.1	8443
SRR27421013.226625	NC_012152.1	11186
SRR27421013.147565	NC_012152.1	9551
SRR27421013.60523	NC_012152.1	13582
SRR27421013.12966	NC_012152.1	6714
SRR27421013.240298	NC_012152.1	9444
SRR27421013.13982	NC_012152.1	7968
SRR27421013.54119	NC_012152.1	7089
SRR27421013.159726	NC_012152.1	6838
SRR27421013.61524	NC_012152.1	6667
SRR27421013.123512	NC_012152.1	6802
SRR27421013.6304	NC_012152.1	8144
SRR27421013.26116	NC_012152.1	7021
SRR27421013.249405	NC_012152.1	6406
SRR27421013.24117	NC_012152.1	6792
SRR27421013.245052	NC_012152.1	6263
SRR27421013.155880	NC_012152.1	6597
SRR27421013.28723	NC_012152.1	7016
SRR27421013.205964	NC_012152.1	6905
SRR27421013.278468	NC_012152.1	7103
SRR27421013.254593	NC_012152.1	9711
SRR27421013.71065	NC_012152.1	6813
SRR27421013.206875	NC_012152.1	8515
SRR27421013.101561	NC_012152.1	6373
SRR27421013.69908	NC_012152.1	6911
SRR27421013.140736	NC_012152.1	6651
SRR27421013.177408	NC_012152.1	7062
SRR27421013.166821	NC_012152.1	6573
SRR27421013.101512	NC_012152.1	6659
SRR27421013.122784	NC_012152.1	17797
SRR27421013.169141	NC_012152.1	6480
SRR27421013.203880	NC_012152.1	6662
SRR27421013.58978	NC_012152.1	6461
SRR27421013.190399	NC_012152.1	7009
SRR27421013.257567	NC_012152.1	7091
SRR27421013.219397	NC_012152.1	9634
SRR27421013.207997	NC_012152.1	6943
SRR27421013.97905	NC_012152.1	7285
SRR27421013.222677	NC_012152.1	5937
SRR27421013.174990	NC_012152.1	6704
SRR27421013.139485	NC_012152.1	6724
SRR27421013.144723	NC_012152.1	5319
SRR27421013.51235	NC_012152.1	6033
SRR27421013.206827	NC_012152.1	6725
SRR27421013.99881	NC_012152.1	5893
SRR27421013.204569	NC_012152.1	6686
SRR27421013.260509	NC_012152.1	6769
SRR27421013.135109	NC_012152.1	6077
SRR27421013.5717	NC_012152.1	9734
SRR27421013.22633	NC_012152.1	6943
SRR27421013.189366	NC_012152.1	6813
SRR27421013.114816	NC_012152.1	13995
SRR27421013.208090	NC_012152.1	9092
SRR27421013.134186	NC_012152.1	5839
SRR27421013.195374	NC_012152.1	6296
SRR27421013.122741	NC_012152.1	6925
SRR27421013.123527	NC_012152.1	6089
SRR27421013.142441	NC_012152.1	13878
SRR27421013.96114	NC_012152.1	6237
SRR27421013.231125	NC_012152.1	6637
SRR27421013.126659	NC_012152.1	7775
SRR27421013.280931	NC_012152.1	6951
SRR27421013.142167	NC_012152.1	5480
SRR27421013.278445	NC_012152.1	6827
SRR27421013.168121	NC_012152.1	9514
SRR27421013.58384	NC_012152.1	5485
SRR27421013.279829	NC_012152.1	9628
SRR27421013.41020	NC_012152.1	6264
SRR27421013.108657	NC_012152.1	6839
SRR27421013.171470	NC_012152.1	6050
SRR27421013.182739	NC_012152.1	9381
SRR27421013.168603	NC_012152.1	8112
SRR27421013.237954	NC_012152.1	9698
SRR27421013.171195	NC_012152.1	6365
SRR27421013.163364	NC_012152.1	9520
SRR27421013.170004	NC_012152.1	9295
SRR27421013.92869	NC_012152.1	6875
SRR27421013.126032	NC_012152.1	6629
SRR27421013.19156	NC_012152.1	6198
SRR27421013.95197	NC_012152.1	6449
SRR27421013.119539	NC_012152.1	9241
SRR27421013.75575	NC_012152.1	8531
SRR27421013.11691	NC_012152.1	6748
SRR27421013.198070	NC_012152.1	8544
SRR27421013.50526	NC_012152.1	6136
SRR27421013.147162	NC_012152.1	6598
SRR27421013.35635	NC_012152.1	5896
SRR27421013.1091	NC_012152.1	6931
SRR27421013.184681	NC_012152.1	6704
SRR27421013.184698	NC_012152.1	6681
SRR27421013.163013	NC_012152.1	6587
SRR27421013.86556	NC_012152.1	9840
SRR27421013.198034	NC_012152.1	7118
SRR27421013.259119	NC_012152.1	5664
SRR27421013.8064	NC_012152.1	6022
SRR27421013.36661	NC_012152.1	6538
SRR27421013.256225	NC_012152.1	6217
SRR27421013.172498	NC_012152.1	6780
SRR27421013.115848	NC_012152.1	9790
SRR27421013.157202	NC_012152.1	6854
SRR27421013.266604	NC_012152.1	9347
SRR27421013.168479	NC_012152.1	7190
SRR27421013.267654	NC_012152.1	6149
SRR27421013.65351	NC_012152.1	5890
SRR27421013.182713	NC_012152.1	5963
SRR27421013.161034	NC_012152.1	17838
SRR27421013.24630	NC_012152.1	6754
SRR27421013.250984	NC_012152.1	9205
SRR27421013.17242	NC_012152.1	6744
SRR27421013.95619	NC_012152.1	6901
SRR27421013.75685	NC_012152.1	6698
SRR27421013.282161	NC_012152.1	6269
SRR27421013.284802	NC_012152.1	6264
SRR27421013.166436	NC_012152.1	9505
SRR27421013.250248	NC_012152.1	15111
SRR27421013.233576	NC_012152.1	5436
SRR27421013.76062	NC_012152.1	5414
SRR27421013.121017	NC_012152.1	5993
SRR27421013.206409	NC_012152.1	6591
SRR27421013.124617	NC_012152.1	6805
SRR27421013.35018	NC_012152.1	6837
SRR27421013.122123	NC_012152.1	6645
SRR27421013.19099	NC_012152.1	8550
SRR27421013.188943	NC_012152.1	9876
SRR27421013.221041	NC_012152.1	8150
SRR27421013.102724	NC_012152.1	5417
SRR27421013.72152	NC_012152.1	8957
SRR27421013.14102	NC_012152.1	8324
SRR27421013.239500	NC_012152.1	9650
SRR27421013.22789	NC_012152.1	5956
SRR27421013.210385	NC_012152.1	6727
SRR27421013.132428	NC_012152.1	6443
SRR27421013.200705	NC_012152.1	5789
SRR27421013.65320	NC_012152.1	6732
SRR27421013.49400	NC_012152.1	6730
SRR27421013.105885	NC_012152.1	6423
SRR27421013.286063	NC_012152.1	6574
SRR27421013.19127	NC_012152.1	7040
SRR27421013.40331	NC_012152.1	8175
SRR27421013.219924	NC_012152.1	6068
SRR27421013.223532	NC_012152.1	7185
SRR27421013.113497	NC_012152.1	9354
SRR27421013.285987	NC_012152.1	7506
SRR27421013.63486	NC_012152.1	9531
SRR27421013.98248	NC_012152.1	6962
SRR27421013.173231	NC_012152.1	6979
SRR27421013.135986	NC_012152.1	6560
SRR27421013.222376	NC_012152.1	5470
SRR27421013.193996	NC_012152.1	6406
SRR27421013.111488	NC_012152.1	10057
SRR27421013.285808	NC_012152.1	7561
SRR27421013.210476	NC_012152.1	6992
SRR27421013.134593	NC_012152.1	8176
SRR27421013.76953	NC_012152.1	7909
SRR27421013.136254	NC_012152.1	6803
SRR27421013.263244	NC_012152.1	5628
SRR27421013.159756	NC_012152.1	6886
SRR27421013.78648	NC_012152.1	8640
SRR27421013.265452	NC_012152.1	7134
SRR27421013.221090	NC_012152.1	7942
SRR27421013.42752	NC_012152.1	9665
SRR27421013.246492	NC_012152.1	7784
SRR27421013.114056	NC_012152.1	9911
SRR27421013.57864	NC_012152.1	7545
SRR27421013.58360	NC_012152.1	5787
SRR27421013.101837	NC_012152.1	6533
SRR27421013.197713	NC_012152.1	9533
SRR27421013.102733	NC_012152.1	9646
SRR27421013.259065	NC_012152.1	9379
SRR27421013.243347	NC_012152.1	6854
SRR27421013.5120	NC_012152.1	9730
SRR27421013.5051	NC_012152.1	9672
SRR27421013.166624	NC_012152.1	7718
SRR27421013.182301	NC_012152.1	7290
SRR27421013.193441	NC_012152.1	6640
SRR27421013.89987	NC_012152.1	7061
SRR27421013.276084	NC_012152.1	5540
SRR27421013.11310	NC_012152.1	8397
SRR27421013.284186	NC_012152.1	9523
SRR27421013.16005	NC_012152.1	7378
SRR27421013.22229	NC_012152.1	7371
SRR27421013.157032	NC_012152.1	7066
SRR27421013.244849	NC_012152.1	7985
SRR27421013.41756	NC_012152.1	6632
SRR27421013.24310	NC_012152.1	5309
SRR27421013.6007	NC_012152.1	7741
SRR27421013.70787	NC_012152.1	6664
SRR27421013.51519	NC_012152.1	7604
SRR27421013.157058	NC_012152.1	5906
SRR27421013.131982	NC_012152.1	9285
SRR27421013.43052	NC_012152.1	6735
SRR27421013.239791	NC_012152.1	6572
SRR27421013.230059	NC_012152.1	7702
SRR27421013.20820	NC_012152.1	6846
SRR27421013.191344	NC_012152.1	9538
SRR27421013.87110	NC_012152.1	9825
SRR27421013.174370	NC_012152.1	9617
SRR27421013.223196	NC_012152.1	6218
SRR27421013.135435	NC_012152.1	6084
SRR27421013.87065	NC_012152.1	9006
SRR27421013.11746	NC_012152.1	6092
SRR27421013.255233	NC_012152.1	9680
SRR27421013.205441	NC_012152.1	7285
SRR27421013.209246	NC_012152.1	8655
SRR27421013.207947	NC_012152.1	8621
SRR27421013.253096	NC_012152.1	6499
SRR27421013.207039	NC_012152.1	6736
SRR27421013.90704	NC_012152.1	7086
SRR27421013.5565	NC_012152.1	6986
SRR27421013.249259	NC_012152.1	6631
SRR27421013.3634	NC_012152.1	6845
SRR27421013.109474	NC_012152.1	9384
SRR27421013.285405	NC_012152.1	6925
SRR27421013.278767	NC_012152.1	6455
SRR27421013.25617	NC_012152.1	6556
SRR27421013.202496	NC_012152.1	6713
SRR27421013.200421	NC_012152.1	6805
SRR27421013.263484	NC_012152.1	6630
SRR27421013.55323	NC_012152.1	5176
SRR27421013.4129	NC_012152.1	6900
SRR27421013.219749	NC_012152.1	17794
SRR27421013.55727	NC_012152.1	6647
SRR27421013.201453	NC_012152.1	8364
SRR27421013.51721	NC_012152.1	6588
SRR27421013.5662	NC_012152.1	6888
SRR27421013.165387	NC_012152.1	6542
SRR27421013.66115	NC_012152.1	6670
SRR27421013.127321	NC_012152.1	8297
SRR27421013.63263	NC_012152.1	6756
SRR27421013.270650	NC_012152.1	7856
SRR27421013.252160	NC_012152.1	5029
SRR27421013.128417	NC_012152.1	6091
SRR27421013.20746	NC_012152.1	7016
SRR27421013.138708	NC_012152.1	6724
SRR27421013.191054	NC_012152.1	7240
SRR27421013.171093	NC_012152.1	7105
SRR27421013.169864	NC_012152.1	7103
SRR27421013.74218	NC_012152.1	6713
SRR27421013.285722	NC_012152.1	6803
SRR27421013.140937	NC_012152.1	9661
SRR27421013.175058	NC_012152.1	6926
SRR27421013.287738	NC_012152.1	7821
SRR27421013.69572	NC_012152.1	5662
SRR27421013.5490	NC_012152.1	6809
SRR27421013.287347	NC_012152.1	6975
SRR27421013.254658	NC_012152.1	6772
SRR27421013.1413	NC_012152.1	6579
SRR27421013.280155	NC_012152.1	9531
SRR27421013.169546	NC_012152.1	6727
SRR27421013.189591	NC_012152.1	6605
SRR27421013.195814	NC_012152.1	7056
SRR27421013.5208	NC_012152.1	7015
SRR27421013.273649	NC_012152.1	9630
SRR27421013.140265	NC_012152.1	5885
SRR27421013.124891	NC_012152.1	6012
SRR27421013.210627	NC_012152.1	8477
SRR27421013.18249	NC_012152.1	6694
SRR27421013.37627	NC_012152.1	9480
SRR27421013.88326	NC_012152.1	8378
SRR27421013.103440	NC_012152.1	6816
SRR27421013.232710	NC_012152.1	6821
SRR27421013.162770	NC_012152.1	6738
SRR27421013.158959	NC_012152.1	6421
SRR27421013.251851	NC_012152.1	6490
SRR27421013.9147	NC_012152.1	5950
SRR27421013.208203	NC_012152.1	9171
SRR27421013.154680	NC_012152.1	6212
SRR27421013.263513	NC_012152.1	7580
SRR27421013.163141	NC_012152.1	5898
SRR27421013.198679	NC_012152.1	5068
SRR27421013.150994	NC_012152.1	6761
SRR27421013.35201	NC_012152.1	5422
SRR27421013.195858	NC_012152.1	9893
SRR27421013.56918	NC_012152.1	7051
SRR27421013.47965	NC_012152.1	5253
SRR27421013.34989	NC_012152.1	6868
SRR27421013.29998	NC_012152.1	17022
SRR27421013.204051	NC_012152.1	9769
SRR27421013.220664	NC_012152.1	5506
SRR27421013.60040	NC_012152.1	6669
SRR27421013.169508	NC_012152.1	6562
SRR27421013.105593	NC_012152.1	6681
SRR27421013.204450	NC_012152.1	9545
SRR27421013.107330	NC_012152.1	9413
SRR27421013.161431	NC_012152.1	9292
SRR27421013.51663	NC_012152.1	6434
SRR27421013.137387	NC_012152.1	8655
SRR27421013.209999	NC_012152.1	9533
SRR27421013.45898	NC_012152.1	7281
SRR27421013.162977	NC_012152.1	9637
SRR27421013.165198	NC_012152.1	9700
SRR27421013.228049	NC_012152.1	5835
SRR27421013.65246	NC_012152.1	6823
SRR27421013.137436	NC_012152.1	6252
SRR27421013.201994	NC_012152.1	8059
SRR27421013.202319	NC_012152.1	5830
SRR27421013.283625	NC_012152.1	7079
SRR27421013.241896	NC_012152.1	6811
SRR27421013.77270	NC_012152.1	6881
SRR27421013.120909	NC_012152.1	6637
SRR27421013.216258	NC_012152.1	5899
SRR27421013.216259	NC_012152.1	5977
SRR27421013.144663	NC_012152.1	9490
SRR27421013.268453	NC_012152.1	6984
SRR27421013.171227	NC_012152.1	6189
SRR27421013.124164	NC_012152.1	5718
SRR27421013.222396	NC_012152.1	6726
SRR27421013.185520	NC_012152.1	6819
SRR27421013.83159	NC_012152.1	9105
SRR27421013.171226	NC_012152.1	6098
SRR27421013.74760	NC_012152.1	7552
SRR27421013.213822	NC_012152.1	6738
SRR27421013.138948	NC_012152.1	9627
SRR27421013.288304	NC_012152.1	6623
SRR27421013.274330	NC_012152.1	5692
SRR27421013.222923	NC_012152.1	6909
SRR27421013.222539	NC_012152.1	6919
SRR27421013.199220	NC_012152.1	8122
SRR27421013.83203	NC_012152.1	6615
SRR27421013.179123	NC_012152.1	7515
SRR27421013.237472	NC_012152.1	7146
SRR27421013.269161	NC_012152.1	6894
SRR27421013.160406	NC_012152.1	6522
SRR27421013.170514	NC_012152.1	7169
SRR27421013.200029	NC_012152.1	6688
SRR27421013.222127	NC_012152.1	5909
SRR27421013.179408	NC_012152.1	6844
SRR27421013.220311	NC_012152.1	6690
SRR27421013.217346	NC_012152.1	6633
SRR27421013.206052	NC_012152.1	5539
SRR27421013.151446	NC_012152.1	5099
SRR27421013.191602	NC_012152.1	6928
SRR27421013.218385	NC_012152.1	6685
SRR27421013.150745	NC_012152.1	6262
SRR27421013.110319	NC_012152.1	6681
SRR27421013.58064	NC_012152.1	6973
SRR27421013.40222	NC_012152.1	6511
SRR27421013.131851	NC_012152.1	16776
SRR27421013.57398	NC_012152.1	6991
SRR27421013.236925	NC_012152.1	6709
SRR27421013.257399	NC_012152.1	6697
SRR27421013.120517	NC_012152.1	8660
SRR27421013.191885	NC_012152.1	6651
SRR27421013.111000	NC_012152.1	7546
SRR27421013.283699	NC_012152.1	6103
SRR27421013.176368	NC_012152.1	8021
SRR27421013.133323	NC_012152.1	6684
SRR27421013.40931	NC_012152.1	9710
SRR27421013.264119	NC_012152.1	6374
SRR27421013.65084	NC_012152.1	5886
SRR27421013.149162	NC_012152.1	6602
SRR27421013.239260	NC_012152.1	6795
SRR27421013.235215	NC_012152.1	5897
SRR27421013.125544	NC_012152.1	5234
SRR27421013.192200	NC_012152.1	6788
SRR27421013.157410	NC_012152.1	6308
SRR27421013.235085	NC_012152.1	9564
SRR27421013.253472	NC_012152.1	6862
SRR27421013.8896	NC_012152.1	5860
SRR27421013.194171	NC_012152.1	5751
SRR27421013.253381	NC_012152.1	7087
SRR27421013.61768	NC_012152.1	6752
SRR27421013.251007	NC_012152.1	6281
SRR27421013.26814	NC_012152.1	7494
SRR27421013.283314	NC_012152.1	12772
SRR27421013.37671	NC_012152.1	5974
SRR27421013.278471	NC_012152.1	6786
SRR27421013.103690	NC_012152.1	8624
SRR27421013.162070	NC_012152.1	9009
SRR27421013.9110	NC_012152.1	6642
SRR27421013.221425	NC_012152.1	18732
SRR27421013.123479	NC_012152.1	6114
SRR27421013.150333	NC_012152.1	6521
SRR27421013.99971	NC_012152.1	7271
SRR27421013.118394	NC_012152.1	7415
SRR27421013.48753	NC_012152.1	6868
SRR27421013.283360	NC_012152.1	6512
SRR27421013.103788	NC_012152.1	6070
SRR27421013.252918	NC_012152.1	8075
SRR27421013.102373	NC_012152.1	6698
SRR27421013.33579	NC_012152.1	8224
SRR27421013.134451	NC_012152.1	10102
SRR27421013.74719	NC_012152.1	6405
SRR27421013.142537	NC_012152.1	6241
SRR27421013.49103	NC_012152.1	9715
SRR27421013.140114	NC_012152.1	9032
SRR27421013.242759	NC_012152.1	6462
SRR27421013.227171	NC_012152.1	6722
SRR27421013.21843	NC_012152.1	7860
SRR27421013.240743	NC_012152.1	9609
SRR27421013.107840	NC_012152.1	9405
SRR27421013.205960	NC_012152.1	6123
SRR27421013.141265	NC_012152.1	6635
SRR27421013.138577	NC_012152.1	6596
SRR27421013.163320	NC_012152.1	6750
SRR27421013.39120	NC_012152.1	6803
SRR27421013.174611	NC_012152.1	6558
SRR27421013.1263	NC_012152.1	6510
SRR27421013.98933	NC_012152.1	6985
SRR27421013.24689	NC_012152.1	6912
SRR27421013.40810	NC_012152.1	7543
SRR27421013.215130	NC_012152.1	7885
SRR27421013.25444	NC_012152.1	6714
SRR27421013.209883	NC_012152.1	9381
SRR27421013.38644	NC_012152.1	6853
SRR27421013.197627	NC_012152.1	8854
SRR27421013.120510	NC_012152.1	6941
SRR27421013.12697	NC_012152.1	6878
SRR27421013.122872	NC_012152.1	6907
SRR27421013.165057	NC_012152.1	7314
SRR27421013.73990	NC_012152.1	5788
SRR27421013.192415	NC_012152.1	6621
SRR27421013.192463	NC_012152.1	5696
SRR27421013.54077	NC_012152.1	16140
SRR27421013.230962	NC_012152.1	13243
SRR27421013.142697	NC_012152.1	9121
SRR27421013.178142	NC_012152.1	6975
SRR27421013.200037	NC_012152.1	5671
SRR27421013.200038	NC_012152.1	5813
SRR27421013.175107	NC_012152.1	7041
SRR27421013.176472	NC_012152.1	7422
SRR27421013.35017	NC_012152.1	13916
SRR27421013.77380	NC_012152.1	5580
SRR27421013.203406	NC_012152.1	6620
SRR27421013.162054	NC_012152.1	5477
SRR27421013.252936	NC_012152.1	5524
SRR27421013.173049	NC_012152.1	6658
SRR27421013.199525	NC_012152.1	5655
SRR27421013.275844	NC_012152.1	8926
SRR27421013.182615	NC_012152.1	6638
SRR27421013.154118	NC_012152.1	7564
SRR27421013.278490	NC_012152.1	6714
SRR27421013.217808	NC_012152.1	6857
SRR27421013.48941	NC_012152.1	8488
SRR27421013.124986	NC_012152.1	7663
SRR27421013.35269	NC_012152.1	6710
SRR27421013.134626	NC_012152.1	5321
SRR27421013.99513	NC_012152.1	6650
SRR27421013.24554	NC_012152.1	9066
SRR27421013.37872	NC_012152.1	6906
SRR27421013.12630	NC_012152.1	6591
SRR27421013.103616	NC_012152.1	6932
SRR27421013.68791	NC_012152.1	6823
SRR27421013.236850	NC_012152.1	7014
SRR27421013.36110	NC_012152.1	5967
SRR27421013.8211	NC_012152.1	6208
SRR27421013.34037	NC_012152.1	5956
SRR27421013.220464	NC_012152.1	7799
SRR27421013.2762	NC_012152.1	6789
SRR27421013.240969	NC_012152.1	6982
SRR27421013.285819	NC_012152.1	7303
SRR27421013.228004	NC_012152.1	6613
SRR27421013.212036	NC_012152.1	8249
SRR27421013.277252	NC_012152.1	9113
SRR27421013.221888	NC_012152.1	6961
SRR27421013.89596	NC_012152.1	6572
SRR27421013.1694	NC_012152.1	8490
SRR27421013.151110	NC_012152.1	8553
SRR27421013.183651	NC_012152.1	5288
SRR27421013.75780	NC_012152.1	9642
SRR27421013.234712	NC_012152.1	6589
SRR27421013.57724	NC_012152.1	6738
SRR27421013.156321	NC_012152.1	8103
SRR27421013.58156	NC_012152.1	6965
SRR27421013.181021	NC_012152.1	6523
SRR27421013.256445	NC_012152.1	6724
SRR27421013.252310	NC_012152.1	18028
SRR27421013.276545	NC_012152.1	6775
SRR27421013.244252	NC_012152.1	6925
SRR27421013.137865	NC_012152.1	7185
SRR27421013.29758	NC_012152.1	7107
SRR27421013.205967	NC_012152.1	8340
SRR27421013.96104	NC_012152.1	6827
SRR27421013.244386	NC_012152.1	6888
SRR27421013.238824	NC_012152.1	6056
SRR27421013.198895	NC_012152.1	9733
SRR27421013.192215	NC_012152.1	6252
SRR27421013.24658	NC_012152.1	6535
SRR27421013.143554	NC_012152.1	5548
SRR27421013.205851	NC_012152.1	6213
SRR27421013.236392	NC_012152.1	7485
SRR27421013.102175	NC_012152.1	7567
SRR27421013.156223	NC_012152.1	6872
SRR27421013.158248	NC_012152.1	7452
SRR27421013.245658	NC_012152.1	6699
SRR27421013.74733	NC_012152.1	9540
SRR27421013.102945	NC_012152.1	7052
SRR27421013.283509	NC_012152.1	5462
SRR27421013.39169	NC_012152.1	7040
SRR27421013.231972	NC_012152.1	8467
SRR27421013.239934	NC_012152.1	8430
SRR27421013.215215	NC_012152.1	6325
SRR27421013.152720	NC_012152.1	6636
SRR27421013.100122	NC_012152.1	8920
SRR27421013.139691	NC_012152.1	6545
SRR27421013.193524	NC_012152.1	5753
SRR27421013.215093	NC_012152.1	6601
SRR27421013.43120	NC_012152.1	6769
SRR27421013.168305	NC_012152.1	8644
SRR27421013.215708	NC_012152.1	8367
SRR27421013.131151	NC_012152.1	6724
SRR27421013.150642	NC_012152.1	6256
SRR27421013.23663	NC_012152.1	7093
SRR27421013.48708	NC_012152.1	7015
SRR27421013.168665	NC_012152.1	6737
SRR27421013.167855	NC_012152.1	6627
SRR27421013.265496	NC_012152.1	9828
SRR27421013.12432	NC_012152.1	6941
SRR27421013.11193	NC_012152.1	6991
SRR27421013.134741	NC_012152.1	6772
SRR27421013.243366	NC_012152.1	6810
SRR27421013.33498	NC_012152.1	8204
SRR27421013.144252	NC_012152.1	9911
SRR27421013.124544	NC_012152.1	5036
SRR27421013.250672	NC_012152.1	5045
SRR27421013.48549	NC_012152.1	6938
SRR27421013.71477	NC_012152.1	7552
SRR27421013.89765	NC_012152.1	7951
SRR27421013.179562	NC_012152.1	5034
SRR27421013.168310	NC_012152.1	9281
SRR27421013.35946	NC_012152.1	7162
SRR27421013.69076	NC_012152.1	6638
SRR27421013.10139	NC_012152.1	6609
SRR27421013.104177	NC_012152.1	6830
SRR27421013.46080	NC_012152.1	5675
SRR27421013.191576	NC_012152.1	9627
SRR27421013.254312	NC_012152.1	6891
SRR27421013.132895	NC_012152.1	6694
SRR27421013.23753	NC_012152.1	5411
SRR27421013.106525	NC_012152.1	7347
SRR27421013.260825	NC_012152.1	7063
SRR27421013.33106	NC_012152.1	9966
SRR27421013.265746	NC_012152.1	6652
SRR27421013.101846	NC_012152.1	6528
SRR27421013.120840	NC_012152.1	6273
SRR27421013.192717	NC_012152.1	6585
SRR27421013.20659	NC_012152.1	7837
SRR27421013.281118	NC_012152.1	6792
SRR27421013.121254	NC_012152.1	6582
SRR27421013.222589	NC_012152.1	6890
SRR27421013.283381	NC_012152.1	6496
SRR27421013.198455	NC_012152.1	6584
SRR27421013.12550	NC_012152.1	6780
SRR27421013.59908	NC_012152.1	6544
SRR27421013.139436	NC_012152.1	5845
SRR27421013.170076	NC_012152.1	7033
SRR27421013.88796	NC_012152.1	8235
SRR27421013.75188	NC_012152.1	6892
SRR27421013.3343	NC_012152.1	6130
SRR27421013.27677	NC_012152.1	6479
SRR27421013.54141	NC_012152.1	6778
SRR27421013.151989	NC_012152.1	6222
SRR27421013.137897	NC_012152.1	6771
SRR27421013.136347	NC_012152.1	6790
SRR27421013.71939	NC_012152.1	6928
SRR27421013.285998	NC_012152.1	7929
SRR27421013.63417	NC_012152.1	7810
SRR27421013.221922	NC_012152.1	9472
SRR27421013.133624	NC_012152.1	8938
SRR27421013.278531	NC_012152.1	6851
SRR27421013.245380	NC_012152.1	9375
SRR27421013.73459	NC_012152.1	6657
SRR27421013.94632	NC_012152.1	6944
SRR27421013.13079	NC_012152.1	9008
SRR27421013.172982	NC_012152.1	6664
SRR27421013.173678	NC_012152.1	6616
SRR27421013.164448	NC_012152.1	13439
SRR27421013.266010	NC_012152.1	6971
SRR27421013.97347	NC_012152.1	6789
SRR27421013.187733	NC_012152.1	9267
SRR27421013.19901	NC_012152.1	5320
SRR27421013.33344	NC_012152.1	8038
SRR27421013.170627	NC_012152.1	6728
SRR27421013.34544	NC_012152.1	6808
SRR27421013.209523	NC_012152.1	5675
SRR27421013.83196	NC_012152.1	6969
SRR27421013.98059	NC_012152.1	6796
SRR27421013.12005	NC_012152.1	5805
SRR27421013.210990	NC_012152.1	9223
SRR27421013.58866	NC_012152.1	6587
SRR27421013.69012	NC_012152.1	7509
SRR27421013.69133	NC_012152.1	7549
SRR27421013.271976	NC_012152.1	7046
SRR27421013.252968	NC_012152.1	6750
SRR27421013.62177	NC_012152.1	6047
SRR27421013.240351	NC_012152.1	7007
SRR27421013.57133	NC_012152.1	5108
SRR27421013.133893	NC_012152.1	5231
SRR27421013.166361	NC_012152.1	5838
SRR27421013.166931	NC_012152.1	5848
SRR27421013.249083	NC_012152.1	6642
SRR27421013.278231	NC_012152.1	6837
SRR27421013.14895	NC_012152.1	7101
SRR27421013.132906	NC_012152.1	5215
SRR27421013.28117	NC_012152.1	6504
SRR27421013.14894	NC_012152.1	6803
SRR27421013.24303	NC_012152.1	9022
SRR27421013.118875	NC_012152.1	5873
SRR27421013.287193	NC_012152.1	6272
SRR27421013.36022	NC_012152.1	6707
SRR27421013.117388	NC_012152.1	5761
SRR27421013.156841	NC_012152.1	6859
SRR27421013.16594	NC_012152.1	6470
SRR27421013.12085	NC_012152.1	8171
SRR27421013.236845	NC_012152.1	7034
SRR27421013.241233	NC_012152.1	6250
SRR27421013.206082	NC_012152.1	6820
SRR27421013.223137	NC_012152.1	6518
SRR27421013.272327	NC_012152.1	6616
SRR27421013.272328	NC_012152.1	6598
SRR27421013.85405	NC_012152.1	9557
SRR27421013.202751	NC_012152.1	7446
SRR27421013.185429	NC_012152.1	9788
SRR27421013.91089	NC_012152.1	5247
SRR27421013.210997	NC_012152.1	7021
SRR27421013.211086	NC_012152.1	6787
SRR27421013.165977	NC_012152.1	6148
SRR27421013.80317	NC_012152.1	9325
SRR27421013.260154	NC_012152.1	13166
SRR27421013.34477	NC_012152.1	6464
SRR27421013.70532	NC_012152.1	6599
SRR27421013.141518	NC_012152.1	6602
SRR27421013.47983	NC_012152.1	6759
SRR27421013.57482	NC_012152.1	6617
SRR27421013.199490	NC_012152.1	5984
SRR27421013.6015	NC_012152.1	8333
SRR27421013.193687	NC_012152.1	9237
SRR27421013.173334	NC_012152.1	6640
SRR27421013.172924	NC_012152.1	6647
SRR27421013.247952	NC_012152.1	6776
SRR27421013.266023	NC_012152.1	7577
SRR27421013.36347	NC_012152.1	6939
SRR27421013.259062	NC_012152.1	6726
SRR27421013.136421	NC_012152.1	6568
SRR27421013.80998	NC_012152.1	6956
SRR27421013.79667	NC_012152.1	6947
SRR27421013.172044	NC_012152.1	6144
SRR27421013.43008	NC_012152.1	9067
SRR27421013.38398	NC_012152.1	6753
SRR27421013.52397	NC_012152.1	6150
SRR27421013.170220	NC_012152.1	6099
SRR27421013.73356	NC_012152.1	6297
SRR27421013.277565	NC_012152.1	6284
SRR27421013.253668	NC_012152.1	6688
SRR27421013.232050	NC_012152.1	6587
SRR27421013.178026	NC_012152.1	5874
SRR27421013.284274	NC_012152.1	8235
SRR27421013.168172	NC_012152.1	9932
SRR27421013.223974	NC_012152.1	5476
SRR27421013.93889	NC_012152.1	6551
SRR27421013.16486	NC_012152.1	9168
SRR27421013.164828	NC_012152.1	6871
SRR27421013.231329	NC_012152.1	6588
SRR27421013.263865	NC_012152.1	6691
SRR27421013.229845	NC_012152.1	7697
SRR27421013.12913	NC_012152.1	6807
SRR27421013.22348	NC_012152.1	6545
SRR27421013.22349	NC_012152.1	6524
SRR27421013.243400	NC_012152.1	6723
SRR27421013.112651	NC_012152.1	6268
SRR27421013.253083	NC_012152.1	7226
SRR27421013.253432	NC_012152.1	9624
SRR27421013.250819	NC_012152.1	13071
SRR27421013.216518	NC_012152.1	6744
SRR27421013.104623	NC_012152.1	6705
SRR27421013.101958	NC_012152.1	14581
SRR27421013.51516	NC_012152.1	6585
SRR27421013.249441	NC_012152.1	6651
SRR27421013.246779	NC_012152.1	6923
SRR27421013.77659	NC_012152.1	7063
SRR27421013.149423	NC_012152.1	9139
SRR27421013.149538	NC_012152.1	9145
SRR27421013.209464	NC_012152.1	8278
SRR27421013.215710	NC_012152.1	7060
SRR27421013.215429	NC_012152.1	7002
SRR27421013.46519	NC_012152.1	6269
SRR27421013.209797	NC_012152.1	6672
SRR27421013.94776	NC_012152.1	6492
SRR27421013.285276	NC_012152.1	6472
SRR27421013.160958	NC_012152.1	5763
SRR27421013.105840	NC_012152.1	8875
SRR27421013.237781	NC_012152.1	6984
SRR27421013.279115	NC_012152.1	6331
SRR27421013.195577	NC_012152.1	9932
SRR27421013.105569	NC_012152.1	8844
SRR27421013.130815	NC_012152.1	6749
SRR27421013.77610	NC_012152.1	6984
SRR27421013.176474	NC_012152.1	8307
SRR27421013.60957	NC_012152.1	6820
SRR27421013.62811	NC_012152.1	6862
SRR27421013.78534	NC_012152.1	6689
SRR27421013.265422	NC_012152.1	6883
SRR27421013.146508	NC_012152.1	7017
SRR27421013.185080	NC_012152.1	5639
SRR27421013.256449	NC_012152.1	7001
SRR27421013.38498	NC_012152.1	6900
SRR27421013.22703	NC_012152.1	6523
SRR27421013.157258	NC_012152.1	6620
SRR27421013.283883	NC_012152.1	7765
SRR27421013.4292	NC_012152.1	6694
SRR27421013.183590	NC_012152.1	6727
SRR27421013.15180	NC_012152.1	6209
SRR27421013.30340	NC_012152.1	6805
SRR27421013.84649	NC_012152.1	9865
SRR27421013.97045	NC_012152.1	6630
SRR27421013.271870	NC_012152.1	10015
SRR27421013.11487	NC_012152.1	9725
SRR27421013.100138	NC_012152.1	6496
SRR27421013.86445	NC_012152.1	7215
SRR27421013.142693	NC_012152.1	6642
SRR27421013.16602	NC_012152.1	5896
SRR27421013.286818	NC_012152.1	9611
SRR27421013.266253	NC_012152.1	6630
SRR27421013.116591	NC_012152.1	7581
SRR27421013.70204	NC_012152.1	6714
SRR27421013.207242	NC_012152.1	6994
SRR27421013.151480	NC_012152.1	8139
SRR27421013.258627	NC_012152.1	6709
SRR27421013.131894	NC_012152.1	7170
SRR27421013.96320	NC_012152.1	6932
SRR27421013.260568	NC_012152.1	6771
SRR27421013.103894	NC_012152.1	6737
SRR27421013.41054	NC_012152.1	31526
SRR27421013.182688	NC_012152.1	7302
SRR27421013.8006	NC_012152.1	5558
SRR27421013.237875	NC_012152.1	9037
SRR27421013.155744	NC_012152.1	8292
SRR27421013.22510	NC_012152.1	6854
SRR27421013.62099	NC_012152.1	6678
SRR27421013.158583	NC_012152.1	8296
SRR27421013.39126	NC_012152.1	7193
SRR27421013.155679	NC_012152.1	6855
SRR27421013.279725	NC_012152.1	6528
SRR27421013.34454	NC_012152.1	6629
SRR27421013.275461	NC_012152.1	7542
SRR27421013.84179	NC_012152.1	6891
SRR27421013.38156	NC_012152.1	6953
SRR27421013.143374	NC_012152.1	7958
SRR27421013.103556	NC_012152.1	6795
SRR27421013.274555	NC_012152.1	6740
SRR27421013.154481	NC_012152.1	9462
SRR27421013.13533	NC_012152.1	6382
SRR27421013.148828	NC_012152.1	8044
SRR27421013.21595	NC_012152.1	6667
SRR27421013.64969	NC_012152.1	6525
SRR27421013.162398	NC_012152.1	9509
SRR27421013.195887	NC_012152.1	5662
SRR27421013.69194	NC_012152.1	9403
SRR27421013.4756	NC_012152.1	7163
SRR27421013.15348	NC_012152.1	6473
SRR27421013.92523	NC_012152.1	9662
SRR27421013.200787	NC_012152.1	6800
SRR27421013.92445	NC_012152.1	5792
SRR27421013.99381	NC_012152.1	7674
SRR27421013.277131	NC_012152.1	9743
SRR27421013.223398	NC_012152.1	7005
SRR27421013.50690	NC_012152.1	6969
SRR27421013.80615	NC_012152.1	6880
SRR27421013.245208	NC_012152.1	5577
SRR27421013.31538	NC_012152.1	7444
SRR27421013.28040	NC_012152.1	12759
SRR27421013.38045	NC_012152.1	6581
SRR27421013.266409	NC_012152.1	6635
SRR27421013.181587	NC_012152.1	5993
SRR27421013.78508	NC_012152.1	6723
SRR27421013.159141	NC_012152.1	6715
SRR27421013.220230	NC_012152.1	6759
SRR27421013.84523	NC_012152.1	6884
SRR27421013.115440	NC_012152.1	6827
SRR27421013.120851	NC_012152.1	5367
SRR27421013.283412	NC_012152.1	6821
SRR27421013.67596	NC_012152.1	6291
SRR27421013.115622	NC_012152.1	7106
SRR27421013.264780	NC_012152.1	5098
SRR27421013.149768	NC_012152.1	7104
SRR27421013.172997	NC_012152.1	5811
SRR27421013.287259	NC_012152.1	7444
SRR27421013.122514	NC_012152.1	8287
SRR27421013.205367	NC_012152.1	6676
SRR27421013.137508	NC_012152.1	9273
SRR27421013.53462	NC_012152.1	5525
SRR27421013.207907	NC_012152.1	6920
SRR27421013.265010	NC_012152.1	6953
SRR27421013.284686	NC_012152.1	6819
SRR27421013.218240	NC_012152.1	5883
SRR27421013.112535	NC_012152.1	8376
SRR27421013.35895	NC_012152.1	6662
SRR27421013.180282	NC_012152.1	6739
SRR27421013.173303	NC_012152.1	6368
SRR27421013.62040	NC_012152.1	6407
SRR27421013.89735	NC_012152.1	6269
SRR27421013.114363	NC_012152.1	6431
SRR27421013.271554	NC_012152.1	6646
SRR27421013.74382	NC_012152.1	6883
SRR27421013.8067	NC_012152.1	6757
SRR27421013.31222	NC_012152.1	8413
SRR27421013.268058	NC_012152.1	6405
SRR27421013.161406	NC_012152.1	8234
SRR27421013.236099	NC_012152.1	8272
SRR27421013.217936	NC_012152.1	6797
SRR27421013.240702	NC_012152.1	6314
SRR27421013.161405	NC_012152.1	8296
SRR27421013.168908	NC_012152.1	8799
SRR27421013.110850	NC_012152.1	6910
SRR27421013.53867	NC_012152.1	5418
SRR27421013.50011	NC_012152.1	13803
SRR27421013.205956	NC_012152.1	6811
SRR27421013.206910	NC_012152.1	6852
SRR27421013.275529	NC_012152.1	7223
SRR27421013.161961	NC_012152.1	9937
SRR27421013.66438	NC_012152.1	8186
SRR27421013.221930	NC_012152.1	6596
SRR27421013.2696	NC_012152.1	7828
SRR27421013.2050	NC_012152.1	7835
SRR27421013.232681	NC_012152.1	6833
SRR27421013.5578	NC_012152.1	8577
SRR27421013.35252	NC_012152.1	6523
SRR27421013.192449	NC_012152.1	7789
SRR27421013.193596	NC_012152.1	8560
SRR27421013.100328	NC_012152.1	6713
SRR27421013.66437	NC_012152.1	8184
SRR27421013.285299	NC_012152.1	6571
SRR27421013.79214	NC_012152.1	9327
SRR27421013.7969	NC_012152.1	6668
SRR27421013.205905	NC_012152.1	6776
SRR27421013.203133	NC_012152.1	6767
SRR27421013.130359	NC_012152.1	6965
SRR27421013.69339	NC_012152.1	9439
SRR27421013.258500	NC_012152.1	6924
SRR27421013.120850	NC_012152.1	6708
SRR27421013.234174	NC_012152.1	6322
SRR27421013.216326	NC_012152.1	7762
SRR27421013.71978	NC_012152.1	7597
SRR27421013.207755	NC_012152.1	6721
SRR27421013.231697	NC_012152.1	5298
SRR27421013.163444	NC_012152.1	6806
SRR27421013.178799	NC_012152.1	6555
SRR27421013.273983	NC_012152.1	5948
SRR27421013.232003	NC_012152.1	6644
SRR27421013.5830	NC_012152.1	9518
SRR27421013.39706	NC_012152.1	7830
SRR27421013.231976	NC_012152.1	6611
SRR27421013.13744	NC_012152.1	7912
SRR27421013.77705	NC_012152.1	6914
SRR27421013.211530	NC_012152.1	9200
SRR27421013.225084	NC_012152.1	6740
SRR27421013.284241	NC_012152.1	6869
SRR27421013.107465	NC_012152.1	18624
SRR27421013.5403	NC_012152.1	5057
SRR27421013.201307	NC_012152.1	6272
SRR27421013.159539	NC_012152.1	6105
SRR27421013.351	NC_012152.1	7456
SRR27421013.113234	NC_012152.1	6473
SRR27421013.69889	NC_012152.1	6999
SRR27421013.27800	NC_012152.1	8522
SRR27421013.244701	NC_012152.1	6729
SRR27421013.15396	NC_012152.1	6857
SRR27421013.150572	NC_012152.1	6198
SRR27421013.15416	NC_012152.1	6843
SRR27421013.228429	NC_012152.1	7963
SRR27421013.75993	NC_012152.1	6695
SRR27421013.204897	NC_012152.1	6032
SRR27421013.142460	NC_012152.1	7019
SRR27421013.78637	NC_012152.1	6620
SRR27421013.79537	NC_012152.1	6770
SRR27421013.271043	NC_012152.1	6898
SRR27421013.181478	NC_012152.1	6380
SRR27421013.218942	NC_012152.1	6378
SRR27421013.256328	NC_012152.1	6516
SRR27421013.92840	NC_012152.1	6759
SRR27421013.29425	NC_012152.1	6840
SRR27421013.27075	NC_012152.1	6791
SRR27421013.28721	NC_012152.1	6406
SRR27421013.234755	NC_012152.1	5815
SRR27421013.282913	NC_012152.1	6707
SRR27421013.62670	NC_012152.1	7663
SRR27421013.286817	NC_012152.1	6134
SRR27421013.94811	NC_012152.1	7774
SRR27421013.146445	NC_012152.1	5390
SRR27421013.59436	NC_012152.1	6435
SRR27421013.97415	NC_012152.1	7774
SRR27421013.152465	NC_012152.1	6797
SRR27421013.157978	NC_012152.1	6836
SRR27421013.16330	NC_012152.1	6138
SRR27421013.96878	NC_012152.1	6672
SRR27421013.23540	NC_012152.1	6764
SRR27421013.134774	NC_012152.1	6835
SRR27421013.154064	NC_012152.1	6800
SRR27421013.13448	NC_012152.1	6744
SRR27421013.84748	NC_012152.1	6159
SRR27421013.110787	NC_012152.1	6433
SRR27421013.111196	NC_012152.1	6443
SRR27421013.145738	NC_012152.1	6666
SRR27421013.141633	NC_012152.1	6572
SRR27421013.16687	NC_012152.1	9596
SRR27421013.71462	NC_012152.1	6650
SRR27421013.126417	NC_012152.1	7796
SRR27421013.231867	NC_012152.1	6215
SRR27421013.84691	NC_012152.1	8262
SRR27421013.238666	NC_012152.1	8077
SRR27421013.48179	NC_012152.1	6469
SRR27421013.24976	NC_012152.1	9331
SRR27421013.243137	NC_012152.1	6971
SRR27421013.21715	NC_012152.1	6802
SRR27421013.120492	NC_012152.1	5373
SRR27421013.11383	NC_012152.1	6414
SRR27421013.238015	NC_012152.1	6657
SRR27421013.1574	NC_012152.1	9515
SRR27421013.122348	NC_012152.1	8056
SRR27421013.78791	NC_012152.1	8662
SRR27421013.244845	NC_012152.1	9376
SRR27421013.207649	NC_012152.1	6390
SRR27421013.191586	NC_012152.1	6751
SRR27421013.34555	NC_012152.1	5591
SRR27421013.134595	NC_012152.1	6662
SRR27421013.3490	NC_012152.1	6172
SRR27421013.246326	NC_012152.1	6517
SRR27421013.129894	NC_012152.1	10107
SRR27421013.275346	NC_012152.1	6696
SRR27421013.161705	NC_012152.1	6692
SRR27421013.110109	NC_012152.1	6837
SRR27421013.161693	NC_012152.1	6675
SRR27421013.2253	NC_012152.1	6639
SRR27421013.113568	NC_012152.1	6762
SRR27421013.230887	NC_012152.1	13885
SRR27421013.203862	NC_012152.1	6737
SRR27421013.29290	NC_012152.1	6026
SRR27421013.114114	NC_012152.1	6803
SRR27421013.77727	NC_012152.1	6596
SRR27421013.83780	NC_012152.1	6658
SRR27421013.82557	NC_012152.1	6572
SRR27421013.22989	NC_012152.1	6821
SRR27421013.149422	NC_012152.1	6968
SRR27421013.270927	NC_012152.1	9794
SRR27421013.275265	NC_012152.1	5420
SRR27421013.130580	NC_012152.1	9410
SRR27421013.2715	NC_012152.1	9458
SRR27421013.211904	NC_012152.1	6695
SRR27421013.99099	NC_012152.1	6484
SRR27421013.51520	NC_012152.1	6732
SRR27421013.92631	NC_012152.1	6558
SRR27421013.59149	NC_012152.1	9754
SRR27421013.257515	NC_012152.1	7653
SRR27421013.95687	NC_012152.1	6082
SRR27421013.256993	NC_012152.1	8158
SRR27421013.260808	NC_012152.1	6495
SRR27421013.260373	NC_012152.1	6442
SRR27421013.53586	NC_012152.1	6641
SRR27421013.170181	NC_012152.1	6940
SRR27421013.71006	NC_012152.1	7064
SRR27421013.149752	NC_012152.1	6575
SRR27421013.148822	NC_012152.1	6561
SRR27421013.138450	NC_012152.1	6846
SRR27421013.170558	NC_012152.1	6464
SRR27421013.172759	NC_012152.1	9161
SRR27421013.135907	NC_012152.1	5988
SRR27421013.203882	NC_012152.1	6707
SRR27421013.275378	NC_012152.1	6470
SRR27421013.142124	NC_012152.1	5419
SRR27421013.253647	NC_012152.1	5990
SRR27421013.85613	NC_012152.1	7146
SRR27421013.117560	NC_012152.1	8149
SRR27421013.160973	NC_012152.1	6602
SRR27421013.252435	NC_012152.1	9306
SRR27421013.44113	NC_012152.1	8847
SRR27421013.275395	NC_012152.1	6903
SRR27421013.256452	NC_012152.1	6855
SRR27421013.220390	NC_012152.1	6233
SRR27421013.190516	NC_012152.1	8314
SRR27421013.149766	NC_012152.1	6868
SRR27421013.204260	NC_012152.1	6735
SRR27421013.158460	NC_012152.1	19080
SRR27421013.271233	NC_012152.1	6711
SRR27421013.286407	NC_012152.1	6844
SRR27421013.154526	NC_012152.1	7970
SRR27421013.218653	NC_012152.1	7835
SRR27421013.176649	NC_012152.1	6408
SRR27421013.37952	NC_012152.1	6548
SRR27421013.239121	NC_012152.1	6120
SRR27421013.208177	NC_012152.1	6099
SRR27421013.47892	NC_012152.1	6838
SRR27421013.53754	NC_012152.1	8129
SRR27421013.176477	NC_012152.1	6627
SRR27421013.134407	NC_012152.1	9894
SRR27421013.248735	NC_012152.1	6511
SRR27421013.254287	NC_012152.1	5578
SRR27421013.230886	NC_012152.1	5737
SRR27421013.153211	NC_012152.1	6805
SRR27421013.98528	NC_012152.1	9705
SRR27421013.254925	NC_012152.1	7194
SRR27421013.162938	NC_012152.1	6527
SRR27421013.286861	NC_012152.1	6378
SRR27421013.125598	NC_012152.1	6854
SRR27421013.222306	NC_012152.1	6883
SRR27421013.206239	NC_012152.1	5031
SRR27421013.153472	NC_012152.1	8392
SRR27421013.30365	NC_012152.1	7655
SRR27421013.32601	NC_012152.1	7754
SRR27421013.277626	NC_012152.1	6336
SRR27421013.57710	NC_012152.1	6791
SRR27421013.233470	NC_012152.1	8031
SRR27421013.102052	NC_012152.1	6162
SRR27421013.217597	NC_012152.1	6797
SRR27421013.201142	NC_012152.1	6859
SRR27421013.210075	NC_012152.1	7145
SRR27421013.218890	NC_012152.1	8815
SRR27421013.94547	NC_012152.1	6850
SRR27421013.114477	NC_012152.1	6213
SRR27421013.218432	NC_012152.1	5354
SRR27421013.18370	NC_012152.1	6442
SRR27421013.243228	NC_012152.1	6753
SRR27421013.60979	NC_012152.1	6811
SRR27421013.86669	NC_012152.1	6429
SRR27421013.157613	NC_012152.1	6243
SRR27421013.285953	NC_012152.1	6969
SRR27421013.155633	NC_012152.1	6272
SRR27421013.142961	NC_012152.1	6102
SRR27421013.219448	NC_012152.1	6641
SRR27421013.51336	NC_012152.1	6789
SRR27421013.168560	NC_012152.1	10047
SRR27421013.137253	NC_012152.1	6125
SRR27421013.166356	NC_012152.1	7963
SRR27421013.125441	NC_012152.1	5729
SRR27421013.233928	NC_012152.1	6392
SRR27421013.51570	NC_012152.1	6825
SRR27421013.240109	NC_012152.1	6180
SRR27421013.19053	NC_012152.1	6680
SRR27421013.60125	NC_012152.1	5925
SRR27421013.222281	NC_012152.1	6773
SRR27421013.221693	NC_012152.1	6763
SRR27421013.138364	NC_012152.1	6076
SRR27421013.28764	NC_012152.1	5863
SRR27421013.108064	NC_012152.1	9010
SRR27421013.57623	NC_012152.1	5920
SRR27421013.200180	NC_012152.1	6865
SRR27421013.75571	NC_012152.1	7121
SRR27421013.76451	NC_012152.1	7127
SRR27421013.163598	NC_012152.1	9301
SRR27421013.15772	NC_012152.1	10180
SRR27421013.33055	NC_012152.1	9358
SRR27421013.149586	NC_012152.1	13013
SRR27421013.259073	NC_012152.1	9993
SRR27421013.150768	NC_012152.1	7176
SRR27421013.256998	NC_012152.1	6526
SRR27421013.107347	NC_012152.1	6783
SRR27421013.184239	NC_012152.1	6740
SRR27421013.271152	NC_012152.1	6683
SRR27421013.119197	NC_012152.1	6711
SRR27421013.89115	NC_012152.1	9528
SRR27421013.137607	NC_012152.1	7334
SRR27421013.60334	NC_012152.1	6072
SRR27421013.16903	NC_012152.1	6728
SRR27421013.127572	NC_012152.1	6406
SRR27421013.189753	NC_012152.1	6969
SRR27421013.73973	NC_012152.1	6722
SRR27421013.240807	NC_012152.1	5188
SRR27421013.107157	NC_012152.1	7099
SRR27421013.58213	NC_012152.1	6770
SRR27421013.184810	NC_012152.1	6480
SRR27421013.282722	NC_012152.1	6744
SRR27421013.84194	NC_012152.1	6853
SRR27421013.234292	NC_012152.1	39327
SRR27421013.4461	NC_012152.1	7827
SRR27421013.35494	NC_012152.1	6801
SRR27421013.43062	NC_012152.1	6462
SRR27421013.211330	NC_012152.1	7128
SRR27421013.259480	NC_012152.1	7558
SRR27421013.88693	NC_012152.1	6690
SRR27421013.164456	NC_012152.1	5412
SRR27421013.162210	NC_012152.1	5383
SRR27421013.261678	NC_012152.1	6575
SRR27421013.53774	NC_012152.1	7958
SRR27421013.232566	NC_012152.1	9856
SRR27421013.51476	NC_012152.1	7925
SRR27421013.148045	NC_012152.1	6680
SRR27421013.182655	NC_012152.1	7542
SRR27421013.235268	NC_012152.1	6884
SRR27421013.126766	NC_012152.1	6210
SRR27421013.49929	NC_012152.1	7713
SRR27421013.239406	NC_012152.1	6140
SRR27421013.239237	NC_012152.1	6159
SRR27421013.213947	NC_012152.1	6459
SRR27421013.282449	NC_012152.1	7005
SRR27421013.1787	NC_012152.1	6299
SRR27421013.33480	NC_012152.1	9885
SRR27421013.72890	NC_012152.1	7989
SRR27421013.79817	NC_012152.1	8161
SRR27421013.123367	NC_012152.1	7475
SRR27421013.122765	NC_012152.1	7429
SRR27421013.178044	NC_012152.1	5343
SRR27421013.38191	NC_012152.1	5971
SRR27421013.157421	NC_012152.1	9909
SRR27421013.35717	NC_012152.1	9069
SRR27421013.201921	NC_012152.1	11385
SRR27421013.124312	NC_012152.1	6608
SRR27421013.73616	NC_012152.1	15179
SRR27421013.268212	NC_012152.1	6800
SRR27421013.144153	NC_012152.1	6878
SRR27421013.61186	NC_012152.1	6741
SRR27421013.273138	NC_012152.1	6734
SRR27421013.6275	NC_012152.1	5819
SRR27421013.251318	NC_012152.1	7923
SRR27421013.27719	NC_012152.1	7530
SRR27421013.240430	NC_012152.1	6501
SRR27421013.18412	NC_012152.1	9633
SRR27421013.19931	NC_012152.1	9585
SRR27421013.16455	NC_012152.1	6870
SRR27421013.152715	NC_012152.1	9435
SRR27421013.266003	NC_012152.1	9254
SRR27421013.107438	NC_012152.1	6101
SRR27421013.92804	NC_012152.1	8388
SRR27421013.200377	NC_012152.1	6918
SRR27421013.123847	NC_012152.1	6799
SRR27421013.161760	NC_012152.1	9279
SRR27421013.63272	NC_012152.1	9551
SRR27421013.182021	NC_012152.1	9448
SRR27421013.248262	NC_012152.1	6448
SRR27421013.192009	NC_012152.1	6827
SRR27421013.134673	NC_012152.1	9524
SRR27421013.127507	NC_012152.1	6683
SRR27421013.14242	NC_012152.1	6887
SRR27421013.251204	NC_012152.1	6422
SRR27421013.274922	NC_012152.1	7785
SRR27421013.130715	NC_012152.1	9579
SRR27421013.33506	NC_012152.1	7915
SRR27421013.213118	NC_012152.1	31361
SRR27421013.141295	NC_012152.1	6819
SRR27421013.104110	NC_012152.1	7140
SRR27421013.38744	NC_012152.1	13379
SRR27421013.251217	NC_012152.1	6520
SRR27421013.223829	NC_012152.1	9629
SRR27421013.210534	NC_012152.1	7631
SRR27421013.239978	NC_012152.1	6134
SRR27421013.218097	NC_012152.1	5853
SRR27421013.77029	NC_012152.1	7680
SRR27421013.9468	NC_012152.1	6830
SRR27421013.259878	NC_012152.1	7097
SRR27421013.125789	NC_012152.1	6402
SRR27421013.175852	NC_012152.1	6693
SRR27421013.458	NC_012152.1	5951
SRR27421013.115350	NC_012152.1	6012
SRR27421013.166716	NC_012152.1	6735
SRR27421013.156631	NC_012152.1	9473
SRR27421013.82927	NC_012152.1	6631
SRR27421013.240403	NC_012152.1	6806
SRR27421013.181258	NC_012152.1	6324
SRR27421013.48275	NC_012152.1	6826
SRR27421013.48397	NC_012152.1	6789
SRR27421013.163315	NC_012152.1	6890
SRR27421013.218008	NC_012152.1	9783
SRR27421013.50211	NC_012152.1	11361
SRR27421013.138859	NC_012152.1	6197
SRR27421013.97070	NC_012152.1	6616
SRR27421013.104412	NC_012152.1	6918
SRR27421013.271270	NC_012152.1	6454
SRR27421013.6429	NC_012152.1	8773
SRR27421013.252597	NC_012152.1	6741
SRR27421013.18912	NC_012152.1	7537
SRR27421013.213392	NC_012152.1	6790
SRR27421013.208584	NC_012152.1	5941
SRR27421013.208967	NC_012152.1	6071
SRR27421013.12948	NC_012152.1	6481
SRR27421013.205356	NC_012152.1	6730
SRR27421013.251501	NC_012152.1	6754
SRR27421013.183926	NC_012152.1	6529
SRR27421013.257266	NC_012152.1	6900
SRR27421013.35907	NC_012152.1	6549
SRR27421013.275666	NC_012152.1	7109
SRR27421013.133783	NC_012152.1	8597
SRR27421013.285898	NC_012152.1	6329
SRR27421013.9056	NC_012152.1	6570
SRR27421013.208995	NC_012152.1	9737
SRR27421013.208271	NC_012152.1	8290
SRR27421013.249223	NC_012152.1	8413
SRR27421013.4617	NC_012152.1	6855
SRR27421013.215258	NC_012152.1	9399
SRR27421013.14778	NC_012152.1	7693
SRR27421013.141391	NC_012152.1	7831
SRR27421013.158122	NC_012152.1	6817
SRR27421013.31527	NC_012152.1	12894
SRR27421013.159198	NC_012152.1	6647
SRR27421013.167649	NC_012152.1	9169
SRR27421013.21489	NC_012152.1	6588
SRR27421013.144304	NC_012152.1	9411
SRR27421013.223291	NC_012152.1	6541
SRR27421013.69583	NC_012152.1	6473
SRR27421013.132986	NC_012152.1	6360
SRR27421013.228328	NC_012152.1	10232
SRR27421013.20206	NC_012152.1	6584
SRR27421013.234037	NC_012152.1	6892
SRR27421013.88257	NC_012152.1	9600
SRR27421013.75503	NC_012152.1	9292
SRR27421013.135388	NC_012152.1	6772
SRR27421013.262454	NC_012152.1	6220
SRR27421013.262453	NC_012152.1	6244
SRR27421013.65575	NC_012152.1	5573
SRR27421013.228406	NC_012152.1	9461
SRR27421013.150047	NC_012152.1	6923
SRR27421013.278388	NC_012152.1	6631
SRR27421013.203945	NC_012152.1	18570
SRR27421013.282899	NC_012152.1	5049
SRR27421013.78512	NC_012152.1	7725
SRR27421013.234695	NC_012152.1	5871
SRR27421013.100204	NC_012152.1	6393
SRR27421013.233187	NC_012152.1	6659
SRR27421013.234023	NC_012152.1	6696
SRR27421013.272892	NC_012152.1	8315
SRR27421013.69731	NC_012152.1	6833
SRR27421013.202500	NC_012152.1	6200
SRR27421013.119128	NC_012152.1	6645
SRR27421013.125350	NC_012152.1	9549
SRR27421013.136468	NC_012152.1	6623
SRR27421013.282565	NC_012152.1	6891
SRR27421013.220171	NC_012152.1	8491
SRR27421013.84540	NC_012152.1	6615
SRR27421013.208537	NC_012152.1	6626
SRR27421013.84396	NC_012152.1	6603
SRR27421013.258201	NC_012152.1	8598
SRR27421013.236157	NC_012152.1	7891
SRR27421013.62121	NC_012152.1	6587
SRR27421013.287853	NC_012152.1	6698
SRR27421013.47325	NC_012152.1	6068
SRR27421013.142364	NC_012152.1	6538
SRR27421013.142365	NC_012152.1	6467
SRR27421013.72234	NC_012152.1	9916
SRR27421013.60368	NC_012152.1	6481
SRR27421013.214953	NC_012152.1	6364
SRR27421013.1008	NC_012152.1	6393
SRR27421013.157569	NC_012152.1	9402
SRR27421013.106757	NC_012152.1	7119
SRR27421013.232654	NC_012152.1	6715
SRR27421013.165513	NC_012152.1	7259
SRR27421013.4530	NC_012152.1	5912
SRR27421013.164149	NC_012152.1	5706
SRR27421013.266778	NC_012152.1	12787
SRR27421013.158408	NC_012152.1	6760
SRR27421013.53388	NC_012152.1	6663
SRR27421013.222649	NC_012152.1	6594
SRR27421013.68888	NC_012152.1	8301
SRR27421013.163186	NC_012152.1	6858
SRR27421013.136933	NC_012152.1	6785
SRR27421013.80304	NC_012152.1	6084
SRR27421013.21359	NC_012152.1	6774
SRR27421013.101573	NC_012152.1	6370
SRR27421013.158818	NC_012152.1	6795
SRR27421013.160751	NC_012152.1	6793
SRR27421013.284022	NC_012152.1	8227
SRR27421013.84220	NC_012152.1	6846
SRR27421013.136057	NC_012152.1	6801
SRR27421013.244547	NC_012152.1	9545
SRR27421013.55974	NC_012152.1	6724
SRR27421013.241531	NC_012152.1	11914
SRR27421013.37676	NC_012152.1	5017
SRR27421013.258775	NC_012152.1	9759
SRR27421013.90053	NC_012152.1	6980
SRR27421013.103707	NC_012152.1	6450
SRR27421013.102590	NC_012152.1	6394
SRR27421013.74835	NC_012152.1	18908
SRR27421013.94581	NC_012152.1	6904
SRR27421013.198773	NC_012152.1	5351
SRR27421013.36302	NC_012152.1	6966
SRR27421013.22665	NC_012152.1	6799
SRR27421013.28157	NC_012152.1	8191
SRR27421013.160180	NC_012152.1	6925
SRR27421013.286711	NC_012152.1	6612
SRR27421013.86671	NC_012152.1	5392
SRR27421013.8004	NC_012152.1	7923
SRR27421013.238336	NC_012152.1	8201
SRR27421013.275709	NC_012152.1	6649
SRR27421013.234236	NC_012152.1	6100
SRR27421013.137701	NC_012152.1	6838
SRR27421013.133113	NC_012152.1	6962
SRR27421013.277788	NC_012152.1	6722
SRR27421013.29391	NC_012152.1	6928
SRR27421013.221904	NC_012152.1	6632
SRR27421013.268262	NC_012152.1	6024
SRR27421013.100036	NC_012152.1	9555
SRR27421013.35972	NC_012152.1	7009
SRR27421013.26195	NC_012152.1	6887
SRR27421013.209131	NC_012152.1	6382
SRR27421013.85647	NC_012152.1	7019
SRR27421013.71333	NC_012152.1	10013
SRR27421013.17884	NC_012152.1	6841
SRR27421013.21905	NC_012152.1	7811
SRR27421013.118168	NC_012152.1	6846
SRR27421013.41851	NC_012152.1	7453
SRR27421013.153992	NC_012152.1	6813
SRR27421013.178150	NC_012152.1	10607
SRR27421013.69390	NC_012152.1	9768
SRR27421013.190366	NC_012152.1	6980
SRR27421013.157689	NC_012152.1	5950
SRR27421013.84182	NC_012152.1	6680
SRR27421013.114795	NC_012152.1	5359
SRR27421013.173444	NC_012152.1	6901
SRR27421013.3355	NC_012152.1	6595
SRR27421013.124278	NC_012152.1	6700
SRR27421013.203242	NC_012152.1	7779
SRR27421013.279530	NC_012152.1	8442
SRR27421013.69786	NC_012152.1	5820
SRR27421013.39463	NC_012152.1	6443
SRR27421013.78889	NC_012152.1	6572
SRR27421013.82847	NC_012152.1	6654
SRR27421013.197256	NC_012152.1	6533
SRR27421013.243569	NC_012152.1	6705
SRR27421013.162173	NC_012152.1	6949
SRR27421013.192358	NC_012152.1	7594
SRR27421013.194192	NC_012152.1	9165
SRR27421013.14923	NC_012152.1	6461
SRR27421013.137938	NC_012152.1	6709
SRR27421013.144501	NC_012152.1	8985
SRR27421013.136547	NC_012152.1	6755
SRR27421013.193208	NC_012152.1	5515
SRR27421013.18348	NC_012152.1	6023
SRR27421013.249104	NC_012152.1	7032
SRR27421013.190553	NC_012152.1	6435
SRR27421013.256409	NC_012152.1	6690
SRR27421013.101978	NC_012152.1	6049
SRR27421013.158235	NC_012152.1	6713
SRR27421013.186100	NC_012152.1	6834
SRR27421013.249100	NC_012152.1	8194
SRR27421013.145182	NC_012152.1	6446
SRR27421013.174912	NC_012152.1	9630
SRR27421013.203973	NC_012152.1	6889
SRR27421013.144068	NC_012152.1	6925
SRR27421013.86238	NC_012152.1	6639
SRR27421013.148767	NC_012152.1	6860
SRR27421013.249949	NC_012152.1	9499
SRR27421013.2470	NC_012152.1	6867
SRR27421013.47548	NC_012152.1	7539
SRR27421013.161709	NC_012152.1	7201
SRR27421013.68975	NC_012152.1	7614
SRR27421013.226015	NC_012152.1	7020
SRR27421013.161181	NC_012152.1	7200
SRR27421013.96897	NC_012152.1	6763
SRR27421013.97097	NC_012152.1	6744
SRR27421013.255925	NC_012152.1	6477
SRR27421013.26139	NC_012152.1	6413
SRR27421013.39289	NC_012152.1	18237
SRR27421013.58661	NC_012152.1	8400
SRR27421013.104235	NC_012152.1	6414
SRR27421013.100584	NC_012152.1	8222
SRR27421013.177905	NC_012152.1	6795
SRR27421013.229373	NC_012152.1	6762
SRR27421013.50830	NC_012152.1	6908
SRR27421013.238752	NC_012152.1	8130
SRR27421013.68265	NC_012152.1	7099
SRR27421013.165352	NC_012152.1	6244
SRR27421013.49179	NC_012152.1	6824
SRR27421013.219741	NC_012152.1	6743
SRR27421013.104317	NC_012152.1	6600
SRR27421013.33005	NC_012152.1	6653
SRR27421013.83417	NC_012152.1	6777
SRR27421013.30225	NC_012152.1	6787
SRR27421013.129538	NC_012152.1	5839
SRR27421013.60834	NC_012152.1	6711
SRR27421013.33507	NC_012152.1	6704
SRR27421013.251319	NC_012152.1	9513
SRR27421013.70141	NC_012152.1	7965
SRR27421013.106898	NC_012152.1	6444
SRR27421013.20675	NC_012152.1	6215
SRR27421013.16366	NC_012152.1	5944
SRR27421013.48223	NC_012152.1	6232
SRR27421013.245946	NC_012152.1	6765
SRR27421013.187057	NC_012152.1	6453
SRR27421013.187571	NC_012152.1	5480
SRR27421013.163652	NC_012152.1	6393
SRR27421013.183793	NC_012152.1	7051
SRR27421013.254102	NC_012152.1	7153
SRR27421013.122940	NC_012152.1	7146
SRR27421013.36812	NC_012152.1	9238
SRR27421013.196604	NC_012152.1	6995
SRR27421013.148528	NC_012152.1	6561
SRR27421013.21205	NC_012152.1	9225
SRR27421013.19915	NC_012152.1	6576
SRR27421013.111851	NC_012152.1	6483
SRR27421013.131199	NC_012152.1	7392
SRR27421013.77455	NC_012152.1	9061
SRR27421013.126595	NC_012152.1	6243
SRR27421013.138864	NC_012152.1	6230
SRR27421013.239145	NC_012152.1	6068
SRR27421013.166811	NC_012152.1	7462
SRR27421013.101877	NC_012152.1	6058
SRR27421013.62304	NC_012152.1	6652
SRR27421013.66594	NC_012152.1	6839
SRR27421013.3197	NC_012152.1	9574
SRR27421013.44915	NC_012152.1	6739
SRR27421013.15970	NC_012152.1	6813
SRR27421013.199569	NC_012152.1	5888
SRR27421013.237257	NC_012152.1	7114
SRR27421013.77612	NC_012152.1	7656
SRR27421013.29709	NC_012152.1	6112
SRR27421013.180057	NC_012152.1	6621
SRR27421013.273251	NC_012152.1	6920
SRR27421013.258809	NC_012152.1	6346
SRR27421013.151313	NC_012152.1	6709
SRR27421013.246177	NC_012152.1	6773
SRR27421013.14465	NC_012152.1	6648
SRR27421013.245316	NC_012152.1	6748
SRR27421013.258705	NC_012152.1	6705
SRR27421013.82692	NC_012152.1	6882
SRR27421013.189974	NC_012152.1	8171
SRR27421013.118987	NC_012152.1	5910
SRR27421013.214698	NC_012152.1	6855
SRR27421013.216931	NC_012152.1	6761
SRR27421013.251645	NC_012152.1	8197
SRR27421013.272521	NC_012152.1	6129
SRR27421013.202197	NC_012152.1	7851
SRR27421013.221466	NC_012152.1	9323
SRR27421013.225330	NC_012152.1	6938
SRR27421013.57722	NC_012152.1	7563
SRR27421013.105092	NC_012152.1	6851
SRR27421013.74865	NC_012152.1	6562
SRR27421013.243399	NC_012152.1	7624
SRR27421013.286849	NC_012152.1	6772
SRR27421013.253779	NC_012152.1	5066
SRR27421013.254080	NC_012152.1	5061
SRR27421013.253636	NC_012152.1	5211
SRR27421013.75965	NC_012152.1	9254
SRR27421013.195680	NC_012152.1	6531
SRR27421013.37694	NC_012152.1	6718
SRR27421013.205971	NC_012152.1	6773
SRR27421013.205205	NC_012152.1	5044
SRR27421013.191299	NC_012152.1	6716
SRR27421013.192442	NC_012152.1	6713
SRR27421013.204507	NC_012152.1	7352
SRR27421013.92782	NC_012152.1	9858
SRR27421013.151653	NC_012152.1	6325
SRR27421013.80328	NC_012152.1	6814
SRR27421013.43630	NC_012152.1	6943
SRR27421013.37950	NC_012152.1	7652
SRR27421013.284033	NC_012152.1	6477
SRR27421013.8071	NC_012152.1	6847
SRR27421013.285183	NC_012152.1	6745
SRR27421013.247504	NC_012152.1	9558
SRR27421013.264481	NC_012152.1	5466
SRR27421013.250420	NC_012152.1	8099
SRR27421013.127865	NC_012152.1	8872
SRR27421013.250419	NC_012152.1	8115
SRR27421013.278474	NC_012152.1	9651
SRR27421013.51030	NC_012152.1	7774
SRR27421013.197118	NC_012152.1	6479
SRR27421013.274339	NC_012152.1	6837
SRR27421013.69038	NC_012152.1	6811
SRR27421013.105552	NC_012152.1	6864
SRR27421013.243599	NC_012152.1	7382
SRR27421013.105256	NC_012152.1	6822
SRR27421013.9839	NC_012152.1	6849
SRR27421013.208902	NC_012152.1	6896
SRR27421013.166568	NC_012152.1	6766
SRR27421013.166444	NC_012152.1	6824
SRR27421013.44683	NC_012152.1	5887
SRR27421013.111218	NC_012152.1	5452
SRR27421013.107134	NC_012152.1	6871
SRR27421013.226785	NC_012152.1	9346
SRR27421013.236397	NC_012152.1	6664
SRR27421013.252652	NC_012152.1	6725
SRR27421013.52766	NC_012152.1	6806
SRR27421013.37110	NC_012152.1	6188
SRR27421013.211658	NC_012152.1	6218
SRR27421013.51565	NC_012152.1	9699
SRR27421013.215770	NC_012152.1	6737
SRR27421013.217065	NC_012152.1	6766
SRR27421013.264927	NC_012152.1	6672
SRR27421013.234605	NC_012152.1	6618
SRR27421013.283743	NC_012152.1	6389
SRR27421013.819	NC_012152.1	7531
SRR27421013.270779	NC_012152.1	8263
SRR27421013.285254	NC_012152.1	8250
SRR27421013.234384	NC_012152.1	6819
SRR27421013.71584	NC_012152.1	6744
SRR27421013.81941	NC_012152.1	6836
SRR27421013.139523	NC_012152.1	6725
SRR27421013.213755	NC_012152.1	9499
SRR27421013.51298	NC_012152.1	6760
SRR27421013.284492	NC_012152.1	6832
SRR27421013.155701	NC_012152.1	6413
SRR27421013.159280	NC_012152.1	6094
SRR27421013.16818	NC_012152.1	6369
SRR27421013.121186	NC_012152.1	8736
SRR27421013.174076	NC_012152.1	7149
SRR27421013.110292	NC_012152.1	6076
SRR27421013.240246	NC_012152.1	8281
SRR27421013.211981	NC_012152.1	6873
SRR27421013.19136	NC_012152.1	6556
SRR27421013.49290	NC_012152.1	7054
SRR27421013.12302	NC_012152.1	9317
SRR27421013.265924	NC_012152.1	7604
SRR27421013.41878	NC_012152.1	5904
SRR27421013.173126	NC_012152.1	5993
SRR27421013.167967	NC_012152.1	7199
SRR27421013.135494	NC_012152.1	6721
SRR27421013.271936	NC_012152.1	6832
SRR27421013.178353	NC_012152.1	6826
SRR27421013.169743	NC_012152.1	8805
SRR27421013.4492	NC_012152.1	6727
SRR27421013.127863	NC_012152.1	8464
SRR27421013.275299	NC_012152.1	5793
SRR27421013.11261	NC_012152.1	6589
SRR27421013.59223	NC_012152.1	6736
SRR27421013.183934	NC_012152.1	6904
SRR27421013.150342	NC_012152.1	8456
SRR27421013.166496	NC_012152.1	6820
SRR27421013.12556	NC_012152.1	6431
SRR27421013.42487	NC_012152.1	6848
SRR27421013.140722	NC_012152.1	6660
SRR27421013.102222	NC_012152.1	6525
SRR27421013.220217	NC_012152.1	9311
SRR27421013.122727	NC_012152.1	9655
SRR27421013.187069	NC_012152.1	9504
SRR27421013.200088	NC_012152.1	18759
SRR27421013.147263	NC_012152.1	8481
SRR27421013.77354	NC_012152.1	6159
SRR27421013.106954	NC_012152.1	6545
SRR27421013.40585	NC_012152.1	13020
SRR27421013.105532	NC_012152.1	6556
SRR27421013.258350	NC_012152.1	9720
SRR27421013.283345	NC_012152.1	6819
SRR27421013.282323	NC_012152.1	6492
SRR27421013.60500	NC_012152.1	6735
SRR27421013.267150	NC_012152.1	8796
SRR27421013.59083	NC_012152.1	6811
SRR27421013.27338	NC_012152.1	7495
SRR27421013.174271	NC_012152.1	6646
SRR27421013.119040	NC_012152.1	9436
SRR27421013.195661	NC_012152.1	6699
SRR27421013.238104	NC_012152.1	6230
SRR27421013.119193	NC_012152.1	9048
SRR27421013.156508	NC_012152.1	6497
SRR27421013.156990	NC_012152.1	6379
SRR27421013.246417	NC_012152.1	6651
SRR27421013.282283	NC_012152.1	6303
SRR27421013.148252	NC_012152.1	5262
SRR27421013.98827	NC_012152.1	7072
SRR27421013.189294	NC_012152.1	6635
SRR27421013.98754	NC_012152.1	7063
SRR27421013.36679	NC_012152.1	9384
SRR27421013.98535	NC_012152.1	7064
SRR27421013.31703	NC_012152.1	8678
SRR27421013.91993	NC_012152.1	8491
SRR27421013.167413	NC_012152.1	6775
SRR27421013.146897	NC_012152.1	6303
SRR27421013.216698	NC_012152.1	6790
SRR27421013.89461	NC_012152.1	6868
SRR27421013.12687	NC_012152.1	6117
SRR27421013.3554	NC_012152.1	6886
SRR27421013.73343	NC_012152.1	6756
SRR27421013.118428	NC_012152.1	8215
SRR27421013.16146	NC_012152.1	6622
SRR27421013.272194	NC_012152.1	9202
SRR27421013.249336	NC_012152.1	7083
SRR27421013.224617	NC_012152.1	17149
SRR27421013.189275	NC_012152.1	7703
SRR27421013.201355	NC_012152.1	8564
SRR27421013.141115	NC_012152.1	5417
SRR27421013.7511	NC_012152.1	6788
SRR27421013.200854	NC_012152.1	8559
SRR27421013.287055	NC_012152.1	6613
SRR27421013.8196	NC_012152.1	7972
SRR27421013.8145	NC_012152.1	7993
SRR27421013.94920	NC_012152.1	7598
SRR27421013.40151	NC_012152.1	6665
SRR27421013.15149	NC_012152.1	6209
SRR27421013.213681	NC_012152.1	7004
SRR27421013.244953	NC_012152.1	7328
SRR27421013.263741	NC_012152.1	7027
SRR27421013.215020	NC_012152.1	7679
SRR27421013.198279	NC_012152.1	5792
SRR27421013.218418	NC_012152.1	6853
SRR27421013.24030	NC_012152.1	17516
SRR27421013.21687	NC_012152.1	6810
SRR27421013.48779	NC_012152.1	8489
SRR27421013.24135	NC_012152.1	6212
SRR27421013.214532	NC_012152.1	6687
SRR27421013.33664	NC_012152.1	6048
SRR27421013.123023	NC_012152.1	6893
SRR27421013.147835	NC_012152.1	6521
SRR27421013.190739	NC_012152.1	6466
SRR27421013.207590	NC_012152.1	6708
SRR27421013.22	NC_012152.1	6017
SRR27421013.264737	NC_012152.1	6834
SRR27421013.127765	NC_012152.1	5892
SRR27421013.62500	NC_012152.1	6300
SRR27421013.94454	NC_012152.1	6674
SRR27421013.75322	NC_012152.1	7814
SRR27421013.52295	NC_012152.1	7537
SRR27421013.134674	NC_012152.1	7347
SRR27421013.47845	NC_012152.1	8195
SRR27421013.19245	NC_012152.1	6607
SRR27421013.58658	NC_012152.1	6389
SRR27421013.199773	NC_012152.1	7703
SRR27421013.26850	NC_012152.1	6773
SRR27421013.75310	NC_012152.1	6407
SRR27421013.194435	NC_012152.1	8024
SRR27421013.65286	NC_012152.1	6342
SRR27421013.105284	NC_012152.1	6255
SRR27421013.93741	NC_012152.1	7073
SRR27421013.5356	NC_012152.1	6641
SRR27421013.5499	NC_012152.1	6802
SRR27421013.122102	NC_012152.1	7090
SRR27421013.184971	NC_012152.1	6905
SRR27421013.11955	NC_012152.1	6748
SRR27421013.159662	NC_012152.1	5254
SRR27421013.16832	NC_012152.1	9882
SRR27421013.155952	NC_012152.1	6945
SRR27421013.181491	NC_012152.1	6053
SRR27421013.221153	NC_012152.1	6354
SRR27421013.222475	NC_012152.1	6457
SRR27421013.139856	NC_012152.1	7679
SRR27421013.214884	NC_012152.1	7095
SRR27421013.201854	NC_012152.1	8540
SRR27421013.240181	NC_012152.1	9283
SRR27421013.133347	NC_012152.1	6327
SRR27421013.61462	NC_012152.1	9740
SRR27421013.21894	NC_012152.1	6828
SRR27421013.70351	NC_012152.1	6506
SRR27421013.246889	NC_012152.1	6581
SRR27421013.192937	NC_012152.1	9756
SRR27421013.276254	NC_012152.1	6905
SRR27421013.276967	NC_012152.1	6966
SRR27421013.245485	NC_012152.1	6564
SRR27421013.125181	NC_012152.1	8244
SRR27421013.225659	NC_012152.1	6800
SRR27421013.140652	NC_012152.1	8660
SRR27421013.136725	NC_012152.1	6437
SRR27421013.208523	NC_012152.1	6884
SRR27421013.190236	NC_012152.1	7422
SRR27421013.20862	NC_012152.1	6828
SRR27421013.199814	NC_012152.1	6011
SRR27421013.110203	NC_012152.1	5353
SRR27421013.113518	NC_012152.1	6608
SRR27421013.156983	NC_012152.1	6667
SRR27421013.165606	NC_012152.1	7872
SRR27421013.165802	NC_012152.1	7868
SRR27421013.223301	NC_012152.1	5864
SRR27421013.49973	NC_012152.1	6450
SRR27421013.87093	NC_012152.1	6810
SRR27421013.165995	NC_012152.1	6506
SRR27421013.44387	NC_012152.1	9685
SRR27421013.277453	NC_012152.1	6014
SRR27421013.27655	NC_012152.1	6775
SRR27421013.39959	NC_012152.1	9036
SRR27421013.230202	NC_012152.1	7492
SRR27421013.199433	NC_012152.1	7935
SRR27421013.145904	NC_012152.1	8197
SRR27421013.146594	NC_012152.1	8181
SRR27421013.217482	NC_012152.1	7033
SRR27421013.3538	NC_012152.1	9353
SRR27421013.196658	NC_012152.1	6152
SRR27421013.96477	NC_012152.1	6701
SRR27421013.200349	NC_012152.1	8012
SRR27421013.133073	NC_012152.1	9266
SRR27421013.204087	NC_012152.1	9938
SRR27421013.33095	NC_012152.1	6379
SRR27421013.8611	NC_012152.1	6525
SRR27421013.54569	NC_012152.1	6628
SRR27421013.141181	NC_012152.1	5979
SRR27421013.242927	NC_012152.1	8504
SRR27421013.257448	NC_012152.1	6730
SRR27421013.95992	NC_012152.1	6775
SRR27421013.97594	NC_012152.1	6916
SRR27421013.206003	NC_012152.1	6718
SRR27421013.72307	NC_012152.1	6916
SRR27421013.207145	NC_012152.1	6417
SRR27421013.261482	NC_012152.1	6473
SRR27421013.204047	NC_012152.1	6697
SRR27421013.6066	NC_012152.1	9598
SRR27421013.95316	NC_012152.1	6277
SRR27421013.15407	NC_012152.1	6069
SRR27421013.236338	NC_012152.1	6595
SRR27421013.125418	NC_012152.1	8341
SRR27421013.83202	NC_012152.1	6196
SRR27421013.82795	NC_012152.1	6168
SRR27421013.80511	NC_012152.1	7804
SRR27421013.91100	NC_012152.1	9868
SRR27421013.167842	NC_012152.1	9691
SRR27421013.255711	NC_012152.1	7448
SRR27421013.28172	NC_012152.1	6639
SRR27421013.77171	NC_012152.1	6862
SRR27421013.222121	NC_012152.1	7212
SRR27421013.225318	NC_012152.1	9590
SRR27421013.80580	NC_012152.1	6629
SRR27421013.80617	NC_012152.1	5829
SRR27421013.212381	NC_012152.1	17493
SRR27421013.7363	NC_012152.1	6696
SRR27421013.5008	NC_012152.1	8628
SRR27421013.185894	NC_012152.1	13501
SRR27421013.187376	NC_012152.1	6374
SRR27421013.251691	NC_012152.1	6885
SRR27421013.95224	NC_012152.1	6084
SRR27421013.80172	NC_012152.1	6711
SRR27421013.144841	NC_012152.1	6638
SRR27421013.47359	NC_012152.1	6499
SRR27421013.51136	NC_012152.1	9797
SRR27421013.157904	NC_012152.1	6502
SRR27421013.274612	NC_012152.1	9517
SRR27421013.126304	NC_012152.1	6875
SRR27421013.92376	NC_012152.1	6853
SRR27421013.128418	NC_012152.1	6323
SRR27421013.29646	NC_012152.1	6606
SRR27421013.272906	NC_012152.1	5932
SRR27421013.25095	NC_012152.1	6793
SRR27421013.158303	NC_012152.1	9051
SRR27421013.209345	NC_012152.1	6776
SRR27421013.79147	NC_012152.1	6040
SRR27421013.188852	NC_012152.1	18307
SRR27421013.200894	NC_012152.1	6015
SRR27421013.274417	NC_012152.1	6557
SRR27421013.9062	NC_012152.1	6772
SRR27421013.6420	NC_012152.1	9094
SRR27421013.272424	NC_012152.1	6679
SRR27421013.151333	NC_012152.1	6896
SRR27421013.3539	NC_012152.1	9126
SRR27421013.69518	NC_012152.1	9328
SRR27421013.168657	NC_012152.1	7461
SRR27421013.99525	NC_012152.1	7650
SRR27421013.133505	NC_012152.1	6655
SRR27421013.97874	NC_012152.1	7855
SRR27421013.260748	NC_012152.1	8287
SRR27421013.178249	NC_012152.1	6379
SRR27421013.198919	NC_012152.1	6728
SRR27421013.57547	NC_012152.1	7383
SRR27421013.166024	NC_012152.1	6607
SRR27421013.133448	NC_012152.1	6573
SRR27421013.57935	NC_012152.1	6911
SRR27421013.109350	NC_012152.1	6442
SRR27421013.123563	NC_012152.1	7959
SRR27421013.124714	NC_012152.1	7985
SRR27421013.168227	NC_012152.1	6694
SRR27421013.106398	NC_012152.1	6576
SRR27421013.148940	NC_012152.1	8217
SRR27421013.189181	NC_012152.1	6799
SRR27421013.192322	NC_012152.1	6773
SRR27421013.247683	NC_012152.1	6741
SRR27421013.67669	NC_012152.1	6679
SRR27421013.167881	NC_012152.1	6684
SRR27421013.83105	NC_012152.1	7311
SRR27421013.148328	NC_012152.1	6705
SRR27421013.258311	NC_012152.1	6588
SRR27421013.167202	NC_012152.1	6841
SRR27421013.168397	NC_012152.1	6814
SRR27421013.11479	NC_012152.1	6581
SRR27421013.34105	NC_012152.1	6904
SRR27421013.259911	NC_012152.1	6571
SRR27421013.151506	NC_012152.1	5441
SRR27421013.285143	NC_012152.1	5930
SRR27421013.250898	NC_012152.1	8380
SRR27421013.97074	NC_012152.1	6613
SRR27421013.123710	NC_012152.1	6145
SRR27421013.58422	NC_012152.1	6528
SRR27421013.263245	NC_012152.1	6817
SRR27421013.151962	NC_012152.1	6836
SRR27421013.23348	NC_012152.1	6612
SRR27421013.47462	NC_012152.1	6726
SRR27421013.177027	NC_012152.1	6253
SRR27421013.49473	NC_012152.1	6740
SRR27421013.88583	NC_012152.1	7502
SRR27421013.3852	NC_012152.1	6623
SRR27421013.80802	NC_012152.1	6065
SRR27421013.25801	NC_012152.1	6829
SRR27421013.23039	NC_012152.1	8979
SRR27421013.48937	NC_012152.1	8977
SRR27421013.29100	NC_012152.1	5937
SRR27421013.135814	NC_012152.1	5810
SRR27421013.144807	NC_012152.1	6306
SRR27421013.36317	NC_012152.1	6552
SRR27421013.278589	NC_012152.1	8596
SRR27421013.252031	NC_012152.1	6610
SRR27421013.187560	NC_012152.1	6977
SRR27421013.84859	NC_012152.1	6555
SRR27421013.186612	NC_012152.1	6983
SRR27421013.202399	NC_012152.1	5644
SRR27421013.285864	NC_012152.1	6520
SRR27421013.92237	NC_012152.1	7266
SRR27421013.50131	NC_012152.1	6059
SRR27421013.71132	NC_012152.1	6849
SRR27421013.12650	NC_012152.1	6747
SRR27421013.236651	NC_012152.1	9516
SRR27421013.224778	NC_012152.1	7446
SRR27421013.240302	NC_012152.1	6153
SRR27421013.23347	NC_012152.1	6555
SRR27421013.68266	NC_012152.1	6994
SRR27421013.233840	NC_012152.1	6937
SRR27421013.184299	NC_012152.1	5999
SRR27421013.155800	NC_012152.1	9442
SRR27421013.144483	NC_012152.1	6816
SRR27421013.257728	NC_012152.1	6774
SRR27421013.257757	NC_012152.1	6818
SRR27421013.260190	NC_012152.1	6084
SRR27421013.39744	NC_012152.1	5056
SRR27421013.216436	NC_012152.1	8309
SRR27421013.120413	NC_012152.1	6913
SRR27421013.205982	NC_012152.1	6272
SRR27421013.200415	NC_012152.1	9626
SRR27421013.231947	NC_012152.1	6816
SRR27421013.138030	NC_012152.1	9702
SRR27421013.56484	NC_012152.1	6835
SRR27421013.12587	NC_012152.1	6213
SRR27421013.421	NC_012152.1	7635
SRR27421013.82228	NC_012152.1	6936
SRR27421013.82463	NC_012152.1	6929
SRR27421013.254601	NC_012152.1	6593
SRR27421013.279120	NC_012152.1	6335
SRR27421013.103881	NC_012152.1	8985
SRR27421013.280321	NC_012152.1	5508
SRR27421013.71630	NC_012152.1	6770
SRR27421013.176276	NC_012152.1	13330
SRR27421013.208665	NC_012152.1	6826
SRR27421013.93258	NC_012152.1	8321
SRR27421013.60372	NC_012152.1	9975
SRR27421013.6021	NC_012152.1	6941
SRR27421013.184021	NC_012152.1	6595
SRR27421013.254821	NC_012152.1	6470
SRR27421013.213067	NC_012152.1	6206
SRR27421013.273428	NC_012152.1	6744
SRR27421013.234814	NC_012152.1	6146
SRR27421013.102532	NC_012152.1	6736
SRR27421013.153774	NC_012152.1	6202
SRR27421013.216791	NC_012152.1	7430
SRR27421013.105834	NC_012152.1	5780
SRR27421013.134062	NC_012152.1	6674
SRR27421013.42671	NC_012152.1	6228
SRR27421013.272989	NC_012152.1	19128
SRR27421013.271928	NC_012152.1	16109
SRR27421013.209776	NC_012152.1	6680
SRR27421013.124003	NC_012152.1	6651
SRR27421013.81191	NC_012152.1	6870
SRR27421013.75790	NC_012152.1	7299
SRR27421013.7869	NC_012152.1	6416
SRR27421013.220264	NC_012152.1	5417
SRR27421013.287480	NC_012152.1	6756
SRR27421013.285109	NC_012152.1	7247
SRR27421013.94736	NC_012152.1	8805
SRR27421013.266395	NC_012152.1	8148
SRR27421013.271878	NC_012152.1	7438
SRR27421013.40560	NC_012152.1	6716
SRR27421013.11936	NC_012152.1	6409
SRR27421013.82224	NC_012152.1	6887
SRR27421013.139802	NC_012152.1	9495
SRR27421013.140091	NC_012152.1	9501
SRR27421013.62753	NC_012152.1	6718
SRR27421013.47762	NC_012152.1	6085
SRR27421013.126437	NC_012152.1	6352
SRR27421013.178135	NC_012152.1	6910
SRR27421013.156993	NC_012152.1	6581
SRR27421013.73441	NC_012152.1	9636
SRR27421013.179759	NC_012152.1	7275
SRR27421013.271729	NC_012152.1	9570
SRR27421013.210563	NC_012152.1	7637
SRR27421013.95539	NC_012152.1	5098
SRR27421013.205334	NC_012152.1	5146
SRR27421013.231028	NC_012152.1	6844
SRR27421013.5631	NC_012152.1	8516
SRR27421013.172158	NC_012152.1	5233
SRR27421013.22135	NC_012152.1	6534
SRR27421013.129483	NC_012152.1	6994
SRR27421013.209393	NC_012152.1	6882
SRR27421013.80459	NC_012152.1	6810
SRR27421013.249330	NC_012152.1	5576
SRR27421013.206543	NC_012152.1	8179
SRR27421013.178939	NC_012152.1	8602
SRR27421013.138129	NC_012152.1	8168
SRR27421013.169317	NC_012152.1	6350
SRR27421013.127205	NC_012152.1	9575
SRR27421013.19718	NC_012152.1	6609
SRR27421013.261125	NC_012152.1	6934
SRR27421013.258997	NC_012152.1	6967
SRR27421013.147443	NC_012152.1	6821
SRR27421013.133478	NC_012152.1	5930
SRR27421013.191484	NC_012152.1	8602
SRR27421013.248136	NC_012152.1	6524
SRR27421013.150565	NC_012152.1	9634
SRR27421013.134926	NC_012152.1	6777
SRR27421013.7136	NC_012152.1	9192
SRR27421013.133414	NC_012152.1	6791
SRR27421013.261835	NC_012152.1	6592
SRR27421013.6205	NC_012152.1	6912
SRR27421013.179546	NC_012152.1	5483
SRR27421013.235178	NC_012152.1	6533
SRR27421013.62010	NC_012152.1	6337
SRR27421013.107375	NC_012152.1	6243
SRR27421013.104000	NC_012152.1	9775
SRR27421013.51371	NC_012152.1	6200
SRR27421013.241039	NC_012152.1	5749
SRR27421013.255149	NC_012152.1	9436
SRR27421013.68014	NC_012152.1	6857
SRR27421013.255274	NC_012152.1	9434
SRR27421013.72489	NC_012152.1	5345
SRR27421013.85565	NC_012152.1	6504
SRR27421013.207178	NC_012152.1	6655
SRR27421013.162432	NC_012152.1	6854
SRR27421013.15084	NC_012152.1	5879
SRR27421013.266231	NC_012152.1	8365
SRR27421013.151364	NC_012152.1	6667
SRR27421013.33704	NC_012152.1	6708
SRR27421013.198364	NC_012152.1	6698
SRR27421013.101267	NC_012152.1	7047
SRR27421013.257321	NC_012152.1	6716
SRR27421013.106744	NC_012152.1	7038
SRR27421013.257488	NC_012152.1	6115
SRR27421013.87879	NC_012152.1	7036
SRR27421013.58085	NC_012152.1	8176
SRR27421013.113581	NC_012152.1	7139
SRR27421013.112525	NC_012152.1	6794
SRR27421013.219282	NC_012152.1	6629
SRR27421013.40814	NC_012152.1	6928
SRR27421013.199278	NC_012152.1	9734
SRR27421013.175443	NC_012152.1	7186
SRR27421013.93095	NC_012152.1	6710
SRR27421013.250179	NC_012152.1	6913
SRR27421013.164922	NC_012152.1	6960
SRR27421013.18381	NC_012152.1	6714
SRR27421013.216539	NC_012152.1	6885
SRR27421013.248101	NC_012152.1	6259
SRR27421013.251057	NC_012152.1	6968
SRR27421013.54972	NC_012152.1	6184
SRR27421013.147130	NC_012152.1	6503
SRR27421013.58998	NC_012152.1	5712
SRR27421013.284012	NC_012152.1	6883
SRR27421013.249028	NC_012152.1	9143
SRR27421013.212053	NC_012152.1	5244
SRR27421013.210673	NC_012152.1	5271
SRR27421013.166616	NC_012152.1	6629
SRR27421013.228752	NC_012152.1	6989
SRR27421013.922	NC_012152.1	6905
SRR27421013.153097	NC_012152.1	6802
SRR27421013.190883	NC_012152.1	6733
SRR27421013.79198	NC_012152.1	6638
SRR27421013.76635	NC_012152.1	6947
SRR27421013.138029	NC_012152.1	8134
SRR27421013.208428	NC_012152.1	6482
SRR27421013.275916	NC_012152.1	6825
SRR27421013.214264	NC_012152.1	6631
SRR27421013.184965	NC_012152.1	6820
SRR27421013.74191	NC_012152.1	9214
SRR27421013.142033	NC_012152.1	6536
SRR27421013.180565	NC_012152.1	6564
SRR27421013.245521	NC_012152.1	6531
SRR27421013.71447	NC_012152.1	9153
SRR27421013.213216	NC_012152.1	6809
SRR27421013.216690	NC_012152.1	5783
SRR27421013.87600	NC_012152.1	7593
SRR27421013.31935	NC_012152.1	9344
SRR27421013.30404	NC_012152.1	9348
SRR27421013.107838	NC_012152.1	7025
SRR27421013.66557	NC_012152.1	6942
SRR27421013.209508	NC_012152.1	7846
SRR27421013.68202	NC_012152.1	6839
SRR27421013.272811	NC_012152.1	6604
SRR27421013.151120	NC_012152.1	7597
SRR27421013.102053	NC_012152.1	5887
SRR27421013.276293	NC_012152.1	7086
SRR27421013.9884	NC_012152.1	9651
SRR27421013.95220	NC_012152.1	8305
SRR27421013.279945	NC_012152.1	5584
SRR27421013.215936	NC_012152.1	7763
SRR27421013.60338	NC_012152.1	9391
SRR27421013.75133	NC_012152.1	8494
SRR27421013.254772	NC_012152.1	6970
SRR27421013.227752	NC_012152.1	6276
SRR27421013.155778	NC_012152.1	6920
SRR27421013.47129	NC_012152.1	5041
SRR27421013.158378	NC_012152.1	6743
SRR27421013.23700	NC_012152.1	6991
SRR27421013.207003	NC_012152.1	6213
SRR27421013.188431	NC_012152.1	6715
SRR27421013.68732	NC_012152.1	6930
SRR27421013.155202	NC_012152.1	5210
SRR27421013.154230	NC_012152.1	5130
SRR27421013.196235	NC_012152.1	5942
SRR27421013.267954	NC_012152.1	6950
SRR27421013.50424	NC_012152.1	6527
SRR27421013.156327	NC_012152.1	5996
SRR27421013.4182	NC_012152.1	6869
SRR27421013.235623	NC_012152.1	5961
SRR27421013.120881	NC_012152.1	8346
SRR27421013.37565	NC_012152.1	9864
SRR27421013.257971	NC_012152.1	6942
SRR27421013.82928	NC_012152.1	7727
SRR27421013.177784	NC_012152.1	6058
SRR27421013.79672	NC_012152.1	6887
SRR27421013.253749	NC_012152.1	5086
SRR27421013.237277	NC_012152.1	9444
SRR27421013.26058	NC_012152.1	6226
SRR27421013.121748	NC_012152.1	7474
SRR27421013.52571	NC_012152.1	6659
SRR27421013.148608	NC_012152.1	6720
SRR27421013.281471	NC_012152.1	13434
SRR27421013.249341	NC_012152.1	7115
SRR27421013.36015	NC_012152.1	6124
SRR27421013.168	NC_012152.1	6058
SRR27421013.57406	NC_012152.1	7049
SRR27421013.163810	NC_012152.1	6825
SRR27421013.186401	NC_012152.1	6515
SRR27421013.223030	NC_012152.1	6725
SRR27421013.281909	NC_012152.1	6857
SRR27421013.193644	NC_012152.1	6715
SRR27421013.253255	NC_012152.1	9518
SRR27421013.238591	NC_012152.1	6707
SRR27421013.105394	NC_012152.1	9550
SRR27421013.122844	NC_012152.1	6906
SRR27421013.111841	NC_012152.1	8603
SRR27421013.196306	NC_012152.1	6744
SRR27421013.18433	NC_012152.1	6728
SRR27421013.53630	NC_012152.1	11529
SRR27421013.152325	NC_012152.1	6841
SRR27421013.86335	NC_012152.1	6605
SRR27421013.198783	NC_012152.1	7055
SRR27421013.114753	NC_012152.1	6782
SRR27421013.125305	NC_012152.1	8163
SRR27421013.25636	NC_012152.1	7196
SRR27421013.284115	NC_012152.1	6210
SRR27421013.62011	NC_012152.1	5295
SRR27421013.60985	NC_012152.1	5277
SRR27421013.241597	NC_012152.1	7026
SRR27421013.160584	NC_012152.1	5692
SRR27421013.258479	NC_012152.1	9439
SRR27421013.46645	NC_012152.1	6600
SRR27421013.213920	NC_012152.1	6732
SRR27421013.191358	NC_012152.1	6604
SRR27421013.236022	NC_012152.1	9611
SRR27421013.4390	NC_012152.1	23334
SRR27421013.16400	NC_012152.1	9454
SRR27421013.57925	NC_012152.1	6762
SRR27421013.68332	NC_012152.1	6834
SRR27421013.94685	NC_012152.1	6354
SRR27421013.205093	NC_012152.1	9593
SRR27421013.128941	NC_012152.1	6291
SRR27421013.83617	NC_012152.1	5550
SRR27421013.126810	NC_012152.1	6944
SRR27421013.243636	NC_012152.1	7995
SRR27421013.247741	NC_012152.1	6835
SRR27421013.284636	NC_012152.1	6466
SRR27421013.170190	NC_012152.1	6923
SRR27421013.244942	NC_012152.1	6788
SRR27421013.95867	NC_012152.1	6682
SRR27421013.173722	NC_012152.1	6806
SRR27421013.130117	NC_012152.1	6867
SRR27421013.77063	NC_012152.1	6998
SRR27421013.53047	NC_012152.1	7787
SRR27421013.190628	NC_012152.1	9416
SRR27421013.140582	NC_012152.1	6161
SRR27421013.123171	NC_012152.1	9284
SRR27421013.6193	NC_012152.1	9391
SRR27421013.207053	NC_012152.1	6673
SRR27421013.69877	NC_012152.1	9521
SRR27421013.259852	NC_012152.1	8205
SRR27421013.222921	NC_012152.1	7114
SRR27421013.132786	NC_012152.1	9202
SRR27421013.165492	NC_012152.1	9165
SRR27421013.272561	NC_012152.1	6326
SRR27421013.206603	NC_012152.1	6666
SRR27421013.127080	NC_012152.1	6694
SRR27421013.177615	NC_012152.1	6697
SRR27421013.206604	NC_012152.1	5426
SRR27421013.137031	NC_012152.1	5616
SRR27421013.201773	NC_012152.1	9096
SRR27421013.234661	NC_012152.1	7267
SRR27421013.266785	NC_012152.1	6657
SRR27421013.148464	NC_012152.1	6392
SRR27421013.187731	NC_012152.1	9624
SRR27421013.287198	NC_012152.1	9295
SRR27421013.52855	NC_012152.1	6517
SRR27421013.61650	NC_012152.1	6745
SRR27421013.137689	NC_012152.1	12893
SRR27421013.202780	NC_012152.1	7330
SRR27421013.143842	NC_012152.1	5483
SRR27421013.198445	NC_012152.1	6907
SRR27421013.12611	NC_012152.1	6813
SRR27421013.208658	NC_012152.1	6778
SRR27421013.12347	NC_012152.1	6814
SRR27421013.141887	NC_012152.1	6614
SRR27421013.254117	NC_012152.1	6537
SRR27421013.253500	NC_012152.1	6669
SRR27421013.54705	NC_012152.1	6586
SRR27421013.260225	NC_012152.1	7257
SRR27421013.248278	NC_012152.1	6816
SRR27421013.251721	NC_012152.1	6611
SRR27421013.246084	NC_012152.1	6808
SRR27421013.128571	NC_012152.1	6764
SRR27421013.51117	NC_012152.1	8335
SRR27421013.205928	NC_012152.1	6770
SRR27421013.53238	NC_012152.1	8328
SRR27421013.85382	NC_012152.1	6001
SRR27421013.160641	NC_012152.1	6904
SRR27421013.64439	NC_012152.1	6007
SRR27421013.241346	NC_012152.1	6099
SRR27421013.170249	NC_012152.1	10310
SRR27421013.9123	NC_012152.1	5195
SRR27421013.222387	NC_012152.1	6506
SRR27421013.69524	NC_012152.1	6910
SRR27421013.202222	NC_012152.1	6281
SRR27421013.72853	NC_012152.1	9464
SRR27421013.32324	NC_012152.1	6828
SRR27421013.210937	NC_012152.1	7714
SRR27421013.276931	NC_012152.1	5992
SRR27421013.72249	NC_012152.1	9492
SRR27421013.77401	NC_012152.1	7839
SRR27421013.78687	NC_012152.1	6630
SRR27421013.234532	NC_012152.1	6671
SRR27421013.194531	NC_012152.1	9721
SRR27421013.63496	NC_012152.1	9704
SRR27421013.191610	NC_012152.1	6651
SRR27421013.6538	NC_012152.1	7154
SRR27421013.68113	NC_012152.1	7702
SRR27421013.203870	NC_012152.1	6584
SRR27421013.164219	NC_012152.1	9718
SRR27421013.152572	NC_012152.1	6652
SRR27421013.209580	NC_012152.1	9425
SRR27421013.209591	NC_012152.1	8293
SRR27421013.266875	NC_012152.1	6740
SRR27421013.250324	NC_012152.1	6583
SRR27421013.225854	NC_012152.1	9904
SRR27421013.162832	NC_012152.1	9767
SRR27421013.167576	NC_012152.1	7416
SRR27421013.178106	NC_012152.1	7177
SRR27421013.5201	NC_012152.1	6948
SRR27421013.19522	NC_012152.1	6166
SRR27421013.17933	NC_012152.1	6176
SRR27421013.172972	NC_012152.1	7950
SRR27421013.17404	NC_012152.1	6776
SRR27421013.167307	NC_012152.1	6648
SRR27421013.106773	NC_012152.1	5780
SRR27421013.283369	NC_012152.1	6944
SRR27421013.36841	NC_012152.1	7439
SRR27421013.91067	NC_012152.1	5914
SRR27421013.145579	NC_012152.1	8595
SRR27421013.198283	NC_012152.1	7019
SRR27421013.141180	NC_012152.1	6756
SRR27421013.216104	NC_012152.1	9513
SRR27421013.22394	NC_012152.1	7003
SRR27421013.6815	NC_012152.1	12788
SRR27421013.12101	NC_012152.1	5446
SRR27421013.216103	NC_012152.1	9038
SRR27421013.205214	NC_012152.1	6693
SRR27421013.127299	NC_012152.1	6523
SRR27421013.29951	NC_012152.1	9774
SRR27421013.9508	NC_012152.1	6540
SRR27421013.155080	NC_012152.1	7095
SRR27421013.167466	NC_012152.1	6206
SRR27421013.108625	NC_012152.1	6770
SRR27421013.264265	NC_012152.1	7063
SRR27421013.48236	NC_012152.1	7114
SRR27421013.81651	NC_012152.1	9462
SRR27421013.195536	NC_012152.1	7255
SRR27421013.59267	NC_012152.1	7440
SRR27421013.279676	NC_012152.1	7122
SRR27421013.1345	NC_012152.1	7591
SRR27421013.169585	NC_012152.1	9431
SRR27421013.257590	NC_012152.1	8445
SRR27421013.36881	NC_012152.1	6867
SRR27421013.122126	NC_012152.1	5702
SRR27421013.205643	NC_012152.1	6621
SRR27421013.114507	NC_012152.1	5649
SRR27421013.119688	NC_012152.1	6773
SRR27421013.150402	NC_012152.1	6133
SRR27421013.244764	NC_012152.1	6262
SRR27421013.203533	NC_012152.1	6814
SRR27421013.124322	NC_012152.1	6819
SRR27421013.284376	NC_012152.1	7080
SRR27421013.131843	NC_012152.1	6236
SRR27421013.1841	NC_012152.1	10066
SRR27421013.29001	NC_012152.1	6597
SRR27421013.28263	NC_012152.1	6597
SRR27421013.111693	NC_012152.1	13979
SRR27421013.52875	NC_012152.1	5784
SRR27421013.93763	NC_012152.1	6723
SRR27421013.275887	NC_012152.1	6753
SRR27421013.188723	NC_012152.1	6882
SRR27421013.62064	NC_012152.1	6933
SRR27421013.62569	NC_012152.1	6967
SRR27421013.51731	NC_012152.1	5858
SRR27421013.164130	NC_012152.1	6687
SRR27421013.141804	NC_012152.1	6744
SRR27421013.125283	NC_012152.1	8164
SRR27421013.270899	NC_012152.1	5065
SRR27421013.236310	NC_012152.1	7995
SRR27421013.130526	NC_012152.1	9436
SRR27421013.235383	NC_012152.1	7026
SRR27421013.258713	NC_012152.1	8350
SRR27421013.39932	NC_012152.1	6547
SRR27421013.142180	NC_012152.1	6141
SRR27421013.141986	NC_012152.1	6115
SRR27421013.78233	NC_012152.1	6413
SRR27421013.80882	NC_012152.1	7143
SRR27421013.62710	NC_012152.1	9203
SRR27421013.267910	NC_012152.1	7006
SRR27421013.170890	NC_012152.1	9203
SRR27421013.147124	NC_012152.1	6726
SRR27421013.50668	NC_012152.1	6634
SRR27421013.158488	NC_012152.1	7051
SRR27421013.97131	NC_012152.1	6735
SRR27421013.127235	NC_012152.1	6029
SRR27421013.93912	NC_012152.1	6572
SRR27421013.121537	NC_012152.1	6793
SRR27421013.192623	NC_012152.1	9284
SRR27421013.50359	NC_012152.1	6539
SRR27421013.187907	NC_012152.1	6701
SRR27421013.59217	NC_012152.1	6051
SRR27421013.256136	NC_012152.1	5703
SRR27421013.182588	NC_012152.1	6600
SRR27421013.125021	NC_012152.1	9536
SRR27421013.226645	NC_012152.1	6725
SRR27421013.9819	NC_012152.1	6792
SRR27421013.238384	NC_012152.1	6704
SRR27421013.253370	NC_012152.1	9075
SRR27421013.146175	NC_012152.1	6894
SRR27421013.249176	NC_012152.1	6377
SRR27421013.38808	NC_012152.1	8658
SRR27421013.22246	NC_012152.1	6750
SRR27421013.171087	NC_012152.1	6610
SRR27421013.214367	NC_012152.1	7394
SRR27421013.250995	NC_012152.1	6492
SRR27421013.230881	NC_012152.1	6764
SRR27421013.148637	NC_012152.1	9491
SRR27421013.78154	NC_012152.1	9002
SRR27421013.223664	NC_012152.1	6583
SRR27421013.162578	NC_012152.1	8181
SRR27421013.73927	NC_012152.1	6751
SRR27421013.216149	NC_012152.1	6735
SRR27421013.67818	NC_012152.1	8269
SRR27421013.129302	NC_012152.1	6177
SRR27421013.206692	NC_012152.1	7827
SRR27421013.164085	NC_012152.1	8198
SRR27421013.246299	NC_012152.1	6665
SRR27421013.96223	NC_012152.1	6988
SRR27421013.266011	NC_012152.1	7365
SRR27421013.5245	NC_012152.1	6996
SRR27421013.71794	NC_012152.1	11636
SRR27421013.252053	NC_012152.1	9746
SRR27421013.78712	NC_012152.1	6719
SRR27421013.34916	NC_012152.1	9117
SRR27421013.235075	NC_012152.1	5955
SRR27421013.203300	NC_012152.1	7791
SRR27421013.116665	NC_012152.1	9080
SRR27421013.167058	NC_012152.1	6665
SRR27421013.28230	NC_012152.1	7274
SRR27421013.82271	NC_012152.1	6836
SRR27421013.25069	NC_012152.1	7633
SRR27421013.62729	NC_012152.1	7017
SRR27421013.209654	NC_012152.1	6569
SRR27421013.27336	NC_012152.1	9759
SRR27421013.198745	NC_012152.1	6251
SRR27421013.100402	NC_012152.1	6890
SRR27421013.186083	NC_012152.1	6062
SRR27421013.41122	NC_012152.1	6574
SRR27421013.187506	NC_012152.1	6481
SRR27421013.188516	NC_012152.1	6458
SRR27421013.253405	NC_012152.1	8152
SRR27421013.112134	NC_012152.1	6628
SRR27421013.243767	NC_012152.1	6620
SRR27421013.260228	NC_012152.1	7088
SRR27421013.6258	NC_012152.1	6789
SRR27421013.241460	NC_012152.1	6521
SRR27421013.21683	NC_012152.1	6950
SRR27421013.38470	NC_012152.1	6879
SRR27421013.158538	NC_012152.1	5979
SRR27421013.128110	NC_012152.1	8260
SRR27421013.186013	NC_012152.1	8520
SRR27421013.170587	NC_012152.1	5243
SRR27421013.191316	NC_012152.1	6373
SRR27421013.12182	NC_012152.1	6917
SRR27421013.107813	NC_012152.1	6959
SRR27421013.151690	NC_012152.1	6876
SRR27421013.102178	NC_012152.1	9623
SRR27421013.167784	NC_012152.1	6804
SRR27421013.16064	NC_012152.1	7890
SRR27421013.180065	NC_012152.1	8182
SRR27421013.94526	NC_012152.1	6718
SRR27421013.91596	NC_012152.1	6692
SRR27421013.41493	NC_012152.1	8027
SRR27421013.279712	NC_012152.1	5326
SRR27421013.72201	NC_012152.1	6744
SRR27421013.144907	NC_012152.1	6361
SRR27421013.200323	NC_012152.1	6481
SRR27421013.247776	NC_012152.1	9335
SRR27421013.277398	NC_012152.1	6316
SRR27421013.125411	NC_012152.1	7031
SRR27421013.126705	NC_012152.1	6455
SRR27421013.260760	NC_012152.1	6944
SRR27421013.172944	NC_012152.1	6723
SRR27421013.204140	NC_012152.1	6263
SRR27421013.278864	NC_012152.1	6283
SRR27421013.270335	NC_012152.1	6141
SRR27421013.101602	NC_012152.1	7079
SRR27421013.170395	NC_012152.1	6559
SRR27421013.235270	NC_012152.1	6672
SRR27421013.181627	NC_012152.1	9061
SRR27421013.1616	NC_012152.1	6722
SRR27421013.251398	NC_012152.1	9153
SRR27421013.88818	NC_012152.1	7445
SRR27421013.149201	NC_012152.1	6779
SRR27421013.178806	NC_012152.1	6745
SRR27421013.48879	NC_012152.1	6127
SRR27421013.176127	NC_012152.1	6536
SRR27421013.279443	NC_012152.1	6664
SRR27421013.157326	NC_012152.1	7529
SRR27421013.59991	NC_012152.1	7008
SRR27421013.93857	NC_012152.1	6669
SRR27421013.243725	NC_012152.1	6733
SRR27421013.80288	NC_012152.1	6028
SRR27421013.80962	NC_012152.1	6398
SRR27421013.67134	NC_012152.1	6841
SRR27421013.42430	NC_012152.1	7438
SRR27421013.4117	NC_012152.1	7966
SRR27421013.85609	NC_012152.1	5797
SRR27421013.226688	NC_012152.1	6742
SRR27421013.166818	NC_012152.1	5606
SRR27421013.234248	NC_012152.1	5825
SRR27421013.169609	NC_012152.1	6906
SRR27421013.53521	NC_012152.1	7250
SRR27421013.122866	NC_012152.1	7038
SRR27421013.228139	NC_012152.1	7043
SRR27421013.267807	NC_012152.1	6944
SRR27421013.278457	NC_012152.1	9365
SRR27421013.231801	NC_012152.1	5798
SRR27421013.206126	NC_012152.1	6779
SRR27421013.236617	NC_012152.1	6397
SRR27421013.75953	NC_012152.1	6788
SRR27421013.237556	NC_012152.1	6380
SRR27421013.124287	NC_012152.1	6971
SRR27421013.234793	NC_012152.1	7269
SRR27421013.9448	NC_012152.1	6829
SRR27421013.131485	NC_012152.1	7046
SRR27421013.238590	NC_012152.1	5926
SRR27421013.60433	NC_012152.1	6187
SRR27421013.80059	NC_012152.1	6795
SRR27421013.254886	NC_012152.1	6137
SRR27421013.97194	NC_012152.1	7040
SRR27421013.217112	NC_012152.1	5848
SRR27421013.79951	NC_012152.1	6766
SRR27421013.72347	NC_012152.1	6000
SRR27421013.71317	NC_012152.1	8359
SRR27421013.182384	NC_012152.1	6524
SRR27421013.82439	NC_012152.1	6038
SRR27421013.210336	NC_012152.1	6800
SRR27421013.267561	NC_012152.1	6842
SRR27421013.124129	NC_012152.1	6484
SRR27421013.28931	NC_012152.1	9827
SRR27421013.139273	NC_012152.1	6713
SRR27421013.134327	NC_012152.1	6900
SRR27421013.120801	NC_012152.1	6805
SRR27421013.106511	NC_012152.1	5462
SRR27421013.103770	NC_012152.1	6772
SRR27421013.97925	NC_012152.1	6869
SRR27421013.218861	NC_012152.1	6889
SRR27421013.253113	NC_012152.1	6335
SRR27421013.23166	NC_012152.1	5189
SRR27421013.192725	NC_012152.1	9960
SRR27421013.140908	NC_012152.1	7894
SRR27421013.78827	NC_012152.1	7076
SRR27421013.144199	NC_012152.1	6923
SRR27421013.259727	NC_012152.1	8339
SRR27421013.215758	NC_012152.1	6477
SRR27421013.269734	NC_012152.1	7574
SRR27421013.36011	NC_012152.1	8138
SRR27421013.222599	NC_012152.1	6269
SRR27421013.218427	NC_012152.1	6741
SRR27421013.272375	NC_012152.1	6574
SRR27421013.235434	NC_012152.1	6859
SRR27421013.27076	NC_012152.1	7502
SRR27421013.235120	NC_012152.1	6557
SRR27421013.209674	NC_012152.1	6725
SRR27421013.252883	NC_012152.1	6894
SRR27421013.287466	NC_012152.1	5916
SRR27421013.284652	NC_012152.1	6914
SRR27421013.78772	NC_012152.1	6663
SRR27421013.192376	NC_012152.1	8924
SRR27421013.37802	NC_012152.1	5037
SRR27421013.71873	NC_012152.1	6432
SRR27421013.208692	NC_012152.1	6726
SRR27421013.72068	NC_012152.1	6474
SRR27421013.166017	NC_012152.1	6552
SRR27421013.282647	NC_012152.1	6785
SRR27421013.214323	NC_012152.1	7397
SRR27421013.259061	NC_012152.1	6776
SRR27421013.268201	NC_012152.1	6675
SRR27421013.83679	NC_012152.1	6634
SRR27421013.177837	NC_012152.1	6904
SRR27421013.143796	NC_012152.1	5247
SRR27421013.210867	NC_012152.1	6712
SRR27421013.280347	NC_012152.1	6053
SRR27421013.203442	NC_012152.1	15464
SRR27421013.183479	NC_012152.1	6567
SRR27421013.121046	NC_012152.1	6670
SRR27421013.274461	NC_012152.1	7152
SRR27421013.12529	NC_012152.1	6813
SRR27421013.163022	NC_012152.1	5916
SRR27421013.137188	NC_012152.1	5509
SRR27421013.73296	NC_012152.1	6532
SRR27421013.163089	NC_012152.1	7876
SRR27421013.247378	NC_012152.1	6983
SRR27421013.90520	NC_012152.1	9343
SRR27421013.8958	NC_012152.1	19893
SRR27421013.120412	NC_012152.1	6625
SRR27421013.261294	NC_012152.1	8340
SRR27421013.241360	NC_012152.1	7810
SRR27421013.123731	NC_012152.1	6888
SRR27421013.244194	NC_012152.1	6930
SRR27421013.199669	NC_012152.1	7035
SRR27421013.261023	NC_012152.1	6807
SRR27421013.140941	NC_012152.1	7943
SRR27421013.201869	NC_012152.1	9447
SRR27421013.113167	NC_012152.1	6672
SRR27421013.271946	NC_012152.1	5824
SRR27421013.139846	NC_012152.1	6547
SRR27421013.121256	NC_012152.1	16074
SRR27421013.104156	NC_012152.1	6860
SRR27421013.240883	NC_012152.1	6794
SRR27421013.197842	NC_012152.1	6494
SRR27421013.9948	NC_012152.1	8902
SRR27421013.60355	NC_012152.1	7611
SRR27421013.254506	NC_012152.1	6727
SRR27421013.208241	NC_012152.1	6657
SRR27421013.85542	NC_012152.1	6698
SRR27421013.261780	NC_012152.1	5780
SRR27421013.77488	NC_012152.1	7573
SRR27421013.168899	NC_012152.1	7948
SRR27421013.9339	NC_012152.1	6409
SRR27421013.32649	NC_012152.1	6220
SRR27421013.275082	NC_012152.1	6645
SRR27421013.200192	NC_012152.1	6696
SRR27421013.205906	NC_012152.1	6688
SRR27421013.110133	NC_012152.1	7797
SRR27421013.199110	NC_012152.1	6637
SRR27421013.198868	NC_012152.1	6729
SRR27421013.146259	NC_012152.1	6120
SRR27421013.38463	NC_012152.1	6510
SRR27421013.256052	NC_012152.1	5425
SRR27421013.37825	NC_012152.1	6614
SRR27421013.160821	NC_012152.1	6453
SRR27421013.240750	NC_012152.1	6790
SRR27421013.34165	NC_012152.1	6101
SRR27421013.22291	NC_012152.1	6526
SRR27421013.96280	NC_012152.1	6089
SRR27421013.67177	NC_012152.1	9603
SRR27421013.167099	NC_012152.1	7332
SRR27421013.170887	NC_012152.1	5800
SRR27421013.1931	NC_012152.1	6638
SRR27421013.55350	NC_012152.1	6397
SRR27421013.125335	NC_012152.1	13466
SRR27421013.273296	NC_012152.1	5533
SRR27421013.207254	NC_012152.1	6833
SRR27421013.138119	NC_012152.1	7479
SRR27421013.78093	NC_012152.1	17469
SRR27421013.97129	NC_012152.1	7009
SRR27421013.170522	NC_012152.1	6534
SRR27421013.240488	NC_012152.1	6429
SRR27421013.211354	NC_012152.1	6749
SRR27421013.87070	NC_012152.1	6290
SRR27421013.107970	NC_012152.1	9623
SRR27421013.117846	NC_012152.1	9214
SRR27421013.248499	NC_012152.1	6516
SRR27421013.124850	NC_012152.1	6599
SRR27421013.206529	NC_012152.1	6810
SRR27421013.245758	NC_012152.1	6852
SRR27421013.182114	NC_012152.1	9710
SRR27421013.140879	NC_012152.1	6845
SRR27421013.203896	NC_012152.1	6719
SRR27421013.21340	NC_012152.1	8572
SRR27421013.63759	NC_012152.1	6894
SRR27421013.615	NC_012152.1	7036
SRR27421013.50138	NC_012152.1	6224
SRR27421013.203137	NC_012152.1	8961
SRR27421013.27085	NC_012152.1	6428
SRR27421013.282090	NC_012152.1	5902
SRR27421013.35251	NC_012152.1	6726
SRR27421013.222315	NC_012152.1	6729
SRR27421013.232623	NC_012152.1	7031
SRR27421013.180528	NC_012152.1	5988
SRR27421013.101909	NC_012152.1	7276
SRR27421013.27078	NC_012152.1	8949
SRR27421013.135826	NC_012152.1	9571
SRR27421013.62481	NC_012152.1	6753
SRR27421013.146915	NC_012152.1	7388
SRR27421013.194701	NC_012152.1	13625
SRR27421013.230907	NC_012152.1	12293
SRR27421013.243928	NC_012152.1	6564
SRR27421013.26475	NC_012152.1	8038
SRR27421013.196284	NC_012152.1	6669
SRR27421013.198086	NC_012152.1	8429
SRR27421013.88460	NC_012152.1	7137
SRR27421013.198033	NC_012152.1	8343
SRR27421013.72495	NC_012152.1	9473
SRR27421013.171919	NC_012152.1	6686
SRR27421013.148458	NC_012152.1	6886
SRR27421013.270002	NC_012152.1	6671
SRR27421013.274523	NC_012152.1	6185
SRR27421013.188273	NC_012152.1	7367
SRR27421013.132757	NC_012152.1	6623
SRR27421013.122526	NC_012152.1	6191
SRR27421013.29927	NC_012152.1	15677
SRR27421013.74615	NC_012152.1	6693
SRR27421013.215554	NC_012152.1	5493
SRR27421013.53696	NC_012152.1	6908
SRR27421013.163261	NC_012152.1	6410
SRR27421013.138458	NC_012152.1	5712
SRR27421013.115018	NC_012152.1	6758
SRR27421013.48829	NC_012152.1	5366
SRR27421013.48794	NC_012152.1	7528
SRR27421013.195211	NC_012152.1	6321
SRR27421013.64026	NC_012152.1	5130
SRR27421013.193983	NC_012152.1	6092
SRR27421013.246801	NC_012152.1	6298
SRR27421013.68735	NC_012152.1	8587
SRR27421013.125732	NC_012152.1	6437
SRR27421013.146670	NC_012152.1	6813
SRR27421013.122530	NC_012152.1	7087
SRR27421013.249626	NC_012152.1	9804
SRR27421013.178433	NC_012152.1	6673
SRR27421013.191786	NC_012152.1	7077
SRR27421013.161346	NC_012152.1	6123
SRR27421013.126530	NC_012152.1	8341
SRR27421013.4247	NC_012152.1	5976
SRR27421013.31109	NC_012152.1	9386
SRR27421013.125429	NC_012152.1	8308
SRR27421013.223836	NC_012152.1	7823
SRR27421013.132273	NC_012152.1	6118
SRR27421013.209804	NC_012152.1	6790
SRR27421013.215781	NC_012152.1	6098
SRR27421013.80470	NC_012152.1	6700
SRR27421013.235198	NC_012152.1	7174
SRR27421013.133156	NC_012152.1	7028
SRR27421013.222794	NC_012152.1	6994
SRR27421013.106703	NC_012152.1	5936
SRR27421013.29502	NC_012152.1	6449
SRR27421013.207424	NC_012152.1	7343
SRR27421013.82107	NC_012152.1	6956
SRR27421013.156880	NC_012152.1	7177
SRR27421013.181449	NC_012152.1	6572
SRR27421013.252569	NC_012152.1	7293
SRR27421013.29640	NC_012152.1	8080
SRR27421013.274131	NC_012152.1	7259
SRR27421013.145315	NC_012152.1	6702
SRR27421013.235186	NC_012152.1	6687
SRR27421013.268236	NC_012152.1	7022
SRR27421013.269038	NC_012152.1	9529
SRR27421013.163711	NC_012152.1	6105
SRR27421013.248726	NC_012152.1	6653
SRR27421013.248665	NC_012152.1	6644
SRR27421013.62103	NC_012152.1	7065
SRR27421013.74246	NC_012152.1	6907
SRR27421013.120352	NC_012152.1	6743
SRR27421013.201171	NC_012152.1	6917
SRR27421013.156274	NC_012152.1	9606
SRR27421013.234163	NC_012152.1	6400
SRR27421013.10277	NC_012152.1	7493
SRR27421013.172827	NC_012152.1	6441
SRR27421013.279632	NC_012152.1	5874
SRR27421013.52466	NC_012152.1	7288
SRR27421013.24663	NC_012152.1	6915
SRR27421013.213838	NC_012152.1	5162
SRR27421013.94968	NC_012152.1	6434
SRR27421013.162771	NC_012152.1	5586
SRR27421013.61554	NC_012152.1	6960
SRR27421013.224807	NC_012152.1	6618
SRR27421013.23637	NC_012152.1	6906
SRR27421013.285642	NC_012152.1	6835
SRR27421013.257433	NC_012152.1	8544
SRR27421013.219801	NC_012152.1	6997
SRR27421013.30638	NC_012152.1	6625
SRR27421013.16546	NC_012152.1	7756
SRR27421013.19640	NC_012152.1	6546
SRR27421013.8187	NC_012152.1	16169
SRR27421013.181700	NC_012152.1	5141
SRR27421013.286625	NC_012152.1	6257
SRR27421013.205740	NC_012152.1	6649
SRR27421013.258597	NC_012152.1	7050
SRR27421013.205698	NC_012152.1	6797
SRR27421013.17150	NC_012152.1	6877
SRR27421013.27727	NC_012152.1	8463
SRR27421013.254681	NC_012152.1	6663
SRR27421013.109856	NC_012152.1	7563
SRR27421013.89761	NC_012152.1	7194
SRR27421013.74800	NC_012152.1	6833
SRR27421013.228588	NC_012152.1	8109
SRR27421013.58846	NC_012152.1	6764
SRR27421013.218680	NC_012152.1	9500
SRR27421013.160783	NC_012152.1	6725
SRR27421013.88739	NC_012152.1	8580
SRR27421013.164995	NC_012152.1	6998
SRR27421013.247722	NC_012152.1	9423
SRR27421013.79100	NC_012152.1	6459
SRR27421013.174475	NC_012152.1	7364
SRR27421013.52167	NC_012152.1	7402
SRR27421013.242550	NC_012152.1	6007
SRR27421013.239519	NC_012152.1	9444
SRR27421013.180284	NC_012152.1	6728
SRR27421013.233794	NC_012152.1	17172
SRR27421013.119420	NC_012152.1	9570
SRR27421013.286733	NC_012152.1	13089
SRR27421013.111788	NC_012152.1	6889
SRR27421013.79541	NC_012152.1	6481
SRR27421013.220640	NC_012152.1	6716
SRR27421013.166528	NC_012152.1	5057
SRR27421013.181904	NC_012152.1	6654
SRR27421013.185177	NC_012152.1	6858
SRR27421013.74570	NC_012152.1	6645
SRR27421013.77484	NC_012152.1	6547
SRR27421013.86217	NC_012152.1	5594
SRR27421013.210088	NC_012152.1	6959
SRR27421013.249884	NC_012152.1	5267
SRR27421013.254572	NC_012152.1	6783
SRR27421013.75632	NC_012152.1	6711
SRR27421013.43286	NC_012152.1	6695
SRR27421013.207984	NC_012152.1	6750
SRR27421013.157721	NC_012152.1	8172
SRR27421013.278267	NC_012152.1	9416
SRR27421013.191052	NC_012152.1	8488
SRR27421013.79286	NC_012152.1	6030
SRR27421013.277555	NC_012152.1	9264
SRR27421013.160654	NC_012152.1	6717
SRR27421013.106900	NC_012152.1	7057
SRR27421013.246768	NC_012152.1	6643
SRR27421013.161317	NC_012152.1	6746
SRR27421013.136924	NC_012152.1	6329
SRR27421013.74873	NC_012152.1	6834
SRR27421013.191361	NC_012152.1	10044
SRR27421013.204644	NC_012152.1	6831
SRR27421013.215157	NC_012152.1	6854
SRR27421013.249570	NC_012152.1	6829
SRR27421013.181205	NC_012152.1	6678
SRR27421013.54420	NC_012152.1	6865
SRR27421013.16031	NC_012152.1	6678
SRR27421013.15299	NC_012152.1	6684
SRR27421013.50471	NC_012152.1	5969
SRR27421013.265507	NC_012152.1	6834
SRR27421013.24242	NC_012152.1	6854
SRR27421013.273911	NC_012152.1	6885
SRR27421013.121942	NC_012152.1	12739
SRR27421013.110030	NC_012152.1	6786
SRR27421013.33836	NC_012152.1	6259
SRR27421013.105602	NC_012152.1	6694
SRR27421013.4236	NC_012152.1	6901
SRR27421013.210029	NC_012152.1	12311
SRR27421013.14265	NC_012152.1	6195
SRR27421013.158492	NC_012152.1	6987
SRR27421013.220845	NC_012152.1	9063
SRR27421013.171168	NC_012152.1	7817
SRR27421013.130128	NC_012152.1	6592
SRR27421013.219591	NC_012152.1	13137
SRR27421013.130947	NC_012152.1	8599
SRR27421013.71608	NC_012152.1	9149
SRR27421013.106655	NC_012152.1	6673
SRR27421013.189735	NC_012152.1	6831
SRR27421013.98773	NC_012152.1	8765
SRR27421013.277263	NC_012152.1	8031
SRR27421013.131927	NC_012152.1	6988
SRR27421013.275040	NC_012152.1	8023
SRR27421013.143671	NC_012152.1	8707
SRR27421013.175505	NC_012152.1	6716
SRR27421013.163903	NC_012152.1	5972
SRR27421013.46811	NC_012152.1	6635
SRR27421013.234048	NC_012152.1	9274
SRR27421013.189092	NC_012152.1	6474
SRR27421013.49319	NC_012152.1	6732
SRR27421013.206643	NC_012152.1	5187
SRR27421013.237438	NC_012152.1	6686
SRR27421013.126712	NC_012152.1	6704
SRR27421013.245957	NC_012152.1	8099
SRR27421013.2869	NC_012152.1	6837
SRR27421013.1820	NC_012152.1	6832
SRR27421013.165477	NC_012152.1	6330
SRR27421013.254535	NC_012152.1	10212
SRR27421013.161819	NC_012152.1	6643
SRR27421013.34963	NC_012152.1	8130
SRR27421013.88058	NC_012152.1	6965
SRR27421013.79992	NC_012152.1	6446
SRR27421013.30153	NC_012152.1	6786
SRR27421013.244767	NC_012152.1	6305
SRR27421013.281330	NC_012152.1	8061
SRR27421013.280817	NC_012152.1	6569
SRR27421013.42886	NC_012152.1	5425
SRR27421013.50489	NC_012152.1	9596
SRR27421013.28564	NC_012152.1	9298
SRR27421013.224845	NC_012152.1	5301
SRR27421013.26775	NC_012152.1	9450
SRR27421013.104430	NC_012152.1	8589
SRR27421013.172779	NC_012152.1	6933
SRR27421013.246844	NC_012152.1	6517
SRR27421013.54913	NC_012152.1	8726
SRR27421013.239819	NC_012152.1	9562
SRR27421013.31024	NC_012152.1	9418
SRR27421013.163437	NC_012152.1	6734
SRR27421013.21714	NC_012152.1	6873
SRR27421013.126832	NC_012152.1	6745
SRR27421013.126926	NC_012152.1	6727
SRR27421013.130942	NC_012152.1	6772
SRR27421013.121194	NC_012152.1	7413
SRR27421013.19020	NC_012152.1	7886
SRR27421013.200674	NC_012152.1	5162
SRR27421013.203621	NC_012152.1	6932
SRR27421013.165296	NC_012152.1	7596
SRR27421013.36389	NC_012152.1	6680
SRR27421013.78560	NC_012152.1	5269
SRR27421013.250700	NC_012152.1	6716
SRR27421013.250720	NC_012152.1	6727
SRR27421013.117105	NC_012152.1	6889
SRR27421013.101385	NC_012152.1	6809
SRR27421013.141659	NC_012152.1	6639
SRR27421013.8576	NC_012152.1	5122
SRR27421013.87576	NC_012152.1	5675
SRR27421013.223315	NC_012152.1	7620
SRR27421013.255770	NC_012152.1	6590
SRR27421013.282545	NC_012152.1	6850
SRR27421013.126092	NC_012152.1	6675
SRR27421013.239123	NC_012152.1	5879
SRR27421013.67960	NC_012152.1	6901
SRR27421013.281270	NC_012152.1	5341
SRR27421013.176899	NC_012152.1	6277
SRR27421013.249133	NC_012152.1	7139
SRR27421013.81496	NC_012152.1	6865
SRR27421013.21864	NC_012152.1	6691
SRR27421013.202603	NC_012152.1	5885
SRR27421013.245638	NC_012152.1	6814
SRR27421013.245530	NC_012152.1	6812
SRR27421013.105202	NC_012152.1	9505
SRR27421013.103251	NC_012152.1	8251
SRR27421013.44861	NC_012152.1	6741
SRR27421013.91773	NC_012152.1	7156
SRR27421013.32539	NC_012152.1	6489
SRR27421013.287839	NC_012152.1	9978
SRR27421013.238587	NC_012152.1	9680
SRR27421013.127842	NC_012152.1	6743
SRR27421013.260802	NC_012152.1	6774
SRR27421013.276383	NC_012152.1	9052
SRR27421013.251944	NC_012152.1	6762
SRR27421013.280386	NC_012152.1	5898
SRR27421013.277006	NC_012152.1	6750
SRR27421013.18462	NC_012152.1	6745
SRR27421013.88772	NC_012152.1	6540
SRR27421013.75876	NC_012152.1	6796
SRR27421013.155702	NC_012152.1	5289
SRR27421013.8873	NC_012152.1	6862
SRR27421013.98295	NC_012152.1	6648
SRR27421013.201230	NC_012152.1	6947
SRR27421013.7356	NC_012152.1	6879
SRR27421013.133516	NC_012152.1	5935
SRR27421013.43424	NC_012152.1	6849
SRR27421013.255989	NC_012152.1	5831
SRR27421013.54031	NC_012152.1	6849
SRR27421013.9530	NC_012152.1	6272
SRR27421013.221774	NC_012152.1	9556
SRR27421013.221337	NC_012152.1	5459
SRR27421013.286215	NC_012152.1	6848
SRR27421013.221012	NC_012152.1	7028
SRR27421013.221722	NC_012152.1	7018
SRR27421013.98804	NC_012152.1	5815
SRR27421013.284280	NC_012152.1	8211
SRR27421013.81538	NC_012152.1	6593
SRR27421013.171825	NC_012152.1	9870
SRR27421013.252096	NC_012152.1	6875
SRR27421013.7024	NC_012152.1	5757
SRR27421013.183818	NC_012152.1	9530
SRR27421013.260380	NC_012152.1	6411
SRR27421013.142071	NC_012152.1	7426
SRR27421013.58638	NC_012152.1	6900
SRR27421013.151956	NC_012152.1	6230
SRR27421013.128554	NC_012152.1	6048
SRR27421013.14222	NC_012152.1	6616
SRR27421013.108498	NC_012152.1	11208
SRR27421013.26259	NC_012152.1	6845
SRR27421013.20190	NC_012152.1	6820
SRR27421013.65217	NC_012152.1	6089
SRR27421013.124954	NC_012152.1	8506
SRR27421013.5573	NC_012152.1	5798
SRR27421013.156771	NC_012152.1	6921
SRR27421013.278609	NC_012152.1	5889
SRR27421013.215327	NC_012152.1	8099
SRR27421013.99926	NC_012152.1	5692
SRR27421013.81340	NC_012152.1	6732
SRR27421013.261431	NC_012152.1	6659
SRR27421013.5062	NC_012152.1	6956
SRR27421013.52362	NC_012152.1	6724
SRR27421013.129112	NC_012152.1	6577
SRR27421013.267874	NC_012152.1	6766
SRR27421013.51949	NC_012152.1	6841
SRR27421013.132934	NC_012152.1	5476
SRR27421013.70435	NC_012152.1	6742
SRR27421013.165836	NC_012152.1	5886
SRR27421013.143351	NC_012152.1	9532
SRR27421013.11707	NC_012152.1	8336
SRR27421013.257440	NC_012152.1	6615
SRR27421013.223162	NC_012152.1	6521
SRR27421013.283693	NC_012152.1	6194
SRR27421013.108005	NC_012152.1	7015
SRR27421013.82670	NC_012152.1	9107
SRR27421013.119106	NC_012152.1	7072
SRR27421013.36748	NC_012152.1	6273
SRR27421013.144910	NC_012152.1	6613
SRR27421013.141020	NC_012152.1	6205
SRR27421013.198674	NC_012152.1	5969
SRR27421013.61472	NC_012152.1	6790
SRR27421013.60367	NC_012152.1	6770
SRR27421013.177632	NC_012152.1	5932
SRR27421013.261760	NC_012152.1	7065
SRR27421013.26637	NC_012152.1	5968
SRR27421013.82960	NC_012152.1	7959
SRR27421013.186775	NC_012152.1	6600
SRR27421013.154497	NC_012152.1	9847
SRR27421013.283208	NC_012152.1	6776
SRR27421013.157784	NC_012152.1	6034
SRR27421013.164720	NC_012152.1	6095
SRR27421013.90669	NC_012152.1	9457
SRR27421013.278036	NC_012152.1	9381
SRR27421013.285934	NC_012152.1	6510
SRR27421013.10838	NC_012152.1	6948
SRR27421013.6797	NC_012152.1	6869
SRR27421013.90700	NC_012152.1	7379
SRR27421013.126845	NC_012152.1	5547
SRR27421013.102314	NC_012152.1	6653
SRR27421013.171255	NC_012152.1	7143
SRR27421013.216986	NC_012152.1	6913
SRR27421013.75627	NC_012152.1	6476
SRR27421013.158412	NC_012152.1	6466
SRR27421013.267358	NC_012152.1	6513
SRR27421013.145232	NC_012152.1	6368
SRR27421013.173103	NC_012152.1	6104
SRR27421013.208736	NC_012152.1	6500
SRR27421013.278062	NC_012152.1	8301
SRR27421013.33090	NC_012152.1	6698
SRR27421013.191558	NC_012152.1	5442
SRR27421013.287056	NC_012152.1	6136
SRR27421013.287825	NC_012152.1	6120
SRR27421013.39027	NC_012152.1	6678
SRR27421013.272420	NC_012152.1	9796
SRR27421013.260949	NC_012152.1	5336
SRR27421013.115191	NC_012152.1	6535
SRR27421013.61525	NC_012152.1	6722
SRR27421013.58020	NC_012152.1	7162
SRR27421013.38314	NC_012152.1	6350
SRR27421013.79090	NC_012152.1	7045
SRR27421013.131872	NC_012152.1	6404
SRR27421013.36873	NC_012152.1	6078
SRR27421013.184507	NC_012152.1	7044
SRR27421013.153265	NC_012152.1	5578
SRR27421013.162231	NC_012152.1	6836
SRR27421013.194486	NC_012152.1	6877
SRR27421013.115090	NC_012152.1	6753
SRR27421013.217706	NC_012152.1	6713
SRR27421013.286860	NC_012152.1	9568
SRR27421013.106582	NC_012152.1	5578
SRR27421013.259356	NC_012152.1	8601
SRR27421013.206098	NC_012152.1	6460
SRR27421013.287208	NC_012152.1	6726
SRR27421013.188497	NC_012152.1	7001
SRR27421013.146780	NC_012152.1	7291
SRR27421013.286545	NC_012152.1	6399
SRR27421013.4099	NC_012152.1	6668
SRR27421013.252232	NC_012152.1	6441
SRR27421013.198440	NC_012152.1	7721
SRR27421013.13133	NC_012152.1	6680
SRR27421013.35851	NC_012152.1	6801
SRR27421013.229104	NC_012152.1	6730
SRR27421013.15670	NC_012152.1	6799
SRR27421013.78529	NC_012152.1	6752
SRR27421013.210854	NC_012152.1	6726
SRR27421013.64927	NC_012152.1	6995
SRR27421013.7211	NC_012152.1	7801
SRR27421013.5224	NC_012152.1	5052
SRR27421013.182184	NC_012152.1	6399
SRR27421013.155631	NC_012152.1	6591
SRR27421013.179903	NC_012152.1	6389
SRR27421013.151677	NC_012152.1	6633
SRR27421013.259750	NC_012152.1	7667
SRR27421013.249261	NC_012152.1	6821
SRR27421013.91561	NC_012152.1	6742
SRR27421013.6416	NC_012152.1	6817
SRR27421013.104782	NC_012152.1	6070
SRR27421013.78528	NC_012152.1	6685
SRR27421013.157365	NC_012152.1	6716
SRR27421013.57508	NC_012152.1	7910
SRR27421013.186654	NC_012152.1	7515
SRR27421013.40195	NC_012152.1	6722
SRR27421013.152302	NC_012152.1	8083
SRR27421013.139737	NC_012152.1	6435
SRR27421013.150751	NC_012152.1	6849
SRR27421013.141258	NC_012152.1	8395
SRR27421013.120262	NC_012152.1	16468
SRR27421013.6345	NC_012152.1	6934
SRR27421013.241014	NC_012152.1	9271
SRR27421013.249963	NC_012152.1	6786
SRR27421013.260924	NC_012152.1	9634
SRR27421013.203669	NC_012152.1	6936
SRR27421013.119540	NC_012152.1	18501
SRR27421013.17605	NC_012152.1	6450
SRR27421013.49449	NC_012152.1	7498
SRR27421013.43429	NC_012152.1	7869
SRR27421013.244218	NC_012152.1	7141
SRR27421013.160404	NC_012152.1	6795
SRR27421013.89467	NC_012152.1	6562
SRR27421013.243574	NC_012152.1	7135
SRR27421013.284960	NC_012152.1	9619
SRR27421013.99937	NC_012152.1	9311
SRR27421013.126041	NC_012152.1	6105
SRR27421013.223343	NC_012152.1	6624
SRR27421013.223517	NC_012152.1	6894
SRR27421013.207722	NC_012152.1	6291
SRR27421013.194973	NC_012152.1	6530
SRR27421013.228531	NC_012152.1	6833
SRR27421013.191773	NC_012152.1	6905
SRR27421013.51124	NC_012152.1	6504
SRR27421013.239258	NC_012152.1	6064
SRR27421013.261225	NC_012152.1	6527
SRR27421013.21903	NC_012152.1	6225
SRR27421013.242071	NC_012152.1	6790
SRR27421013.159139	NC_012152.1	6202
SRR27421013.68448	NC_012152.1	6865
SRR27421013.278252	NC_012152.1	5983
SRR27421013.162698	NC_012152.1	6659
SRR27421013.181355	NC_012152.1	5783
SRR27421013.98882	NC_012152.1	6923
SRR27421013.61863	NC_012152.1	6829
SRR27421013.274572	NC_012152.1	5862
SRR27421013.119346	NC_012152.1	6575
SRR27421013.118393	NC_012152.1	9713
SRR27421013.266089	NC_012152.1	6195
SRR27421013.242931	NC_012152.1	7468
SRR27421013.271806	NC_012152.1	6640
SRR27421013.283568	NC_012152.1	6652
SRR27421013.126893	NC_012152.1	9329
SRR27421013.185732	NC_012152.1	9321
SRR27421013.261224	NC_012152.1	6475
SRR27421013.71556	NC_012152.1	6904
SRR27421013.163922	NC_012152.1	7000
SRR27421013.281601	NC_012152.1	7100
SRR27421013.6855	NC_012152.1	9453
SRR27421013.266680	NC_012152.1	6612
SRR27421013.80100	NC_012152.1	5621
SRR27421013.49296	NC_012152.1	7559
SRR27421013.244280	NC_012152.1	7038
SRR27421013.249599	NC_012152.1	9614
SRR27421013.133178	NC_012152.1	8083
SRR27421013.8957	NC_012152.1	6756
SRR27421013.18916	NC_012152.1	6895
SRR27421013.122830	NC_012152.1	7073
SRR27421013.106661	NC_012152.1	17072
SRR27421013.95633	NC_012152.1	6418
SRR27421013.11105	NC_012152.1	7111
SRR27421013.100605	NC_012152.1	6185
SRR27421013.142854	NC_012152.1	6781
SRR27421013.166413	NC_012152.1	6618
SRR27421013.173548	NC_012152.1	6661
SRR27421013.37477	NC_012152.1	5320
SRR27421013.271680	NC_012152.1	7808
SRR27421013.38324	NC_012152.1	5446
SRR27421013.254890	NC_012152.1	6613
SRR27421013.137603	NC_012152.1	6042
SRR27421013.205458	NC_012152.1	6662
SRR27421013.12318	NC_012152.1	6861
SRR27421013.216643	NC_012152.1	5477
SRR27421013.105186	NC_012152.1	7714
SRR27421013.29620	NC_012152.1	6161
SRR27421013.14085	NC_012152.1	7466
SRR27421013.74476	NC_012152.1	7591
SRR27421013.45131	NC_012152.1	8136
SRR27421013.192787	NC_012152.1	6637
SRR27421013.21121	NC_012152.1	7963
SRR27421013.172355	NC_012152.1	6882
SRR27421013.4016	NC_012152.1	6534
SRR27421013.4932	NC_012152.1	6513
SRR27421013.70171	NC_012152.1	6450
SRR27421013.65678	NC_012152.1	6797
SRR27421013.143762	NC_012152.1	5789
SRR27421013.69974	NC_012152.1	9651
SRR27421013.9388	NC_012152.1	9740
SRR27421013.78362	NC_012152.1	5782
SRR27421013.238978	NC_012152.1	6045
SRR27421013.211632	NC_012152.1	6624
SRR27421013.18504	NC_012152.1	6793
SRR27421013.163783	NC_012152.1	6160
SRR27421013.102336	NC_012152.1	6743
SRR27421013.171334	NC_012152.1	6245
SRR27421013.252522	NC_012152.1	7611
SRR27421013.64388	NC_012152.1	6729
SRR27421013.204144	NC_012152.1	6757
SRR27421013.99042	NC_012152.1	6273
SRR27421013.140101	NC_012152.1	5923
SRR27421013.162761	NC_012152.1	17893
SRR27421013.139610	NC_012152.1	8976
SRR27421013.194208	NC_012152.1	7796
SRR27421013.246415	NC_012152.1	6503
SRR27421013.144611	NC_012152.1	6972
SRR27421013.253988	NC_012152.1	5970
SRR27421013.246647	NC_012152.1	9069
SRR27421013.108507	NC_012152.1	6958
SRR27421013.57531	NC_012152.1	6405
SRR27421013.222579	NC_012152.1	9553
SRR27421013.19818	NC_012152.1	6619
SRR27421013.68584	NC_012152.1	6786
SRR27421013.68929	NC_012152.1	6742
SRR27421013.60608	NC_012152.1	6691
SRR27421013.207540	NC_012152.1	6918
SRR27421013.208466	NC_012152.1	6936
SRR27421013.90266	NC_012152.1	6246
SRR27421013.165015	NC_012152.1	6402
SRR27421013.63768	NC_012152.1	8774
SRR27421013.232391	NC_012152.1	5737
SRR27421013.163754	NC_012152.1	7536
SRR27421013.29751	NC_012152.1	5799
SRR27421013.171530	NC_012152.1	6547
SRR27421013.95233	NC_012152.1	6233
SRR27421013.84592	NC_012152.1	5918
SRR27421013.168941	NC_012152.1	6646
SRR27421013.217185	NC_012152.1	10068
SRR27421013.181439	NC_012152.1	9125
SRR27421013.250650	NC_012152.1	6218
SRR27421013.51630	NC_012152.1	6178
SRR27421013.222414	NC_012152.1	13409
SRR27421013.194584	NC_012152.1	6566
SRR27421013.208136	NC_012152.1	8562
SRR27421013.38887	NC_012152.1	6598
SRR27421013.164044	NC_012152.1	9835
SRR27421013.164687	NC_012152.1	9775
SRR27421013.92235	NC_012152.1	7443
SRR27421013.94391	NC_012152.1	7364
SRR27421013.20593	NC_012152.1	6758
SRR27421013.41974	NC_012152.1	5620
SRR27421013.204394	NC_012152.1	6853
SRR27421013.288427	NC_012152.1	7809
SRR27421013.48691	NC_012152.1	7462
SRR27421013.38216	NC_012152.1	7046
SRR27421013.30119	NC_012152.1	6999
SRR27421013.53283	NC_012152.1	6553
SRR27421013.206063	NC_012152.1	6288
SRR27421013.164939	NC_012152.1	6742
SRR27421013.252329	NC_012152.1	9365
SRR27421013.100587	NC_012152.1	8032
SRR27421013.246755	NC_012152.1	6052
SRR27421013.142871	NC_012152.1	6848
SRR27421013.181423	NC_012152.1	6071
SRR27421013.73599	NC_012152.1	6687
SRR27421013.288084	NC_012152.1	8300
SRR27421013.146536	NC_012152.1	10106
SRR27421013.288341	NC_012152.1	8305
SRR27421013.25860	NC_012152.1	6450
SRR27421013.139852	NC_012152.1	19223
SRR27421013.253777	NC_012152.1	6651
SRR27421013.7944	NC_012152.1	6806
SRR27421013.220	NC_012152.1	8060
SRR27421013.206122	NC_012152.1	7152
SRR27421013.21388	NC_012152.1	5888
SRR27421013.166521	NC_012152.1	6784
SRR27421013.257601	NC_012152.1	6342
SRR27421013.13614	NC_012152.1	6886
SRR27421013.160543	NC_012152.1	8660
SRR27421013.1328	NC_012152.1	8966
SRR27421013.155436	NC_012152.1	6787
SRR27421013.158433	NC_012152.1	6796
SRR27421013.284703	NC_012152.1	6638
SRR27421013.163892	NC_012152.1	5963
SRR27421013.152862	NC_012152.1	9188
SRR27421013.149341	NC_012152.1	6075
SRR27421013.200916	NC_012152.1	6743
SRR27421013.3890	NC_012152.1	5169
SRR27421013.88613	NC_012152.1	6067
SRR27421013.22661	NC_012152.1	6712
SRR27421013.196267	NC_012152.1	7542
SRR27421013.257722	NC_012152.1	6503
SRR27421013.96272	NC_012152.1	6567
SRR27421013.208400	NC_012152.1	6698
SRR27421013.190725	NC_012152.1	6830
SRR27421013.11714	NC_012152.1	6427
SRR27421013.282359	NC_012152.1	8016
SRR27421013.145860	NC_012152.1	6919
SRR27421013.141993	NC_012152.1	6951
SRR27421013.143477	NC_012152.1	6962
SRR27421013.48267	NC_012152.1	6602
SRR27421013.119075	NC_012152.1	7207
SRR27421013.187074	NC_012152.1	7048
SRR27421013.192890	NC_012152.1	7412
SRR27421013.124827	NC_012152.1	9805
SRR27421013.135465	NC_012152.1	9701
SRR27421013.233826	NC_012152.1	7237
SRR27421013.207417	NC_012152.1	6533
SRR27421013.223545	NC_012152.1	6775
SRR27421013.238965	NC_012152.1	7061
SRR27421013.16185	NC_012152.1	6059
SRR27421013.228697	NC_012152.1	8192
SRR27421013.99877	NC_012152.1	6711
SRR27421013.29300	NC_012152.1	6643
SRR27421013.105505	NC_012152.1	6922
SRR27421013.205476	NC_012152.1	6649
SRR27421013.277590	NC_012152.1	6910
SRR27421013.176503	NC_012152.1	5033
SRR27421013.124797	NC_012152.1	6559
SRR27421013.199628	NC_012152.1	5671
SRR27421013.127559	NC_012152.1	6061
SRR27421013.65088	NC_012152.1	5817
SRR27421013.170928	NC_012152.1	6698
SRR27421013.119533	NC_012152.1	9559
SRR27421013.17241	NC_012152.1	10031
SRR27421013.216050	NC_012152.1	9667
SRR27421013.212667	NC_012152.1	5905
SRR27421013.6522	NC_012152.1	9809
SRR27421013.151161	NC_012152.1	6276
SRR27421013.245220	NC_012152.1	6504
SRR27421013.190923	NC_012152.1	6936
SRR27421013.163968	NC_012152.1	6190
SRR27421013.246818	NC_012152.1	12170
SRR27421013.72451	NC_012152.1	6128
SRR27421013.160978	NC_012152.1	6070
SRR27421013.103866	NC_012152.1	6518
SRR27421013.14378	NC_012152.1	6452
SRR27421013.106985	NC_012152.1	6477
SRR27421013.57493	NC_012152.1	7845
SRR27421013.141011	NC_012152.1	7161
SRR27421013.96901	NC_012152.1	9464
SRR27421013.202549	NC_012152.1	6096
SRR27421013.187928	NC_012152.1	6998
SRR27421013.118045	NC_012152.1	6658
SRR27421013.4941	NC_012152.1	7478
SRR27421013.144686	NC_012152.1	9457
SRR27421013.252213	NC_012152.1	5377
SRR27421013.179335	NC_012152.1	6851
SRR27421013.283501	NC_012152.1	6937
SRR27421013.283103	NC_012152.1	6967
SRR27421013.278178	NC_012152.1	6319
SRR27421013.120629	NC_012152.1	6126
SRR27421013.84645	NC_012152.1	6614
SRR27421013.140559	NC_012152.1	7027
SRR27421013.51491	NC_012152.1	8369
SRR27421013.111579	NC_012152.1	5567
SRR27421013.164863	NC_012152.1	6918
SRR27421013.121618	NC_012152.1	6562
SRR27421013.119340	NC_012152.1	6588
SRR27421013.7604	NC_012152.1	11567
SRR27421013.7603	NC_012152.1	11646
SRR27421013.235020	NC_012152.1	7489
SRR27421013.211493	NC_012152.1	6731
SRR27421013.102736	NC_012152.1	7079
SRR27421013.157699	NC_012152.1	5971
SRR27421013.275848	NC_012152.1	9134
SRR27421013.71670	NC_012152.1	6663
SRR27421013.218720	NC_012152.1	8257
SRR27421013.157040	NC_012152.1	6275
SRR27421013.134939	NC_012152.1	6935
SRR27421013.53083	NC_012152.1	6636
SRR27421013.231423	NC_012152.1	6582
SRR27421013.40432	NC_012152.1	9628
SRR27421013.140359	NC_012152.1	6496
SRR27421013.251621	NC_012152.1	7155
SRR27421013.63655	NC_012152.1	6339
SRR27421013.189873	NC_012152.1	6382
SRR27421013.142094	NC_012152.1	9574
SRR27421013.42187	NC_012152.1	7631
SRR27421013.69522	NC_012152.1	7894
SRR27421013.203590	NC_012152.1	9593
SRR27421013.31455	NC_012152.1	9513
SRR27421013.211124	NC_012152.1	6500
SRR27421013.7688	NC_012152.1	9786
SRR27421013.277494	NC_012152.1	9211
SRR27421013.235066	NC_012152.1	9228
SRR27421013.146354	NC_012152.1	7792
SRR27421013.217723	NC_012152.1	7532
SRR27421013.288052	NC_012152.1	9722
SRR27421013.288208	NC_012152.1	9665
SRR27421013.40210	NC_012152.1	6702
SRR27421013.172780	NC_012152.1	6528
SRR27421013.161675	NC_012152.1	6550
SRR27421013.158946	NC_012152.1	6611
SRR27421013.173466	NC_012152.1	6142
SRR27421013.68134	NC_012152.1	6727
SRR27421013.73499	NC_012152.1	9811
SRR27421013.285283	NC_012152.1	6736
SRR27421013.239122	NC_012152.1	6698
SRR27421013.180257	NC_012152.1	6661
SRR27421013.165629	NC_012152.1	6026
SRR27421013.52727	NC_012152.1	6593
SRR27421013.257565	NC_012152.1	5578
SRR27421013.16757	NC_012152.1	8264
SRR27421013.232033	NC_012152.1	5896
SRR27421013.243876	NC_012152.1	5308
SRR27421013.85231	NC_012152.1	9138
SRR27421013.32496	NC_012152.1	6718
SRR27421013.167124	NC_012152.1	6737
SRR27421013.218143	NC_012152.1	5365
SRR27421013.146644	NC_012152.1	5810
SRR27421013.258299	NC_012152.1	6906
SRR27421013.50799	NC_012152.1	5913
SRR27421013.130491	NC_012152.1	7602
SRR27421013.6268	NC_012152.1	7195
SRR27421013.170421	NC_012152.1	6661
SRR27421013.107931	NC_012152.1	5880
SRR27421013.268860	NC_012152.1	6915
SRR27421013.30768	NC_012152.1	6581
SRR27421013.77502	NC_012152.1	9611
SRR27421013.133494	NC_012152.1	6736
SRR27421013.193753	NC_012152.1	5827
SRR27421013.52822	NC_012152.1	6821
SRR27421013.26336	NC_012152.1	6676
SRR27421013.81074	NC_012152.1	6936
SRR27421013.192826	NC_012152.1	6175
SRR27421013.282077	NC_012152.1	6727
SRR27421013.34707	NC_012152.1	6978
SRR27421013.248505	NC_012152.1	6702
SRR27421013.103256	NC_012152.1	6587
SRR27421013.281369	NC_012152.1	5197
SRR27421013.22410	NC_012152.1	6951
SRR27421013.24934	NC_012152.1	6072
SRR27421013.239472	NC_012152.1	6972
SRR27421013.12413	NC_012152.1	8242
SRR27421013.70502	NC_012152.1	6618
SRR27421013.94763	NC_012152.1	6850
SRR27421013.89866	NC_012152.1	5930
SRR27421013.88143	NC_012152.1	5899
SRR27421013.239015	NC_012152.1	6801
SRR27421013.240200	NC_012152.1	9242
SRR27421013.194689	NC_012152.1	11177
SRR27421013.219820	NC_012152.1	6891
SRR27421013.233825	NC_012152.1	9455
SRR27421013.267288	NC_012152.1	7969
SRR27421013.77771	NC_012152.1	8988
SRR27421013.32537	NC_012152.1	6588
SRR27421013.150869	NC_012152.1	8411
SRR27421013.148713	NC_012152.1	9488
SRR27421013.134980	NC_012152.1	9724
SRR27421013.98922	NC_012152.1	6253
SRR27421013.237820	NC_012152.1	7273
SRR27421013.125333	NC_012152.1	7060
SRR27421013.163458	NC_012152.1	6822
SRR27421013.273636	NC_012152.1	17418
SRR27421013.31013	NC_012152.1	8443
SRR27421013.112364	NC_012152.1	8872
SRR27421013.60232	NC_012152.1	6400
SRR27421013.57626	NC_012152.1	6404
SRR27421013.249039	NC_012152.1	6957
SRR27421013.96227	NC_012152.1	7001
SRR27421013.89068	NC_012152.1	9420
SRR27421013.126118	NC_012152.1	6549
SRR27421013.98575	NC_012152.1	6303
SRR27421013.288514	NC_012152.1	6437
SRR27421013.166965	NC_012152.1	6880
SRR27421013.522	NC_012152.1	6887
SRR27421013.245245	NC_012152.1	6932
SRR27421013.27685	NC_012152.1	7049
SRR27421013.217836	NC_012152.1	6142
SRR27421013.78611	NC_012152.1	7029
SRR27421013.99041	NC_012152.1	7818
SRR27421013.196930	NC_012152.1	9441
SRR27421013.197111	NC_012152.1	9350
SRR27421013.284882	NC_012152.1	17562
SRR27421013.6346	NC_012152.1	6398
SRR27421013.62283	NC_012152.1	11863
SRR27421013.189597	NC_012152.1	14185
SRR27421013.26546	NC_012152.1	6350
SRR27421013.219563	NC_012152.1	9465
SRR27421013.124681	NC_012152.1	5858
SRR27421013.172329	NC_012152.1	6750
SRR27421013.222108	NC_012152.1	6764
SRR27421013.61722	NC_012152.1	7960
SRR27421013.74657	NC_012152.1	5912
SRR27421013.219862	NC_012152.1	8162
SRR27421013.136162	NC_012152.1	6927
SRR27421013.685	NC_012152.1	9555
SRR27421013.131154	NC_012152.1	6636
SRR27421013.13377	NC_012152.1	6718
SRR27421013.74965	NC_012152.1	22586
SRR27421013.10553	NC_012152.1	7538
SRR27421013.198570	NC_012152.1	5101
SRR27421013.225762	NC_012152.1	6564
SRR27421013.159599	NC_012152.1	5182
SRR27421013.262774	NC_012152.1	6789
SRR27421013.219212	NC_012152.1	6540
SRR27421013.159361	NC_012152.1	6986
SRR27421013.96249	NC_012152.1	6050
SRR27421013.13975	NC_012152.1	6897
SRR27421013.144921	NC_012152.1	9407
SRR27421013.88342	NC_012152.1	6363
SRR27421013.150043	NC_012152.1	6813
SRR27421013.104502	NC_012152.1	6967
SRR27421013.197923	NC_012152.1	6902
SRR27421013.138140	NC_012152.1	5897
SRR27421013.165689	NC_012152.1	5250
SRR27421013.216882	NC_012152.1	6662
SRR27421013.238751	NC_012152.1	6552
SRR27421013.70488	NC_012152.1	6224
SRR27421013.44962	NC_012152.1	6089
SRR27421013.246477	NC_012152.1	6420
SRR27421013.85267	NC_012152.1	6872
SRR27421013.163058	NC_012152.1	6746
SRR27421013.283982	NC_012152.1	9198
SRR27421013.228361	NC_012152.1	6574
SRR27421013.59596	NC_012152.1	7745
SRR27421013.149185	NC_012152.1	6895
SRR27421013.70803	NC_012152.1	9259
SRR27421013.277829	NC_012152.1	7344
SRR27421013.215343	NC_012152.1	6898
SRR27421013.72905	NC_012152.1	9419
SRR27421013.102622	NC_012152.1	8489
SRR27421013.200099	NC_012152.1	20200
SRR27421013.164950	NC_012152.1	13509
SRR27421013.12638	NC_012152.1	5322
SRR27421013.74523	NC_012152.1	24457
SRR27421013.100360	NC_012152.1	7123
SRR27421013.218422	NC_012152.1	6713
SRR27421013.125225	NC_012152.1	6155
SRR27421013.184298	NC_012152.1	8514
SRR27421013.170372	NC_012152.1	6750
SRR27421013.170261	NC_012152.1	6696
SRR27421013.20923	NC_012152.1	6581
SRR27421013.262765	NC_012152.1	9563
SRR27421013.197581	NC_012152.1	6821
SRR27421013.122341	NC_012152.1	6064
SRR27421013.249003	NC_012152.1	6911
SRR27421013.181863	NC_012152.1	6482
SRR27421013.4105	NC_012152.1	6205
SRR27421013.191366	NC_012152.1	5721
SRR27421013.135924	NC_012152.1	5740
SRR27421013.276819	NC_012152.1	6721
SRR27421013.137671	NC_012152.1	6629
SRR27421013.75864	NC_012152.1	6655
SRR27421013.245965	NC_012152.1	7129
SRR27421013.237120	NC_012152.1	5808
SRR27421013.235368	NC_012152.1	6167
SRR27421013.76864	NC_012152.1	9771
SRR27421013.23854	NC_012152.1	6697
SRR27421013.54846	NC_012152.1	7151
SRR27421013.15361	NC_012152.1	8890
SRR27421013.267559	NC_012152.1	6711
SRR27421013.202699	NC_012152.1	6977
SRR27421013.42781	NC_012152.1	6613
SRR27421013.4925	NC_012152.1	6601
SRR27421013.154641	NC_012152.1	7297
SRR27421013.231157	NC_012152.1	9140
SRR27421013.254097	NC_012152.1	6730
SRR27421013.256772	NC_012152.1	7090
SRR27421013.199596	NC_012152.1	6676
SRR27421013.154623	NC_012152.1	6193
SRR27421013.259902	NC_012152.1	13465
SRR27421013.229388	NC_012152.1	6808
SRR27421013.154656	NC_012152.1	6186
SRR27421013.277156	NC_012152.1	13120
SRR27421013.128011	NC_012152.1	6932
SRR27421013.233624	NC_012152.1	6205
SRR27421013.40125	NC_012152.1	6513
SRR27421013.191219	NC_012152.1	6636
SRR27421013.160639	NC_012152.1	6819
SRR27421013.280275	NC_012152.1	5706
SRR27421013.287524	NC_012152.1	6786
SRR27421013.94357	NC_012152.1	6882
SRR27421013.84124	NC_012152.1	8593
SRR27421013.219899	NC_012152.1	8411
SRR27421013.260571	NC_012152.1	6215
SRR27421013.267881	NC_012152.1	6237
SRR27421013.78586	NC_012152.1	6589
SRR27421013.202752	NC_012152.1	9668
SRR27421013.276042	NC_012152.1	7528
SRR27421013.24191	NC_012152.1	6411
SRR27421013.259684	NC_012152.1	9697
SRR27421013.8189	NC_012152.1	5075
SRR27421013.24091	NC_012152.1	6756
SRR27421013.35439	NC_012152.1	5707
SRR27421013.49697	NC_012152.1	6787
SRR27421013.130648	NC_012152.1	6915
SRR27421013.62881	NC_012152.1	20022
SRR27421013.209658	NC_012152.1	6691
SRR27421013.220657	NC_012152.1	6239
SRR27421013.254200	NC_012152.1	9540
SRR27421013.53043	NC_012152.1	6044
SRR27421013.284187	NC_012152.1	6902
SRR27421013.37539	NC_012152.1	6678
SRR27421013.37709	NC_012152.1	6797
SRR27421013.252509	NC_012152.1	6799
SRR27421013.117827	NC_012152.1	6577
SRR27421013.232254	NC_012152.1	6761
SRR27421013.19873	NC_012152.1	6558
SRR27421013.34767	NC_012152.1	7224
SRR27421013.16534	NC_012152.1	6513
SRR27421013.23095	NC_012152.1	7035
SRR27421013.113374	NC_012152.1	6134
SRR27421013.160549	NC_012152.1	7864
SRR27421013.255246	NC_012152.1	9133
SRR27421013.255245	NC_012152.1	9135
SRR27421013.99507	NC_012152.1	19018
SRR27421013.263997	NC_012152.1	8692
SRR27421013.13405	NC_012152.1	6789
SRR27421013.118533	NC_012152.1	6689
SRR27421013.127630	NC_012152.1	18444
SRR27421013.180538	NC_012152.1	9763
SRR27421013.23059	NC_012152.1	8092
SRR27421013.68294	NC_012152.1	9307
SRR27421013.125025	NC_012152.1	6817
SRR27421013.72870	NC_012152.1	6609
SRR27421013.43985	NC_012152.1	7428
SRR27421013.129387	NC_012152.1	7496
SRR27421013.216817	NC_012152.1	6947
SRR27421013.215317	NC_012152.1	6922
SRR27421013.156793	NC_012152.1	9536
SRR27421013.25115	NC_012152.1	6832
SRR27421013.88618	NC_012152.1	6892
SRR27421013.102167	NC_012152.1	7718
SRR27421013.137678	NC_012152.1	6376
SRR27421013.277696	NC_012152.1	5750
SRR27421013.48510	NC_012152.1	9202
SRR27421013.193809	NC_012152.1	9237
SRR27421013.44692	NC_012152.1	6182
SRR27421013.102248	NC_012152.1	6576
SRR27421013.278489	NC_012152.1	9613
SRR27421013.196146	NC_012152.1	6136
SRR27421013.259579	NC_012152.1	9483
SRR27421013.170096	NC_012152.1	6863
SRR27421013.200496	NC_012152.1	6741
SRR27421013.214659	NC_012152.1	6622
SRR27421013.253694	NC_012152.1	9246
SRR27421013.230963	NC_012152.1	8979
SRR27421013.55361	NC_012152.1	6133
SRR27421013.57632	NC_012152.1	6540
SRR27421013.170651	NC_012152.1	6730
SRR27421013.88929	NC_012152.1	8619
SRR27421013.17483	NC_012152.1	6275
SRR27421013.237839	NC_012152.1	9778
SRR27421013.257846	NC_012152.1	6938
SRR27421013.125516	NC_012152.1	9500
SRR27421013.156698	NC_012152.1	6942
SRR27421013.111094	NC_012152.1	6910
SRR27421013.190474	NC_012152.1	6451
SRR27421013.41666	NC_012152.1	8869
SRR27421013.236120	NC_012152.1	6442
SRR27421013.155004	NC_012152.1	5711
SRR27421013.135540	NC_012152.1	8057
SRR27421013.135303	NC_012152.1	13779
SRR27421013.154	NC_012152.1	6927
SRR27421013.166944	NC_012152.1	9817
SRR27421013.170695	NC_012152.1	8268
SRR27421013.248231	NC_012152.1	9487
SRR27421013.85332	NC_012152.1	6772
SRR27421013.254263	NC_012152.1	6511
SRR27421013.134015	NC_012152.1	6715
SRR27421013.125209	NC_012152.1	6882
SRR27421013.213937	NC_012152.1	6497
SRR27421013.248372	NC_012152.1	9443
SRR27421013.253333	NC_012152.1	6729
SRR27421013.71116	NC_012152.1	6703
SRR27421013.102378	NC_012152.1	6436
SRR27421013.208866	NC_012152.1	7132
SRR27421013.283871	NC_012152.1	9223
SRR27421013.10707	NC_012152.1	7826
SRR27421013.134585	NC_012152.1	6802
SRR27421013.279003	NC_012152.1	9554
SRR27421013.122787	NC_012152.1	7103
SRR27421013.122572	NC_012152.1	7110
SRR27421013.73168	NC_012152.1	6793
SRR27421013.207090	NC_012152.1	7211
SRR27421013.274031	NC_012152.1	7072
SRR27421013.143045	NC_012152.1	6645
SRR27421013.80407	NC_012152.1	6663
SRR27421013.3268	NC_012152.1	6181
SRR27421013.81794	NC_012152.1	6619
SRR27421013.126640	NC_012152.1	5969
SRR27421013.126344	NC_012152.1	5982
SRR27421013.16819	NC_012152.1	6704
SRR27421013.173509	NC_012152.1	7013
SRR27421013.268172	NC_012152.1	9703
SRR27421013.82754	NC_012152.1	10726
SRR27421013.175848	NC_012152.1	9579
SRR27421013.49095	NC_012152.1	7573
SRR27421013.93602	NC_012152.1	6908
SRR27421013.40718	NC_012152.1	6407
SRR27421013.121144	NC_012152.1	6196
SRR27421013.118499	NC_012152.1	6098
SRR27421013.13993	NC_012152.1	6374
SRR27421013.175604	NC_012152.1	6084
SRR27421013.237963	NC_012152.1	6734
SRR27421013.54209	NC_012152.1	6663
SRR27421013.48467	NC_012152.1	6484
SRR27421013.116595	NC_012152.1	6360
SRR27421013.137488	NC_012152.1	6297
SRR27421013.216585	NC_012152.1	7938
SRR27421013.30502	NC_012152.1	9839
SRR27421013.101623	NC_012152.1	6643
SRR27421013.159410	NC_012152.1	7205
SRR27421013.39884	NC_012152.1	7486
SRR27421013.270728	NC_012152.1	5862
SRR27421013.173259	NC_012152.1	6720
SRR27421013.17282	NC_012152.1	6808
SRR27421013.244555	NC_012152.1	6615
SRR27421013.25022	NC_012152.1	6132
SRR27421013.28011	NC_012152.1	19418
SRR27421013.272763	NC_012152.1	14849
SRR27421013.156299	NC_012152.1	5946
SRR27421013.260323	NC_012152.1	6322
SRR27421013.193416	NC_012152.1	6806
SRR27421013.272298	NC_012152.1	6835
SRR27421013.40942	NC_012152.1	9664
SRR27421013.42872	NC_012152.1	9698
SRR27421013.95395	NC_012152.1	6681
SRR27421013.169306	NC_012152.1	9392
SRR27421013.272952	NC_012152.1	6811
SRR27421013.194387	NC_012152.1	7475
SRR27421013.192345	NC_012152.1	6598
SRR27421013.38933	NC_012152.1	6589
SRR27421013.167344	NC_012152.1	6207
SRR27421013.13546	NC_012152.1	6716
SRR27421013.242420	NC_012152.1	9675
SRR27421013.23696	NC_012152.1	7287
SRR27421013.91919	NC_012152.1	5041
SRR27421013.145302	NC_012152.1	10090
SRR27421013.36069	NC_012152.1	6532
SRR27421013.146373	NC_012152.1	8292
SRR27421013.261380	NC_012152.1	9382
SRR27421013.260680	NC_012152.1	9342
SRR27421013.10612	NC_012152.1	6886
SRR27421013.175814	NC_012152.1	7630
SRR27421013.42528	NC_012152.1	6640
SRR27421013.61201	NC_012152.1	6734
SRR27421013.158335	NC_012152.1	6684
SRR27421013.260304	NC_012152.1	9383
SRR27421013.283721	NC_012152.1	7925
SRR27421013.123791	NC_012152.1	5498
SRR27421013.168954	NC_012152.1	7173
SRR27421013.181012	NC_012152.1	11157
SRR27421013.131984	NC_012152.1	5874
SRR27421013.156425	NC_012152.1	6879
SRR27421013.197870	NC_012152.1	6875
SRR27421013.133276	NC_012152.1	5905
SRR27421013.24514	NC_012152.1	9736
SRR27421013.248180	NC_012152.1	6752
SRR27421013.250627	NC_012152.1	6757
SRR27421013.185361	NC_012152.1	5004
SRR27421013.38770	NC_012152.1	9879
SRR27421013.137600	NC_012152.1	9843
SRR27421013.172449	NC_012152.1	7600
SRR27421013.154384	NC_012152.1	5828
SRR27421013.105989	NC_012152.1	12641
SRR27421013.49259	NC_012152.1	6750
SRR27421013.50149	NC_012152.1	6760
SRR27421013.218863	NC_012152.1	7170
SRR27421013.82299	NC_012152.1	6456
SRR27421013.231016	NC_012152.1	6889
SRR27421013.90760	NC_012152.1	6795
SRR27421013.224602	NC_012152.1	7260
SRR27421013.73866	NC_012152.1	6234
SRR27421013.236652	NC_012152.1	9519
SRR27421013.173078	NC_012152.1	6846
SRR27421013.216565	NC_012152.1	8337
SRR27421013.160194	NC_012152.1	6842
SRR27421013.212009	NC_012152.1	6857
SRR27421013.71546	NC_012152.1	6900
SRR27421013.134080	NC_012152.1	5805
SRR27421013.260670	NC_012152.1	7552
SRR27421013.159936	NC_012152.1	5789
SRR27421013.227086	NC_012152.1	5230
SRR27421013.203014	NC_012152.1	6315
SRR27421013.253242	NC_012152.1	9399
SRR27421013.249157	NC_012152.1	17568
SRR27421013.61816	NC_012152.1	6731
SRR27421013.129393	NC_012152.1	6955
SRR27421013.149961	NC_012152.1	6861
SRR27421013.22360	NC_012152.1	6580
SRR27421013.78484	NC_012152.1	6754
SRR27421013.273078	NC_012152.1	6441
SRR27421013.159471	NC_012152.1	6448
SRR27421013.95275	NC_012152.1	6648
SRR27421013.203525	NC_012152.1	6633
SRR27421013.94928	NC_012152.1	6621
SRR27421013.213661	NC_012152.1	6378
SRR27421013.118675	NC_012152.1	6638
SRR27421013.159317	NC_012152.1	6991
SRR27421013.286125	NC_012152.1	9194
SRR27421013.239133	NC_012152.1	6740
SRR27421013.191285	NC_012152.1	6176
SRR27421013.145210	NC_012152.1	6905
SRR27421013.276668	NC_012152.1	6494
SRR27421013.32146	NC_012152.1	6307
SRR27421013.127248	NC_012152.1	6706
SRR27421013.105499	NC_012152.1	9443
SRR27421013.161222	NC_012152.1	7979
SRR27421013.9356	NC_012152.1	6864
SRR27421013.240235	NC_012152.1	5115
SRR27421013.30063	NC_012152.1	6716
SRR27421013.27020	NC_012152.1	6706
SRR27421013.175910	NC_012152.1	6526
SRR27421013.107943	NC_012152.1	8159
SRR27421013.269639	NC_012152.1	7640
SRR27421013.189822	NC_012152.1	5677
SRR27421013.8836	NC_012152.1	7644
SRR27421013.134579	NC_012152.1	6735
SRR27421013.2515	NC_012152.1	6511
SRR27421013.271840	NC_012152.1	7619
SRR27421013.258258	NC_012152.1	6970
SRR27421013.21179	NC_012152.1	6627
SRR27421013.88794	NC_012152.1	6571
SRR27421013.267315	NC_012152.1	8534
SRR27421013.187532	NC_012152.1	5595
SRR27421013.90692	NC_012152.1	6533
SRR27421013.30752	NC_012152.1	6447
SRR27421013.79769	NC_012152.1	5486
SRR27421013.90307	NC_012152.1	6356
SRR27421013.67984	NC_012152.1	8453
SRR27421013.288487	NC_012152.1	8066
SRR27421013.246294	NC_012152.1	8687
SRR27421013.160357	NC_012152.1	6935
SRR27421013.206195	NC_012152.1	7327
SRR27421013.73521	NC_012152.1	7829
SRR27421013.51449	NC_012152.1	6766
SRR27421013.108535	NC_012152.1	5885
SRR27421013.144272	NC_012152.1	8753
SRR27421013.237486	NC_012152.1	9543
SRR27421013.233556	NC_012152.1	8418
SRR27421013.181298	NC_012152.1	6626
SRR27421013.136873	NC_012152.1	5681
SRR27421013.78247	NC_012152.1	5811
SRR27421013.173714	NC_012152.1	6240
SRR27421013.175253	NC_012152.1	6234
SRR27421013.53923	NC_012152.1	6884
SRR27421013.119676	NC_012152.1	6894
SRR27421013.272185	NC_012152.1	6588
SRR27421013.162280	NC_012152.1	8990
SRR27421013.15714	NC_012152.1	6258
SRR27421013.103739	NC_012152.1	6345
SRR27421013.245175	NC_012152.1	8680
SRR27421013.133642	NC_012152.1	9677
SRR27421013.244519	NC_012152.1	8234
SRR27421013.88515	NC_012152.1	7155
SRR27421013.283213	NC_012152.1	6857
SRR27421013.208117	NC_012152.1	6206
SRR27421013.247982	NC_012152.1	6774
SRR27421013.29483	NC_012152.1	8812
SRR27421013.3147	NC_012152.1	6692
SRR27421013.268516	NC_012152.1	8885
SRR27421013.206852	NC_012152.1	6896
SRR27421013.106489	NC_012152.1	6177
SRR27421013.2248	NC_012152.1	5584
SRR27421013.80345	NC_012152.1	6702
SRR27421013.34706	NC_012152.1	11490
SRR27421013.250536	NC_012152.1	5966
SRR27421013.257046	NC_012152.1	8315
SRR27421013.84292	NC_012152.1	7965
SRR27421013.125890	NC_012152.1	6875
SRR27421013.268351	NC_012152.1	9181
SRR27421013.197707	NC_012152.1	16501
SRR27421013.76601	NC_012152.1	5991
SRR27421013.42624	NC_012152.1	6715
SRR27421013.207141	NC_012152.1	6870
SRR27421013.112784	NC_012152.1	6768
SRR27421013.246810	NC_012152.1	7752
SRR27421013.120432	NC_012152.1	7977
SRR27421013.259021	NC_012152.1	6525
SRR27421013.14081	NC_012152.1	6681
SRR27421013.24143	NC_012152.1	6414
SRR27421013.281105	NC_012152.1	6838
SRR27421013.254367	NC_012152.1	8463
SRR27421013.11917	NC_012152.1	6585
SRR27421013.222871	NC_012152.1	6799
SRR27421013.241464	NC_012152.1	9453
SRR27421013.150622	NC_012152.1	6776
SRR27421013.140855	NC_012152.1	6115
SRR27421013.14082	NC_012152.1	6603
SRR27421013.228945	NC_012152.1	7063
SRR27421013.152591	NC_012152.1	8482
SRR27421013.118670	NC_012152.1	6678
SRR27421013.99923	NC_012152.1	9636
SRR27421013.14058	NC_012152.1	8321
SRR27421013.105332	NC_012152.1	8228
SRR27421013.262627	NC_012152.1	7892
SRR27421013.68425	NC_012152.1	6472
SRR27421013.68911	NC_012152.1	8355
SRR27421013.15624	NC_012152.1	7550
SRR27421013.234706	NC_012152.1	9188
SRR27421013.70110	NC_012152.1	8116
SRR27421013.285752	NC_012152.1	6381
SRR27421013.70017	NC_012152.1	13072
SRR27421013.85529	NC_012152.1	5896
SRR27421013.255424	NC_012152.1	6152
SRR27421013.9416	NC_012152.1	6952
SRR27421013.249706	NC_012152.1	8893
SRR27421013.280806	NC_012152.1	6646
SRR27421013.6583	NC_012152.1	9518
SRR27421013.186696	NC_012152.1	7031
SRR27421013.254837	NC_012152.1	9611
SRR27421013.161573	NC_012152.1	9262
SRR27421013.81891	NC_012152.1	6680
SRR27421013.239416	NC_012152.1	6787
SRR27421013.177193	NC_012152.1	5501
SRR27421013.205679	NC_012152.1	9811
SRR27421013.252686	NC_012152.1	6424
SRR27421013.125459	NC_012152.1	6022
SRR27421013.32959	NC_012152.1	5986
SRR27421013.265333	NC_012152.1	7383
SRR27421013.122750	NC_012152.1	6636
SRR27421013.154546	NC_012152.1	6647
SRR27421013.260815	NC_012152.1	6673
SRR27421013.165764	NC_012152.1	9010
SRR27421013.85504	NC_012152.1	6931
SRR27421013.134944	NC_012152.1	6619
SRR27421013.287571	NC_012152.1	6415
SRR27421013.44992	NC_012152.1	7174
SRR27421013.173348	NC_012152.1	6890
SRR27421013.51346	NC_012152.1	6846
SRR27421013.284294	NC_012152.1	7039
SRR27421013.38226	NC_012152.1	5294
SRR27421013.4151	NC_012152.1	8828
SRR27421013.188408	NC_012152.1	6626
SRR27421013.179697	NC_012152.1	9385
SRR27421013.57451	NC_012152.1	6970
SRR27421013.235289	NC_012152.1	6478
SRR27421013.138253	NC_012152.1	6272
SRR27421013.2418	NC_012152.1	6661
SRR27421013.72396	NC_012152.1	9593
SRR27421013.233065	NC_012152.1	6116
SRR27421013.31516	NC_012152.1	6608
SRR27421013.252112	NC_012152.1	6935
SRR27421013.118332	NC_012152.1	8673
SRR27421013.168052	NC_012152.1	7266
SRR27421013.197577	NC_012152.1	8666
SRR27421013.159732	NC_012152.1	6631
SRR27421013.51127	NC_012152.1	8605
SRR27421013.210247	NC_012152.1	15656
SRR27421013.134495	NC_012152.1	7893
SRR27421013.135818	NC_012152.1	6827
SRR27421013.80109	NC_012152.1	9779
SRR27421013.85039	NC_012152.1	8826
SRR27421013.221303	NC_012152.1	6670
SRR27421013.141493	NC_012152.1	9581
SRR27421013.165266	NC_012152.1	8460
SRR27421013.101353	NC_012152.1	6816
SRR27421013.103194	NC_012152.1	6779
SRR27421013.265959	NC_012152.1	9037
SRR27421013.57662	NC_012152.1	6646
SRR27421013.126861	NC_012152.1	6777
SRR27421013.144832	NC_012152.1	6613
SRR27421013.129984	NC_012152.1	13314
SRR27421013.105518	NC_012152.1	6651
SRR27421013.85882	NC_012152.1	6036
SRR27421013.275467	NC_012152.1	6543
SRR27421013.49936	NC_012152.1	6692
SRR27421013.169413	NC_012152.1	5511
SRR27421013.180979	NC_012152.1	7736
SRR27421013.173873	NC_012152.1	10358
SRR27421013.150082	NC_012152.1	6182
SRR27421013.238050	NC_012152.1	6973
SRR27421013.32470	NC_012152.1	9609
SRR27421013.75991	NC_012152.1	5005
SRR27421013.183068	NC_012152.1	6856
SRR27421013.146352	NC_012152.1	7826
SRR27421013.231337	NC_012152.1	9189
SRR27421013.244510	NC_012152.1	6711
SRR27421013.212164	NC_012152.1	9060
SRR27421013.247531	NC_012152.1	6527
SRR27421013.154852	NC_012152.1	9758
SRR27421013.51022	NC_012152.1	6463
SRR27421013.153820	NC_012152.1	9795
SRR27421013.57829	NC_012152.1	6823
SRR27421013.272823	NC_012152.1	9928
SRR27421013.200941	NC_012152.1	6849
SRR27421013.244332	NC_012152.1	9167
SRR27421013.190197	NC_012152.1	9452
SRR27421013.164683	NC_012152.1	8518
SRR27421013.237792	NC_012152.1	5229
SRR27421013.285799	NC_012152.1	6892
SRR27421013.281827	NC_012152.1	7179
SRR27421013.140254	NC_012152.1	7080
SRR27421013.121275	NC_012152.1	6610
SRR27421013.201140	NC_012152.1	6995
SRR27421013.37378	NC_012152.1	5933
SRR27421013.92639	NC_012152.1	9696
SRR27421013.76616	NC_012152.1	5922
SRR27421013.175703	NC_012152.1	5390
SRR27421013.18960	NC_012152.1	8887
SRR27421013.16928	NC_012152.1	8840
SRR27421013.17945	NC_012152.1	8109
SRR27421013.200482	NC_012152.1	6720
SRR27421013.136895	NC_012152.1	6478
SRR27421013.274348	NC_012152.1	7251
SRR27421013.288478	NC_012152.1	6393
SRR27421013.120306	NC_012152.1	6797
SRR27421013.210166	NC_012152.1	6960
SRR27421013.35131	NC_012152.1	6862
SRR27421013.288486	NC_012152.1	6739
SRR27421013.8978	NC_012152.1	9950
SRR27421013.177384	NC_012152.1	8452
SRR27421013.79763	NC_012152.1	6972
SRR27421013.213691	NC_012152.1	9226
SRR27421013.254633	NC_012152.1	9839
SRR27421013.192487	NC_012152.1	9325
SRR27421013.75115	NC_012152.1	9615
SRR27421013.184647	NC_012152.1	5508
SRR27421013.187977	NC_012152.1	5544
SRR27421013.41013	NC_012152.1	6824
SRR27421013.160119	NC_012152.1	6812
SRR27421013.42887	NC_012152.1	9704
SRR27421013.74773	NC_012152.1	6237
SRR27421013.200695	NC_012152.1	5846
SRR27421013.17353	NC_012152.1	6386
SRR27421013.91651	NC_012152.1	6776
SRR27421013.47717	NC_012152.1	6247
SRR27421013.267536	NC_012152.1	6342
SRR27421013.112077	NC_012152.1	6801
SRR27421013.139603	NC_012152.1	9283
SRR27421013.85391	NC_012152.1	6309
SRR27421013.239625	NC_012152.1	6819
SRR27421013.220210	NC_012152.1	6829
SRR27421013.269190	NC_012152.1	6931
SRR27421013.40544	NC_012152.1	6814
SRR27421013.37001	NC_012152.1	7897
SRR27421013.232726	NC_012152.1	6739
SRR27421013.200582	NC_012152.1	6789
SRR27421013.154310	NC_012152.1	6900
SRR27421013.288044	NC_012152.1	7251
SRR27421013.251409	NC_012152.1	6813
SRR27421013.126310	NC_012152.1	13004
SRR27421013.255622	NC_012152.1	7158
SRR27421013.121751	NC_012152.1	6515
SRR27421013.128795	NC_012152.1	6756
SRR27421013.261001	NC_012152.1	6272
SRR27421013.114552	NC_012152.1	6794
SRR27421013.239025	NC_012152.1	10998
SRR27421013.181671	NC_012152.1	8867
SRR27421013.57995	NC_012152.1	6696
SRR27421013.81563	NC_012152.1	10044
SRR27421013.93959	NC_012152.1	7023
SRR27421013.117263	NC_012152.1	7458
SRR27421013.137832	NC_012152.1	6195
SRR27421013.216495	NC_012152.1	8182
SRR27421013.287502	NC_012152.1	7916
SRR27421013.89234	NC_012152.1	6858
SRR27421013.196353	NC_012152.1	9032
SRR27421013.268090	NC_012152.1	9205
SRR27421013.106576	NC_012152.1	7328
SRR27421013.105192	NC_012152.1	7324
SRR27421013.150980	NC_012152.1	6525
SRR27421013.38931	NC_012152.1	6886
SRR27421013.16192	NC_012152.1	8462
SRR27421013.114785	NC_012152.1	6688
SRR27421013.273619	NC_012152.1	6830
SRR27421013.11401	NC_012152.1	7495
SRR27421013.13619	NC_012152.1	5512
SRR27421013.261881	NC_012152.1	6349
SRR27421013.224331	NC_012152.1	9229
SRR27421013.171541	NC_012152.1	9960
SRR27421013.209635	NC_012152.1	6823
SRR27421013.239849	NC_012152.1	6818
SRR27421013.87487	NC_012152.1	9270
SRR27421013.61572	NC_012152.1	7079
SRR27421013.31553	NC_012152.1	5957
SRR27421013.20113	NC_012152.1	6246
SRR27421013.256671	NC_012152.1	6638
SRR27421013.122351	NC_012152.1	6642
SRR27421013.122254	NC_012152.1	6575
SRR27421013.42572	NC_012152.1	6866
SRR27421013.42842	NC_012152.1	6722
SRR27421013.42808	NC_012152.1	6698
SRR27421013.206675	NC_012152.1	7055
SRR27421013.184288	NC_012152.1	6669
SRR27421013.15679	NC_012152.1	9438
SRR27421013.204110	NC_012152.1	8217
SRR27421013.254816	NC_012152.1	9228
SRR27421013.73796	NC_012152.1	9613
SRR27421013.218563	NC_012152.1	6512
SRR27421013.232772	NC_012152.1	13852
SRR27421013.270731	NC_012152.1	6913
SRR27421013.118444	NC_012152.1	7012
SRR27421013.86026	NC_012152.1	8830
SRR27421013.90347	NC_012152.1	6824
SRR27421013.48545	NC_012152.1	7770
SRR27421013.256091	NC_012152.1	6777
SRR27421013.275103	NC_012152.1	6784
SRR27421013.246525	NC_012152.1	6578
SRR27421013.245078	NC_012152.1	6088
SRR27421013.145686	NC_012152.1	6562
SRR27421013.18319	NC_012152.1	6551
SRR27421013.47821	NC_012152.1	9379
SRR27421013.162874	NC_012152.1	6630
SRR27421013.51590	NC_012152.1	6503
SRR27421013.180999	NC_012152.1	6587
SRR27421013.152328	NC_012152.1	7020
SRR27421013.170120	NC_012152.1	6762
SRR27421013.248766	NC_012152.1	6665
SRR27421013.261710	NC_012152.1	8541
SRR27421013.249880	NC_012152.1	8769
SRR27421013.39111	NC_012152.1	6655
SRR27421013.18320	NC_012152.1	6464
SRR27421013.211058	NC_012152.1	7962
SRR27421013.247214	NC_012152.1	6331
SRR27421013.95576	NC_012152.1	6569
SRR27421013.133868	NC_012152.1	8272
SRR27421013.259462	NC_012152.1	10493
SRR27421013.208358	NC_012152.1	7881
SRR27421013.251466	NC_012152.1	6813
SRR27421013.38611	NC_012152.1	7920
SRR27421013.184767	NC_012152.1	6738
SRR27421013.216625	NC_012152.1	6559
SRR27421013.135627	NC_012152.1	5674
SRR27421013.262965	NC_012152.1	8139
SRR27421013.10676	NC_012152.1	6335
SRR27421013.135366	NC_012152.1	6847
SRR27421013.276194	NC_012152.1	6834
SRR27421013.246310	NC_012152.1	6392
SRR27421013.218375	NC_012152.1	7288
SRR27421013.60283	NC_012152.1	6524
SRR27421013.20816	NC_012152.1	9347
SRR27421013.217297	NC_012152.1	8249
SRR27421013.207933	NC_012152.1	9578
SRR27421013.12654	NC_012152.1	6815
SRR27421013.49133	NC_012152.1	6876
SRR27421013.74467	NC_012152.1	6465
SRR27421013.209718	NC_012152.1	7127
SRR27421013.72636	NC_012152.1	6176
SRR27421013.248261	NC_012152.1	6782
SRR27421013.250568	NC_012152.1	7070
SRR27421013.69422	NC_012152.1	6516
SRR27421013.174005	NC_012152.1	7462
SRR27421013.1241	NC_012152.1	6592
SRR27421013.40957	NC_012152.1	6464
SRR27421013.162371	NC_012152.1	6700
SRR27421013.204602	NC_012152.1	9217
SRR27421013.2347	NC_012152.1	6752
SRR27421013.2348	NC_012152.1	6842
SRR27421013.271962	NC_012152.1	6475
SRR27421013.274787	NC_012152.1	6486
SRR27421013.238368	NC_012152.1	6625
SRR27421013.77103	NC_012152.1	5016
SRR27421013.209392	NC_012152.1	6879
SRR27421013.164850	NC_012152.1	6694
SRR27421013.141474	NC_012152.1	7024
SRR27421013.120785	NC_012152.1	6336
SRR27421013.125837	NC_012152.1	6950
SRR27421013.2724	NC_012152.1	14197
SRR27421013.58622	NC_012152.1	6978
SRR27421013.90	NC_012152.1	14210
SRR27421013.47358	NC_012152.1	6854
SRR27421013.191038	NC_012152.1	7958
SRR27421013.28928	NC_012152.1	11004
SRR27421013.282261	NC_012152.1	8854
SRR27421013.50214	NC_012152.1	6221
SRR27421013.111496	NC_012152.1	8105
SRR27421013.1466	NC_012152.1	9511
SRR27421013.22716	NC_012152.1	6795
SRR27421013.83404	NC_012152.1	6665
SRR27421013.40987	NC_012152.1	8480
SRR27421013.245086	NC_012152.1	6581
SRR27421013.70306	NC_012152.1	6556
SRR27421013.140693	NC_012152.1	7732
SRR27421013.70939	NC_012152.1	6530
SRR27421013.211676	NC_012152.1	5479
SRR27421013.232701	NC_012152.1	6815
SRR27421013.54180	NC_012152.1	7977
SRR27421013.14032	NC_012152.1	9563
SRR27421013.247804	NC_012152.1	6738
SRR27421013.242467	NC_012152.1	7115
SRR27421013.104886	NC_012152.1	6182
SRR27421013.191903	NC_012152.1	9390
SRR27421013.262897	NC_012152.1	7906
SRR27421013.48903	NC_012152.1	9053
SRR27421013.70514	NC_012152.1	6511
SRR27421013.213054	NC_012152.1	6709
SRR27421013.201702	NC_012152.1	6796
SRR27421013.90658	NC_012152.1	6689
SRR27421013.76170	NC_012152.1	6736
SRR27421013.138541	NC_012152.1	9675
SRR27421013.266916	NC_012152.1	13587
SRR27421013.230659	NC_012152.1	6487
SRR27421013.159962	NC_012152.1	6314
SRR27421013.13358	NC_012152.1	6817
SRR27421013.80989	NC_012152.1	6554
SRR27421013.138377	NC_012152.1	6785
SRR27421013.266847	NC_012152.1	9710
SRR27421013.12981	NC_012152.1	6710
SRR27421013.51760	NC_012152.1	6935
SRR27421013.222635	NC_012152.1	9533
SRR27421013.202354	NC_012152.1	6752
SRR27421013.79480	NC_012152.1	7664
SRR27421013.159058	NC_012152.1	6857
SRR27421013.26888	NC_012152.1	6359
SRR27421013.134804	NC_012152.1	6816
SRR27421013.248762	NC_012152.1	6552
SRR27421013.115425	NC_012152.1	6178
SRR27421013.73021	NC_012152.1	7990
SRR27421013.236886	NC_012152.1	7509
SRR27421013.171729	NC_012152.1	6454
SRR27421013.281572	NC_012152.1	9888
SRR27421013.80612	NC_012152.1	5986
SRR27421013.185537	NC_012152.1	6811
SRR27421013.40379	NC_012152.1	6059
SRR27421013.125108	NC_012152.1	9168
SRR27421013.48166	NC_012152.1	6857
SRR27421013.138235	NC_012152.1	6793
SRR27421013.267646	NC_012152.1	6819
SRR27421013.90763	NC_012152.1	6823
SRR27421013.89568	NC_012152.1	7021
SRR27421013.131544	NC_012152.1	7077
SRR27421013.282850	NC_012152.1	6866
SRR27421013.172088	NC_012152.1	6576
SRR27421013.209682	NC_012152.1	9577
SRR27421013.12894	NC_012152.1	7195
SRR27421013.281010	NC_012152.1	6892
SRR27421013.52760	NC_012152.1	9590
SRR27421013.255189	NC_012152.1	7374
SRR27421013.144381	NC_012152.1	7315
SRR27421013.259530	NC_012152.1	6855
SRR27421013.6561	NC_012152.1	9064
SRR27421013.145828	NC_012152.1	6275
SRR27421013.151355	NC_012152.1	8889
SRR27421013.60557	NC_012152.1	7663
SRR27421013.42547	NC_012152.1	6726
SRR27421013.161216	NC_012152.1	5920
SRR27421013.98105	NC_012152.1	6763
SRR27421013.65859	NC_012152.1	5606
SRR27421013.71020	NC_012152.1	7052
SRR27421013.42611	NC_012152.1	16978
SRR27421013.219165	NC_012152.1	6600
SRR27421013.21364	NC_012152.1	8429
SRR27421013.68028	NC_012152.1	6249
SRR27421013.9542	NC_012152.1	6480
SRR27421013.30784	NC_012152.1	6650
SRR27421013.102645	NC_012152.1	10135
SRR27421013.177480	NC_012152.1	6992
SRR27421013.97525	NC_012152.1	5946
SRR27421013.287594	NC_012152.1	5821
SRR27421013.103685	NC_012152.1	10014
SRR27421013.219769	NC_012152.1	6659
SRR27421013.157079	NC_012152.1	7854
SRR27421013.35565	NC_012152.1	6733
SRR27421013.36313	NC_012152.1	6772
SRR27421013.136312	NC_012152.1	7240
SRR27421013.247465	NC_012152.1	6934
SRR27421013.57423	NC_012152.1	6521
SRR27421013.276002	NC_012152.1	6771
SRR27421013.16830	NC_012152.1	8945
SRR27421013.179647	NC_012152.1	6616
SRR27421013.203484	NC_012152.1	5990
SRR27421013.236413	NC_012152.1	7010
SRR27421013.90805	NC_012152.1	6810
SRR27421013.128178	NC_012152.1	6520
SRR27421013.61389	NC_012152.1	6762
SRR27421013.190941	NC_012152.1	7453
SRR27421013.270038	NC_012152.1	6575
SRR27421013.225578	NC_012152.1	8212
SRR27421013.109131	NC_012152.1	7644
SRR27421013.203115	NC_012152.1	6940
SRR27421013.269158	NC_012152.1	7747
SRR27421013.57785	NC_012152.1	6198
SRR27421013.204134	NC_012152.1	6023
SRR27421013.163308	NC_012152.1	9302
SRR27421013.148720	NC_012152.1	9623
SRR27421013.215517	NC_012152.1	6658
SRR27421013.251873	NC_012152.1	7254
SRR27421013.95893	NC_012152.1	9366
SRR27421013.99584	NC_012152.1	6718
SRR27421013.83174	NC_012152.1	6362
SRR27421013.62875	NC_012152.1	8078
SRR27421013.156836	NC_012152.1	7155
SRR27421013.226189	NC_012152.1	6768
SRR27421013.14031	NC_012152.1	6977
SRR27421013.154407	NC_012152.1	6110
SRR27421013.251815	NC_012152.1	9810
SRR27421013.167187	NC_012152.1	6768
SRR27421013.277628	NC_012152.1	6661
SRR27421013.261485	NC_012152.1	6629
SRR27421013.27993	NC_012152.1	6159
SRR27421013.17	NC_012152.1	9671
SRR27421013.277970	NC_012152.1	6552
SRR27421013.284306	NC_012152.1	6576
SRR27421013.237891	NC_012152.1	7092
SRR27421013.108960	NC_012152.1	7031
SRR27421013.237630	NC_012152.1	7139
SRR27421013.23632	NC_012152.1	6590
SRR27421013.94713	NC_012152.1	9547
SRR27421013.60967	NC_012152.1	6603
SRR27421013.247347	NC_012152.1	6846
SRR27421013.198201	NC_012152.1	5876
SRR27421013.96617	NC_012152.1	6597
SRR27421013.35500	NC_012152.1	6947
SRR27421013.274329	NC_012152.1	9532
SRR27421013.72457	NC_012152.1	6043
SRR27421013.171241	NC_012152.1	5890
SRR27421013.218554	NC_012152.1	6694
SRR27421013.107027	NC_012152.1	7187
SRR27421013.112090	NC_012152.1	9178
SRR27421013.284072	NC_012152.1	6080
SRR27421013.27044	NC_012152.1	9509
SRR27421013.56871	NC_012152.1	6707
SRR27421013.25715	NC_012152.1	9461
SRR27421013.203617	NC_012152.1	6919
SRR27421013.166711	NC_012152.1	5835
SRR27421013.183048	NC_012152.1	6276
SRR27421013.18158	NC_012152.1	9575
SRR27421013.71127	NC_012152.1	6858
SRR27421013.286458	NC_012152.1	7748
SRR27421013.26206	NC_012152.1	6150
SRR27421013.62821	NC_012152.1	7232
SRR27421013.18927	NC_012152.1	10470
SRR27421013.156345	NC_012152.1	6771
SRR27421013.218256	NC_012152.1	8709
SRR27421013.188510	NC_012152.1	7498
SRR27421013.218618	NC_012152.1	6154
SRR27421013.119031	NC_012152.1	6788
SRR27421013.23398	NC_012152.1	7057
SRR27421013.105897	NC_012152.1	6919
SRR27421013.225348	NC_012152.1	6692
SRR27421013.47454	NC_012152.1	8723
SRR27421013.10287	NC_012152.1	9230
SRR27421013.279736	NC_012152.1	6272
SRR27421013.245611	NC_012152.1	6114
SRR27421013.106506	NC_012152.1	7054
SRR27421013.242859	NC_012152.1	6758
SRR27421013.205652	NC_012152.1	7327
SRR27421013.253041	NC_012152.1	6499
SRR27421013.220590	NC_012152.1	7989
SRR27421013.246649	NC_012152.1	5786
SRR27421013.218714	NC_012152.1	6907
SRR27421013.72788	NC_012152.1	6716
SRR27421013.41705	NC_012152.1	5318
SRR27421013.65923	NC_012152.1	9748
SRR27421013.125008	NC_012152.1	8197
SRR27421013.213255	NC_012152.1	9681
SRR27421013.41737	NC_012152.1	9982
SRR27421013.126391	NC_012152.1	6860
SRR27421013.99988	NC_012152.1	6867
SRR27421013.26280	NC_012152.1	6153
SRR27421013.202086	NC_012152.1	10083
SRR27421013.157601	NC_012152.1	9240
SRR27421013.209929	NC_012152.1	6833
SRR27421013.71812	NC_012152.1	9401
SRR27421013.190330	NC_012152.1	6824
SRR27421013.88803	NC_012152.1	6551
SRR27421013.239753	NC_012152.1	5999
SRR27421013.220443	NC_012152.1	6698
SRR27421013.71586	NC_012152.1	6070
SRR27421013.141392	NC_012152.1	9995
SRR27421013.92798	NC_012152.1	6471
SRR27421013.123346	NC_012152.1	6565
SRR27421013.233299	NC_012152.1	6652
SRR27421013.86967	NC_012152.1	6269
SRR27421013.274381	NC_012152.1	6893
SRR27421013.163301	NC_012152.1	6303
SRR27421013.248683	NC_012152.1	6261
SRR27421013.79690	NC_012152.1	9604
SRR27421013.174353	NC_012152.1	7032
SRR27421013.214613	NC_012152.1	6419
SRR27421013.165218	NC_012152.1	6860
SRR27421013.154923	NC_012152.1	6692
SRR27421013.268787	NC_012152.1	6616
SRR27421013.28920	NC_012152.1	6749
SRR27421013.207979	NC_012152.1	8137
SRR27421013.272885	NC_012152.1	5929
SRR27421013.283429	NC_012152.1	6792
SRR27421013.152974	NC_012152.1	6727
SRR27421013.213620	NC_012152.1	6158
SRR27421013.145312	NC_012152.1	6817
SRR27421013.247696	NC_012152.1	9137
SRR27421013.173965	NC_012152.1	6672
SRR27421013.178586	NC_012152.1	9729
SRR27421013.86351	NC_012152.1	6376
SRR27421013.136755	NC_012152.1	14951
SRR27421013.11575	NC_012152.1	6804
SRR27421013.164505	NC_012152.1	8212
SRR27421013.263945	NC_012152.1	7750
SRR27421013.179523	NC_012152.1	6184
SRR27421013.125649	NC_012152.1	6665
SRR27421013.129943	NC_012152.1	5953
SRR27421013.199954	NC_012152.1	9532
SRR27421013.59306	NC_012152.1	6763
SRR27421013.76700	NC_012152.1	7340
SRR27421013.249291	NC_012152.1	6362
SRR27421013.253654	NC_012152.1	7844
SRR27421013.1961	NC_012152.1	8370
SRR27421013.148277	NC_012152.1	6415
SRR27421013.57790	NC_012152.1	8740
SRR27421013.159918	NC_012152.1	6316
SRR27421013.40202	NC_012152.1	6497
SRR27421013.128780	NC_012152.1	6337
SRR27421013.102725	NC_012152.1	7793
SRR27421013.254001	NC_012152.1	6957
SRR27421013.287007	NC_012152.1	10326
SRR27421013.285806	NC_012152.1	9505
SRR27421013.169363	NC_012152.1	7338
SRR27421013.231108	NC_012152.1	6329
SRR27421013.15303	NC_012152.1	6311
SRR27421013.200358	NC_012152.1	6694
SRR27421013.273954	NC_012152.1	9155
SRR27421013.83488	NC_012152.1	5607
SRR27421013.11170	NC_012152.1	7721
SRR27421013.263211	NC_012152.1	6954
SRR27421013.165813	NC_012152.1	5841
SRR27421013.58242	NC_012152.1	6151
SRR27421013.165145	NC_012152.1	5265
SRR27421013.16160	NC_012152.1	5956
SRR27421013.13470	NC_012152.1	5963
SRR27421013.273933	NC_012152.1	6323
SRR27421013.17771	NC_012152.1	6818
SRR27421013.125845	NC_012152.1	9188
SRR27421013.274346	NC_012152.1	8438
SRR27421013.278913	NC_012152.1	9952
SRR27421013.179473	NC_012152.1	6283
SRR27421013.159611	NC_012152.1	6742
SRR27421013.105000	NC_012152.1	7068
SRR27421013.93030	NC_012152.1	6762
SRR27421013.112761	NC_012152.1	5898
SRR27421013.16581	NC_012152.1	6547
SRR27421013.140423	NC_012152.1	6551
SRR27421013.241545	NC_012152.1	8611
SRR27421013.229938	NC_012152.1	6622
SRR27421013.32067	NC_012152.1	5852
SRR27421013.157525	NC_012152.1	6808
SRR27421013.234054	NC_012152.1	6381
SRR27421013.273812	NC_012152.1	6736
SRR27421013.279021	NC_012152.1	6529
SRR27421013.256144	NC_012152.1	9506
SRR27421013.143441	NC_012152.1	9164
SRR27421013.142063	NC_012152.1	9055
SRR27421013.38508	NC_012152.1	6664
SRR27421013.52578	NC_012152.1	7154
SRR27421013.118058	NC_012152.1	9315
SRR27421013.212160	NC_012152.1	7588
SRR27421013.260161	NC_012152.1	6686
SRR27421013.3732	NC_012152.1	7056
SRR27421013.154697	NC_012152.1	6779
SRR27421013.40191	NC_012152.1	8845
SRR27421013.222505	NC_012152.1	6999
SRR27421013.53214	NC_012152.1	6734
SRR27421013.83926	NC_012152.1	9012
SRR27421013.196556	NC_012152.1	8642
SRR27421013.209679	NC_012152.1	9468
SRR27421013.42749	NC_012152.1	6737
SRR27421013.19367	NC_012152.1	6616
SRR27421013.38209	NC_012152.1	7041
SRR27421013.77314	NC_012152.1	5406
SRR27421013.27058	NC_012152.1	6986
SRR27421013.50387	NC_012152.1	6321
SRR27421013.1525	NC_012152.1	13837
SRR27421013.261625	NC_012152.1	6300
SRR27421013.137935	NC_012152.1	5893
SRR27421013.156745	NC_012152.1	6034
SRR27421013.278378	NC_012152.1	6334
SRR27421013.61575	NC_012152.1	6584
SRR27421013.150214	NC_012152.1	6541
SRR27421013.54859	NC_012152.1	7793
SRR27421013.124131	NC_012152.1	6809
SRR27421013.160480	NC_012152.1	6544
SRR27421013.282225	NC_012152.1	6011
SRR27421013.57375	NC_012152.1	6738
SRR27421013.190985	NC_012152.1	6839
SRR27421013.64276	NC_012152.1	5759
SRR27421013.187439	NC_012152.1	8719
SRR27421013.229970	NC_012152.1	6653
SRR27421013.133055	NC_012152.1	6650
SRR27421013.194692	NC_012152.1	9645
SRR27421013.131836	NC_012152.1	6648
SRR27421013.133958	NC_012152.1	7338
SRR27421013.173098	NC_012152.1	6542
SRR27421013.172217	NC_012152.1	6535
SRR27421013.242773	NC_012152.1	6569
SRR27421013.2402	NC_012152.1	8196
SRR27421013.226213	NC_012152.1	6742
SRR27421013.285608	NC_012152.1	6486
SRR27421013.130283	NC_012152.1	6305
SRR27421013.271392	NC_012152.1	6664
SRR27421013.8927	NC_012152.1	6879
SRR27421013.50306	NC_012152.1	5428
SRR27421013.281951	NC_012152.1	6868
SRR27421013.170876	NC_012152.1	6345
SRR27421013.197821	NC_012152.1	6769
SRR27421013.245332	NC_012152.1	6702
SRR27421013.211600	NC_012152.1	6379
SRR27421013.60550	NC_012152.1	6446
SRR27421013.277171	NC_012152.1	6474
SRR27421013.277265	NC_012152.1	6949
SRR27421013.148291	NC_012152.1	6878
SRR27421013.238993	NC_012152.1	6691
SRR27421013.274180	NC_012152.1	6810
SRR27421013.197503	NC_012152.1	7428
SRR27421013.218169	NC_012152.1	6455
SRR27421013.63873	NC_012152.1	9877
SRR27421013.265095	NC_012152.1	6519
SRR27421013.267349	NC_012152.1	6602
SRR27421013.115742	NC_012152.1	6626
SRR27421013.63536	NC_012152.1	5990
SRR27421013.126037	NC_012152.1	5259
SRR27421013.62819	NC_012152.1	6815
SRR27421013.246890	NC_012152.1	6998
SRR27421013.70621	NC_012152.1	6881
SRR27421013.240018	NC_012152.1	6307
SRR27421013.186204	NC_012152.1	6825
SRR27421013.94860	NC_012152.1	8335
SRR27421013.22412	NC_012152.1	6939
SRR27421013.267931	NC_012152.1	6441
SRR27421013.247593	NC_012152.1	6266
SRR27421013.214462	NC_012152.1	6594
SRR27421013.247704	NC_012152.1	8616
SRR27421013.199289	NC_012152.1	7311
SRR27421013.80632	NC_012152.1	7168
SRR27421013.81445	NC_012152.1	7848
SRR27421013.188076	NC_012152.1	6574
SRR27421013.137524	NC_012152.1	8618
SRR27421013.40214	NC_012152.1	7886
SRR27421013.282950	NC_012152.1	7229
SRR27421013.226985	NC_012152.1	5580
SRR27421013.215853	NC_012152.1	6377
SRR27421013.215224	NC_012152.1	6614
SRR27421013.245448	NC_012152.1	6321
SRR27421013.244412	NC_012152.1	6782
SRR27421013.18651	NC_012152.1	6763
SRR27421013.122899	NC_012152.1	6806
SRR27421013.111169	NC_012152.1	7066
SRR27421013.184364	NC_012152.1	6162
SRR27421013.184489	NC_012152.1	6648
SRR27421013.143195	NC_012152.1	7140
SRR27421013.48671	NC_012152.1	6270
SRR27421013.145992	NC_012152.1	5772
SRR27421013.206377	NC_012152.1	6310
SRR27421013.232468	NC_012152.1	7339
SRR27421013.232874	NC_012152.1	7287
SRR27421013.189643	NC_012152.1	5460
SRR27421013.106016	NC_012152.1	9286
SRR27421013.169252	NC_012152.1	6140
SRR27421013.128341	NC_012152.1	5513
SRR27421013.257127	NC_012152.1	6944
SRR27421013.153786	NC_012152.1	6566
SRR27421013.255966	NC_012152.1	7403
SRR27421013.35223	NC_012152.1	7753
SRR27421013.251408	NC_012152.1	8378
SRR27421013.248185	NC_012152.1	6211
SRR27421013.26545	NC_012152.1	7580
SRR27421013.189090	NC_012152.1	9657
SRR27421013.246901	NC_012152.1	9322
SRR27421013.1090	NC_012152.1	8953
SRR27421013.138447	NC_012152.1	5272
SRR27421013.273878	NC_012152.1	6858
SRR27421013.81452	NC_012152.1	5354
SRR27421013.234559	NC_012152.1	7316
SRR27421013.84784	NC_012152.1	6977
SRR27421013.197000	NC_012152.1	6835
SRR27421013.220092	NC_012152.1	7117
SRR27421013.60262	NC_012152.1	6191
SRR27421013.145365	NC_012152.1	6133
SRR27421013.175905	NC_012152.1	7887
SRR27421013.154396	NC_012152.1	6811
SRR27421013.223396	NC_012152.1	6701
SRR27421013.103554	NC_012152.1	6331
SRR27421013.224020	NC_012152.1	6046
SRR27421013.224471	NC_012152.1	6087
SRR27421013.286343	NC_012152.1	6287
SRR27421013.202597	NC_012152.1	5657
SRR27421013.23234	NC_012152.1	9484
SRR27421013.265617	NC_012152.1	7856
SRR27421013.58882	NC_012152.1	7016
SRR27421013.68936	NC_012152.1	6428
SRR27421013.105997	NC_012152.1	6921
SRR27421013.239611	NC_012152.1	6018
SRR27421013.236125	NC_012152.1	6345
SRR27421013.204493	NC_012152.1	9153
SRR27421013.5748	NC_012152.1	6286
SRR27421013.243957	NC_012152.1	6965
SRR27421013.217354	NC_012152.1	6510
SRR27421013.57650	NC_012152.1	6841
SRR27421013.258228	NC_012152.1	6056
SRR27421013.167665	NC_012152.1	6195
SRR27421013.273837	NC_012152.1	6621
SRR27421013.167009	NC_012152.1	9539
SRR27421013.246094	NC_012152.1	6479
SRR27421013.123970	NC_012152.1	6679
SRR27421013.193017	NC_012152.1	6166
SRR27421013.232512	NC_012152.1	7034
SRR27421013.51285	NC_012152.1	5328
SRR27421013.269392	NC_012152.1	5656
SRR27421013.285523	NC_012152.1	5319
SRR27421013.137258	NC_012152.1	6817
SRR27421013.111485	NC_012152.1	6984
SRR27421013.23600	NC_012152.1	6792
SRR27421013.171484	NC_012152.1	7583
SRR27421013.280981	NC_012152.1	5436
SRR27421013.14579	NC_012152.1	7018
SRR27421013.52619	NC_012152.1	6820
SRR27421013.99897	NC_012152.1	7308
SRR27421013.39745	NC_012152.1	9356
SRR27421013.122956	NC_012152.1	6214
SRR27421013.198472	NC_012152.1	6840
SRR27421013.251121	NC_012152.1	9642
SRR27421013.97011	NC_012152.1	7231
SRR27421013.196263	NC_012152.1	6180
SRR27421013.202842	NC_012152.1	9333
SRR27421013.220393	NC_012152.1	6908
SRR27421013.149593	NC_012152.1	6193
SRR27421013.80506	NC_012152.1	6770
SRR27421013.229076	NC_012152.1	8564
SRR27421013.26095	NC_012152.1	6852
SRR27421013.39509	NC_012152.1	7741
SRR27421013.41250	NC_012152.1	5927
SRR27421013.245128	NC_012152.1	6470
SRR27421013.113460	NC_012152.1	5251
SRR27421013.198017	NC_012152.1	6971
SRR27421013.51644	NC_012152.1	6942
SRR27421013.68095	NC_012152.1	6612
SRR27421013.234503	NC_012152.1	6892
SRR27421013.187504	NC_012152.1	7162
SRR27421013.38950	NC_012152.1	6494
SRR27421013.224335	NC_012152.1	5968
SRR27421013.23652	NC_012152.1	6690
SRR27421013.249894	NC_012152.1	5910
SRR27421013.43714	NC_012152.1	5263
SRR27421013.253076	NC_012152.1	6800
SRR27421013.216092	NC_012152.1	6412
SRR27421013.284961	NC_012152.1	7371
SRR27421013.165765	NC_012152.1	5972
SRR27421013.252930	NC_012152.1	8020
SRR27421013.176760	NC_012152.1	6699
SRR27421013.79710	NC_012152.1	6080
SRR27421013.100364	NC_012152.1	6871
SRR27421013.140371	NC_012152.1	8172
SRR27421013.101140	NC_012152.1	6831
SRR27421013.103621	NC_012152.1	9798
SRR27421013.209789	NC_012152.1	9394
SRR27421013.172342	NC_012152.1	5765
SRR27421013.101316	NC_012152.1	6705
SRR27421013.101054	NC_012152.1	6667
SRR27421013.158724	NC_012152.1	5873
SRR27421013.193311	NC_012152.1	6958
SRR27421013.69334	NC_012152.1	7058
SRR27421013.50661	NC_012152.1	6171
SRR27421013.88245	NC_012152.1	5687
SRR27421013.107537	NC_012152.1	9547
SRR27421013.223444	NC_012152.1	6670
SRR27421013.17224	NC_012152.1	5903
SRR27421013.265114	NC_012152.1	6760
SRR27421013.185055	NC_012152.1	6737
SRR27421013.104208	NC_012152.1	6715
SRR27421013.110920	NC_012152.1	6465
SRR27421013.266426	NC_012152.1	8790
SRR27421013.277143	NC_012152.1	6710
SRR27421013.222664	NC_012152.1	9792
SRR27421013.156272	NC_012152.1	6624
SRR27421013.152731	NC_012152.1	6522
SRR27421013.191076	NC_012152.1	6806
SRR27421013.219988	NC_012152.1	6858
SRR27421013.157709	NC_012152.1	8253
SRR27421013.248410	NC_012152.1	5842
SRR27421013.10950	NC_012152.1	6734
SRR27421013.141442	NC_012152.1	6422
SRR27421013.253742	NC_012152.1	9344
SRR27421013.33878	NC_012152.1	7614
SRR27421013.35111	NC_012152.1	7010
SRR27421013.276094	NC_012152.1	6965
SRR27421013.188167	NC_012152.1	6391
SRR27421013.232019	NC_012152.1	6731
SRR27421013.233080	NC_012152.1	6704
SRR27421013.58614	NC_012152.1	9628
SRR27421013.276500	NC_012152.1	6063
SRR27421013.155656	NC_012152.1	6138
SRR27421013.185642	NC_012152.1	5998
SRR27421013.125563	NC_012152.1	9545
SRR27421013.153527	NC_012152.1	6154
SRR27421013.57986	NC_012152.1	9651
SRR27421013.103962	NC_012152.1	6986
SRR27421013.41506	NC_012152.1	7473
SRR27421013.99952	NC_012152.1	6778
SRR27421013.107466	NC_012152.1	6749
SRR27421013.146188	NC_012152.1	6374
SRR27421013.71188	NC_012152.1	6777
SRR27421013.161497	NC_012152.1	6955
SRR27421013.175599	NC_012152.1	6590
SRR27421013.72582	NC_012152.1	6789
SRR27421013.105716	NC_012152.1	6793
SRR27421013.205002	NC_012152.1	5573
SRR27421013.206544	NC_012152.1	6136
SRR27421013.16545	NC_012152.1	9833
SRR27421013.241678	NC_012152.1	5691
SRR27421013.9557	NC_012152.1	6656
SRR27421013.38575	NC_012152.1	6677
SRR27421013.39445	NC_012152.1	6029
SRR27421013.207500	NC_012152.1	6132
SRR27421013.114123	NC_012152.1	6497
SRR27421013.24524	NC_012152.1	6785
SRR27421013.245714	NC_012152.1	6570
SRR27421013.75929	NC_012152.1	9579
SRR27421013.250865	NC_012152.1	5882
SRR27421013.260984	NC_012152.1	9083
SRR27421013.17973	NC_012152.1	6670
SRR27421013.26173	NC_012152.1	6661
SRR27421013.29639	NC_012152.1	5764
SRR27421013.132223	NC_012152.1	5462
SRR27421013.5364	NC_012152.1	6783
SRR27421013.161159	NC_012152.1	6690
SRR27421013.141996	NC_012152.1	7002
SRR27421013.109467	NC_012152.1	6798
SRR27421013.204351	NC_012152.1	6712
SRR27421013.94580	NC_012152.1	9831
SRR27421013.12292	NC_012152.1	5720
SRR27421013.133678	NC_012152.1	6088
SRR27421013.15708	NC_012152.1	6542
SRR27421013.78846	NC_012152.1	6437
SRR27421013.16781	NC_012152.1	6617
SRR27421013.139093	NC_012152.1	9508
SRR27421013.158593	NC_012152.1	6873
SRR27421013.155578	NC_012152.1	5648
SRR27421013.135763	NC_012152.1	5813
SRR27421013.9352	NC_012152.1	13490
SRR27421013.176734	NC_012152.1	6933
SRR27421013.161949	NC_012152.1	9244
SRR27421013.14073	NC_012152.1	9141
SRR27421013.61693	NC_012152.1	9042
SRR27421013.251549	NC_012152.1	5731
SRR27421013.116349	NC_012152.1	9173
SRR27421013.205239	NC_012152.1	5975
SRR27421013.34152	NC_012152.1	9417
SRR27421013.170200	NC_012152.1	5690
SRR27421013.178524	NC_012152.1	6198
SRR27421013.104954	NC_012152.1	8399
SRR27421013.23515	NC_012152.1	7238
SRR27421013.510	NC_012152.1	6688
SRR27421013.95568	NC_012152.1	7582
SRR27421013.4036	NC_012152.1	9075
SRR27421013.111882	NC_012152.1	6998
SRR27421013.163596	NC_012152.1	6438
SRR27421013.93694	NC_012152.1	5891
SRR27421013.192908	NC_012152.1	6597
SRR27421013.109008	NC_012152.1	6413
SRR27421013.70233	NC_012152.1	5807
SRR27421013.146601	NC_012152.1	7827
SRR27421013.147865	NC_012152.1	5855
SRR27421013.73608	NC_012152.1	6476
SRR27421013.240692	NC_012152.1	7359
SRR27421013.137388	NC_012152.1	8495
SRR27421013.260032	NC_012152.1	5775
SRR27421013.213857	NC_012152.1	6210
SRR27421013.71595	NC_012152.1	6904
SRR27421013.223800	NC_012152.1	6797
SRR27421013.135618	NC_012152.1	6509
SRR27421013.233608	NC_012152.1	6134
SRR27421013.288290	NC_012152.1	6894
SRR27421013.227262	NC_012152.1	9673
SRR27421013.129748	NC_012152.1	8741
SRR27421013.47429	NC_012152.1	5618
SRR27421013.73379	NC_012152.1	6841
SRR27421013.41611	NC_012152.1	5660
SRR27421013.122910	NC_012152.1	8376
SRR27421013.16014	NC_012152.1	6296
SRR27421013.236083	NC_012152.1	5824
SRR27421013.268786	NC_012152.1	6731
SRR27421013.191596	NC_012152.1	5678
SRR27421013.120760	NC_012152.1	6143
SRR27421013.49342	NC_012152.1	8380
SRR27421013.287903	NC_012152.1	9045
SRR27421013.67205	NC_012152.1	6375
SRR27421013.98013	NC_012152.1	9755
SRR27421013.263862	NC_012152.1	8014
SRR27421013.112326	NC_012152.1	5602
SRR27421013.233592	NC_012152.1	6244
SRR27421013.95112	NC_012152.1	5852
SRR27421013.276636	NC_012152.1	6679
SRR27421013.70611	NC_012152.1	6262
SRR27421013.123488	NC_012152.1	9334
SRR27421013.36987	NC_012152.1	5756
SRR27421013.72779	NC_012152.1	6829
SRR27421013.270179	NC_012152.1	6113
SRR27421013.283061	NC_012152.1	7113
SRR27421013.96353	NC_012152.1	5549
SRR27421013.234427	NC_012152.1	13712
SRR27421013.253553	NC_012152.1	6067
SRR27421013.19803	NC_012152.1	6931
SRR27421013.101273	NC_012152.1	6071
SRR27421013.20730	NC_012152.1	6921
SRR27421013.89500	NC_012152.1	9584
SRR27421013.211336	NC_012152.1	6475
SRR27421013.133654	NC_012152.1	7465
SRR27421013.167997	NC_012152.1	5575
SRR27421013.178838	NC_012152.1	18665
SRR27421013.113119	NC_012152.1	7231
SRR27421013.159243	NC_012152.1	9346
SRR27421013.218757	NC_012152.1	6721
SRR27421013.266166	NC_012152.1	5622
SRR27421013.266181	NC_012152.1	6282
SRR27421013.53571	NC_012152.1	5940
SRR27421013.149430	NC_012152.1	5946
SRR27421013.176437	NC_012152.1	5573
SRR27421013.120087	NC_012152.1	6560
SRR27421013.125701	NC_012152.1	5147
SRR27421013.189903	NC_012152.1	5135
SRR27421013.124906	NC_012152.1	5468
SRR27421013.114710	NC_012152.1	5603
SRR27421013.162073	NC_012152.1	5586
SRR27421013.104083	NC_012152.1	6804
SRR27421013.123143	NC_012152.1	6099
SRR27421013.248920	NC_012152.1	6741
SRR27421013.187572	NC_012152.1	6091
SRR27421013.271012	NC_012152.1	6718
SRR27421013.102154	NC_012152.1	6837
SRR27421013.188445	NC_012152.1	5303
SRR27421013.255559	NC_012152.1	9158
SRR27421013.96216	NC_012152.1	5505
SRR27421013.150715	NC_012152.1	6147
SRR27421013.48540	NC_012152.1	6491
SRR27421013.16619	NC_012152.1	7055
SRR27421013.182048	NC_012152.1	6660
SRR27421013.22506	NC_012152.1	5771
SRR27421013.173254	NC_012152.1	6198
SRR27421013.278159	NC_012152.1	6197
SRR27421013.81347	NC_012152.1	6740
SRR27421013.43530	NC_012152.1	5270
SRR27421013.185244	NC_012152.1	9661
SRR27421013.70876	NC_012152.1	6507
SRR27421013.220224	NC_012152.1	6704
SRR27421013.231137	NC_012152.1	6636
SRR27421013.3000	NC_012152.1	9383
SRR27421013.29128	NC_012152.1	7077
SRR27421013.137604	NC_012152.1	6638
SRR27421013.2710	NC_012152.1	5517
SRR27421013.136343	NC_012152.1	5405
SRR27421013.261770	NC_012152.1	6505
SRR27421013.36329	NC_012152.1	5736
SRR27421013.187359	NC_012152.1	6420
SRR27421013.121397	NC_012152.1	9191
SRR27421013.40399	NC_012152.1	5907
SRR27421013.105892	NC_012152.1	9187
SRR27421013.13809	NC_012152.1	5332
SRR27421013.25955	NC_012152.1	6044
SRR27421013.77266	NC_012152.1	5516
SRR27421013.200753	NC_012152.1	11452
SRR27421013.42188	NC_012152.1	8482
SRR27421013.223370	NC_012152.1	5485
SRR27421013.246651	NC_012152.1	6961
SRR27421013.138468	NC_012152.1	7205
SRR27421013.205633	NC_012152.1	9271
SRR27421013.135875	NC_012152.1	8251
SRR27421013.26456	NC_012152.1	9372
SRR27421013.74405	NC_012152.1	7531
SRR27421013.15356	NC_012152.1	8530
SRR27421013.241719	NC_012152.1	5399
SRR27421013.17625	NC_012152.1	5372
SRR27421013.141851	NC_012152.1	9670
SRR27421013.82695	NC_012152.1	10120
SRR27421013.152166	NC_012152.1	6776
SRR27421013.3198	NC_012152.1	8192
SRR27421013.118013	NC_012152.1	7741
SRR27421013.171475	NC_012152.1	6106
SRR27421013.80241	NC_012152.1	5399
SRR27421013.137556	NC_012152.1	8110
SRR27421013.142538	NC_012152.1	8252
SRR27421013.234224	NC_012152.1	5353
SRR27421013.96187	NC_012152.1	10156
SRR27421013.3081	NC_012152.1	6738
SRR27421013.156482	NC_012152.1	6621
SRR27421013.207097	NC_012152.1	6772
SRR27421013.81916	NC_012152.1	7277
SRR27421013.130809	NC_012152.1	5117
SRR27421013.143101	NC_012152.1	5860
SRR27421013.237496	NC_012152.1	8990
SRR27421013.286090	NC_012152.1	6089
SRR27421013.159787	NC_012152.1	6583
SRR27421013.87395	NC_012152.1	9547
SRR27421013.240289	NC_012152.1	5823
SRR27421013.79631	NC_012152.1	5228
SRR27421013.101459	NC_012152.1	6849
SRR27421013.78318	NC_012152.1	9326
SRR27421013.73167	NC_012152.1	7073
SRR27421013.246733	NC_012152.1	7552
SRR27421013.246473	NC_012152.1	7545
SRR27421013.38561	NC_012152.1	6692
SRR27421013.225797	NC_012152.1	6858
SRR27421013.280751	NC_012152.1	5390
SRR27421013.205508	NC_012152.1	7315
SRR27421013.204497	NC_012152.1	6921
SRR27421013.182297	NC_012152.1	6874
SRR27421013.221100	NC_012152.1	7752
SRR27421013.72046	NC_012152.1	6835
SRR27421013.203556	NC_012152.1	7125
SRR27421013.36099	NC_012152.1	9635
SRR27421013.203570	NC_012152.1	7122
SRR27421013.138006	NC_012152.1	5289
SRR27421013.277735	NC_012152.1	6436
SRR27421013.194424	NC_012152.1	6717
SRR27421013.237376	NC_012152.1	6419
SRR27421013.159063	NC_012152.1	5394
SRR27421013.88335	NC_012152.1	6844
SRR27421013.16461	NC_012152.1	6982
SRR27421013.285054	NC_012152.1	6923
SRR27421013.20099	NC_012152.1	6722
SRR27421013.212665	NC_012152.1	9578
SRR27421013.17726	NC_012152.1	6716
SRR27421013.287682	NC_012152.1	7170
SRR27421013.55037	NC_012152.1	6761
SRR27421013.56852	NC_012152.1	6774
SRR27421013.69839	NC_012152.1	7051
SRR27421013.18223	NC_012152.1	6782
SRR27421013.837	NC_012152.1	5347
SRR27421013.163434	NC_012152.1	5860
SRR27421013.59383	NC_012152.1	7116
SRR27421013.146363	NC_012152.1	6464
SRR27421013.23545	NC_012152.1	9762
SRR27421013.132833	NC_012152.1	9700
SRR27421013.23875	NC_012152.1	6264
SRR27421013.70504	NC_012152.1	9033
SRR27421013.233398	NC_012152.1	6663
SRR27421013.267032	NC_012152.1	9970
SRR27421013.273498	NC_012152.1	6900
SRR27421013.172226	NC_012152.1	6028
SRR27421013.147634	NC_012152.1	6633
SRR27421013.108668	NC_012152.1	6203
SRR27421013.175234	NC_012152.1	6106
SRR27421013.189599	NC_012152.1	7878
SRR27421013.203793	NC_012152.1	6979
SRR27421013.105094	NC_012152.1	9431
SRR27421013.89978	NC_012152.1	9668
SRR27421013.135716	NC_012152.1	6673
SRR27421013.232736	NC_012152.1	5281
SRR27421013.184564	NC_012152.1	10119
SRR27421013.191409	NC_012152.1	9280
SRR27421013.81096	NC_012152.1	6735
SRR27421013.190297	NC_012152.1	6029
SRR27421013.271743	NC_012152.1	9855
SRR27421013.68069	NC_012152.1	7035
SRR27421013.119783	NC_012152.1	5066
SRR27421013.72937	NC_012152.1	6832
SRR27421013.64010	NC_012152.1	5247
SRR27421013.249168	NC_012152.1	9240
SRR27421013.274322	NC_012152.1	5011
SRR27421013.25938	NC_012152.1	6222
SRR27421013.276554	NC_012152.1	12232
SRR27421013.69127	NC_012152.1	5828
SRR27421013.101814	NC_012152.1	8196
SRR27421013.160465	NC_012152.1	5259
SRR27421013.194781	NC_012152.1	5190
SRR27421013.60918	NC_012152.1	6883
SRR27421013.10276	NC_012152.1	6265
SRR27421013.169011	NC_012152.1	6683
SRR27421013.240838	NC_012152.1	6088
SRR27421013.209105	NC_012152.1	5098
SRR27421013.41196	NC_012152.1	6762
SRR27421013.231284	NC_012152.1	7528
SRR27421013.272369	NC_012152.1	9633
SRR27421013.111443	NC_012152.1	5488
SRR27421013.228490	NC_012152.1	6598
SRR27421013.108157	NC_012152.1	5477
SRR27421013.213137	NC_012152.1	6456
SRR27421013.92101	NC_012152.1	6304
SRR27421013.181710	NC_012152.1	7376
SRR27421013.41342	NC_012152.1	6719
SRR27421013.249795	NC_012152.1	6807
SRR27421013.219366	NC_012152.1	6062
SRR27421013.197013	NC_012152.1	5298
SRR27421013.18708	NC_012152.1	7004
SRR27421013.284099	NC_012152.1	6799
SRR27421013.192297	NC_012152.1	6844
SRR27421013.196824	NC_012152.1	8196
SRR27421013.256214	NC_012152.1	9437
SRR27421013.256888	NC_012152.1	9588
SRR27421013.114509	NC_012152.1	6961
SRR27421013.46480	NC_012152.1	6981
SRR27421013.71777	NC_012152.1	10657
SRR27421013.187482	NC_012152.1	6390
SRR27421013.78227	NC_012152.1	6606
SRR27421013.166379	NC_012152.1	5984
SRR27421013.221594	NC_012152.1	6588
SRR27421013.176220	NC_012152.1	6869
SRR27421013.78740	NC_012152.1	8725
SRR27421013.38640	NC_012152.1	6752
SRR27421013.158483	NC_012152.1	7287
SRR27421013.124609	NC_012152.1	7619
SRR27421013.254612	NC_012152.1	7011
SRR27421013.35440	NC_012152.1	6451
SRR27421013.251267	NC_012152.1	7204
SRR27421013.171874	NC_012152.1	5159
SRR27421013.254026	NC_012152.1	7183
SRR27421013.106429	NC_012152.1	8571
SRR27421013.215384	NC_012152.1	6840
SRR27421013.34153	NC_012152.1	6934
SRR27421013.102466	NC_012152.1	5100
SRR27421013.275954	NC_012152.1	6764
SRR27421013.20241	NC_012152.1	5278
SRR27421013.238698	NC_012152.1	6955
SRR27421013.18109	NC_012152.1	6803
SRR27421013.207474	NC_012152.1	9776
SRR27421013.276598	NC_012152.1	9669
SRR27421013.240487	NC_012152.1	9838
SRR27421013.166215	NC_012152.1	6605
SRR27421013.262814	NC_012152.1	6939
SRR27421013.287900	NC_012152.1	6979
SRR27421013.127262	NC_012152.1	6757
SRR27421013.73619	NC_012152.1	6205
SRR27421013.148715	NC_012152.1	9910
SRR27421013.166050	NC_012152.1	6637
SRR27421013.132693	NC_012152.1	6719
SRR27421013.133786	NC_012152.1	6616
SRR27421013.100133	NC_012152.1	6824
SRR27421013.252227	NC_012152.1	7424
SRR27421013.141867	NC_012152.1	6746
SRR27421013.173355	NC_012152.1	8880
SRR27421013.14504	NC_012152.1	6605
SRR27421013.286481	NC_012152.1	5020
SRR27421013.256935	NC_012152.1	9729
SRR27421013.183654	NC_012152.1	6848
SRR27421013.25779	NC_012152.1	5130
SRR27421013.112532	NC_012152.1	13989
SRR27421013.125264	NC_012152.1	10048
SRR27421013.148886	NC_012152.1	6799
SRR27421013.109165	NC_012152.1	6717
SRR27421013.263928	NC_012152.1	6406
SRR27421013.247413	NC_012152.1	6765
SRR27421013.252645	NC_012152.1	7180
SRR27421013.241730	NC_012152.1	6998
SRR27421013.277087	NC_012152.1	5176
SRR27421013.142836	NC_012152.1	5227
SRR27421013.155672	NC_012152.1	7029
SRR27421013.217812	NC_012152.1	9397
SRR27421013.263587	NC_012152.1	7032
SRR27421013.284230	NC_012152.1	7562
SRR27421013.11206	NC_012152.1	9759
SRR27421013.6172	NC_012152.1	6647
SRR27421013.246510	NC_012152.1	7126
SRR27421013.103844	NC_012152.1	7930
SRR27421013.8032	NC_012152.1	6111
SRR27421013.171561	NC_012152.1	6996
SRR27421013.134155	NC_012152.1	6615
SRR27421013.41455	NC_012152.1	6841
SRR27421013.226033	NC_012152.1	8139
SRR27421013.58968	NC_012152.1	8179
SRR27421013.146952	NC_012152.1	6382
SRR27421013.202823	NC_012152.1	6785
SRR27421013.59067	NC_012152.1	8125
SRR27421013.173175	NC_012152.1	7053
SRR27421013.257702	NC_012152.1	6949
SRR27421013.141380	NC_012152.1	7551
SRR27421013.32598	NC_012152.1	6578
SRR27421013.238538	NC_012152.1	6208
SRR27421013.246987	NC_012152.1	6694
SRR27421013.247588	NC_012152.1	5347
SRR27421013.150414	NC_012152.1	6094
SRR27421013.208288	NC_012152.1	6502
SRR27421013.282127	NC_012152.1	8065
SRR27421013.282605	NC_012152.1	8089
SRR27421013.206701	NC_012152.1	6171
SRR27421013.201479	NC_012152.1	6791
SRR27421013.164627	NC_012152.1	6549
SRR27421013.142699	NC_012152.1	7117
SRR27421013.42962	NC_012152.1	6510
SRR27421013.21059	NC_012152.1	6773
SRR27421013.8692	NC_012152.1	7045
SRR27421013.268243	NC_012152.1	5741
SRR27421013.204944	NC_012152.1	15775
SRR27421013.205407	NC_012152.1	6602
SRR27421013.218562	NC_012152.1	6921
SRR27421013.84164	NC_012152.1	6417
SRR27421013.3925	NC_012152.1	5150
SRR27421013.199647	NC_012152.1	9930
SRR27421013.281841	NC_012152.1	7129
SRR27421013.283747	NC_012152.1	6956
SRR27421013.106802	NC_012152.1	5978
SRR27421013.129444	NC_012152.1	5332
SRR27421013.95695	NC_012152.1	7688
SRR27421013.203228	NC_012152.1	6828
SRR27421013.204255	NC_012152.1	6734
SRR27421013.70492	NC_012152.1	5252
SRR27421013.74440	NC_012152.1	6858
SRR27421013.237898	NC_012152.1	6685
SRR27421013.222982	NC_012152.1	8725
SRR27421013.189585	NC_012152.1	7010
SRR27421013.239558	NC_012152.1	6835
SRR27421013.9844	NC_012152.1	6839
SRR27421013.78906	NC_012152.1	6681
SRR27421013.49032	NC_012152.1	6389
SRR27421013.22305	NC_012152.1	13465
SRR27421013.18669	NC_012152.1	9731
SRR27421013.62711	NC_012152.1	6008
SRR27421013.205963	NC_012152.1	6682
SRR27421013.248431	NC_012152.1	6964
SRR27421013.17611	NC_012152.1	8402
SRR27421013.151448	NC_012152.1	5226
SRR27421013.129316	NC_012152.1	6659
SRR27421013.210641	NC_012152.1	7348
SRR27421013.162946	NC_012152.1	9666
SRR27421013.225017	NC_012152.1	7893
SRR27421013.218060	NC_012152.1	6759
SRR27421013.89251	NC_012152.1	6717
SRR27421013.214308	NC_012152.1	7037
SRR27421013.17662	NC_012152.1	6771
SRR27421013.238558	NC_012152.1	6010
SRR27421013.258977	NC_012152.1	6836
SRR27421013.180300	NC_012152.1	6839
SRR27421013.69662	NC_012152.1	6346
SRR27421013.283784	NC_012152.1	6093
SRR27421013.10462	NC_012152.1	13640
SRR27421013.43705	NC_012152.1	7927
SRR27421013.193391	NC_012152.1	5901
SRR27421013.195595	NC_012152.1	5926
SRR27421013.249369	NC_012152.1	5493
SRR27421013.102305	NC_012152.1	6545
SRR27421013.196312	NC_012152.1	6668
SRR27421013.202466	NC_012152.1	6561
SRR27421013.33440	NC_012152.1	6446
SRR27421013.224836	NC_012152.1	6461
SRR27421013.250920	NC_012152.1	9705
SRR27421013.60921	NC_012152.1	6468
SRR27421013.273834	NC_012152.1	6734
SRR27421013.234402	NC_012152.1	9715
SRR27421013.131445	NC_012152.1	6909
SRR27421013.88705	NC_012152.1	6770
SRR27421013.184670	NC_012152.1	9325
SRR27421013.66521	NC_012152.1	6999
SRR27421013.67993	NC_012152.1	9591
SRR27421013.238225	NC_012152.1	7715
SRR27421013.130455	NC_012152.1	5928
SRR27421013.130868	NC_012152.1	6900
SRR27421013.1913	NC_012152.1	6116
SRR27421013.151183	NC_012152.1	6308
SRR27421013.165930	NC_012152.1	6418
SRR27421013.222950	NC_012152.1	6277
SRR27421013.63944	NC_012152.1	13288
SRR27421013.210181	NC_012152.1	9482
SRR27421013.162412	NC_012152.1	6808
SRR27421013.192819	NC_012152.1	9970
SRR27421013.251400	NC_012152.1	6698
SRR27421013.139902	NC_012152.1	6482
SRR27421013.263390	NC_012152.1	9109
SRR27421013.110697	NC_012152.1	6810
SRR27421013.25578	NC_012152.1	5985
SRR27421013.76994	NC_012152.1	6636
SRR27421013.197099	NC_012152.1	6946
SRR27421013.17372	NC_012152.1	7615
SRR27421013.17774	NC_012152.1	6658
SRR27421013.226729	NC_012152.1	7691
SRR27421013.18293	NC_012152.1	8267
SRR27421013.287893	NC_012152.1	6602
SRR27421013.62014	NC_012152.1	6663
SRR27421013.191921	NC_012152.1	7497
SRR27421013.158329	NC_012152.1	5131
SRR27421013.194492	NC_012152.1	8322
SRR27421013.33986	NC_012152.1	11890
SRR27421013.243577	NC_012152.1	7884
SRR27421013.115241	NC_012152.1	7889
SRR27421013.247718	NC_012152.1	5564
SRR27421013.215150	NC_012152.1	6153
SRR27421013.263927	NC_012152.1	6101
SRR27421013.57681	NC_012152.1	9313
SRR27421013.148735	NC_012152.1	6675
SRR27421013.247788	NC_012152.1	5187
SRR27421013.19567	NC_012152.1	6658
SRR27421013.268083	NC_012152.1	8056
SRR27421013.118379	NC_012152.1	9624
SRR27421013.194421	NC_012152.1	9799
SRR27421013.179469	NC_012152.1	6332
SRR27421013.284373	NC_012152.1	6839
SRR27421013.71890	NC_012152.1	6988
SRR27421013.71889	NC_012152.1	7024
SRR27421013.168101	NC_012152.1	9690
SRR27421013.283062	NC_012152.1	9362
SRR27421013.68348	NC_012152.1	9590
SRR27421013.71278	NC_012152.1	9644
SRR27421013.253011	NC_012152.1	6983
SRR27421013.266322	NC_012152.1	7204
SRR27421013.260951	NC_012152.1	7168
SRR27421013.68482	NC_012152.1	7230
SRR27421013.170187	NC_012152.1	6600
SRR27421013.239565	NC_012152.1	6617
SRR27421013.223419	NC_012152.1	5282
SRR27421013.64320	NC_012152.1	6547
SRR27421013.122180	NC_012152.1	6320
SRR27421013.2972	NC_012152.1	6748
SRR27421013.18802	NC_012152.1	7018
SRR27421013.119183	NC_012152.1	6550
SRR27421013.125959	NC_012152.1	7035
SRR27421013.171054	NC_012152.1	8985
SRR27421013.11642	NC_012152.1	7047
SRR27421013.227519	NC_012152.1	6832
SRR27421013.158423	NC_012152.1	6406
SRR27421013.80217	NC_012152.1	6132
SRR27421013.8573	NC_012152.1	6745
SRR27421013.140476	NC_012152.1	5963
SRR27421013.165618	NC_012152.1	7220
SRR27421013.40	NC_012152.1	6189
SRR27421013.1011	NC_012152.1	6732
SRR27421013.198341	NC_012152.1	9150
SRR27421013.160249	NC_012152.1	9522
SRR27421013.103338	NC_012152.1	9608
SRR27421013.118431	NC_012152.1	6347
SRR27421013.58851	NC_012152.1	6691
SRR27421013.31845	NC_012152.1	6447
SRR27421013.136063	NC_012152.1	9414
SRR27421013.221390	NC_012152.1	6237
SRR27421013.136688	NC_012152.1	9425
SRR27421013.222166	NC_012152.1	8841
SRR27421013.110504	NC_012152.1	7467
SRR27421013.113257	NC_012152.1	6531
SRR27421013.71369	NC_012152.1	6454
SRR27421013.216668	NC_012152.1	7176
SRR27421013.17475	NC_012152.1	9916
SRR27421013.48869	NC_012152.1	8563
SRR27421013.206045	NC_012152.1	6643
SRR27421013.102838	NC_012152.1	6886
SRR27421013.160991	NC_012152.1	9403
SRR27421013.167584	NC_012152.1	6856
SRR27421013.151193	NC_012152.1	7065
SRR27421013.211820	NC_012152.1	6827
SRR27421013.251842	NC_012152.1	6729
SRR27421013.3758	NC_012152.1	6657
SRR27421013.109798	NC_012152.1	6409
SRR27421013.150206	NC_012152.1	6443
SRR27421013.125304	NC_012152.1	5763
SRR27421013.239979	NC_012152.1	6646
SRR27421013.286195	NC_012152.1	7175
SRR27421013.169741	NC_012152.1	6267
SRR27421013.110576	NC_012152.1	8037
SRR27421013.272847	NC_012152.1	7764
SRR27421013.95238	NC_012152.1	5825
SRR27421013.54413	NC_012152.1	5900
SRR27421013.24277	NC_012152.1	5602
SRR27421013.153631	NC_012152.1	8447
SRR27421013.257735	NC_012152.1	6940
SRR27421013.21219	NC_012152.1	6670
SRR27421013.123269	NC_012152.1	9237
SRR27421013.106557	NC_012152.1	6575
SRR27421013.50066	NC_012152.1	6678
SRR27421013.79781	NC_012152.1	6919
SRR27421013.87330	NC_012152.1	6971
SRR27421013.283433	NC_012152.1	6515
SRR27421013.118995	NC_012152.1	6887
SRR27421013.61856	NC_012152.1	7978
SRR27421013.145442	NC_012152.1	7246
SRR27421013.51023	NC_012152.1	6582
SRR27421013.143036	NC_012152.1	8324
SRR27421013.83654	NC_012152.1	6817
SRR27421013.25998	NC_012152.1	8094
SRR27421013.24589	NC_012152.1	6643
SRR27421013.199979	NC_012152.1	6514
SRR27421013.216545	NC_012152.1	6765
SRR27421013.18562	NC_012152.1	5766
SRR27421013.38621	NC_012152.1	6772
SRR27421013.191691	NC_012152.1	6265
SRR27421013.90867	NC_012152.1	9423
SRR27421013.191965	NC_012152.1	8662
SRR27421013.274938	NC_012152.1	7202
SRR27421013.286249	NC_012152.1	6293
SRR27421013.229757	NC_012152.1	6901
SRR27421013.234631	NC_012152.1	6206
SRR27421013.169329	NC_012152.1	6740
SRR27421013.288174	NC_012152.1	6742
SRR27421013.62198	NC_012152.1	9478
SRR27421013.78178	NC_012152.1	10095
SRR27421013.209861	NC_012152.1	10295
SRR27421013.210389	NC_012152.1	10200
SRR27421013.232046	NC_012152.1	6629
SRR27421013.130405	NC_012152.1	6791
SRR27421013.58532	NC_012152.1	6735
SRR27421013.8790	NC_012152.1	6633
SRR27421013.232965	NC_012152.1	9245
SRR27421013.285295	NC_012152.1	12047
SRR27421013.10897	NC_012152.1	6804
SRR27421013.137393	NC_012152.1	5047
SRR27421013.1611	NC_012152.1	6608
SRR27421013.140778	NC_012152.1	6966
SRR27421013.144513	NC_012152.1	6644
SRR27421013.193450	NC_012152.1	6679
SRR27421013.39840	NC_012152.1	6758
SRR27421013.79517	NC_012152.1	6819
SRR27421013.164851	NC_012152.1	6784
SRR27421013.69540	NC_012152.1	5002
SRR27421013.18130	NC_012152.1	6424
SRR27421013.12847	NC_012152.1	9201
SRR27421013.18793	NC_012152.1	6403
SRR27421013.151945	NC_012152.1	8185
SRR27421013.11158	NC_012152.1	6886
SRR27421013.187640	NC_012152.1	7313
SRR27421013.128202	NC_012152.1	6051
SRR27421013.288081	NC_012152.1	6234
SRR27421013.138525	NC_012152.1	9302
SRR27421013.138526	NC_012152.1	9344
SRR27421013.233422	NC_012152.1	6217
SRR27421013.187039	NC_012152.1	6766
SRR27421013.217764	NC_012152.1	6478
SRR27421013.114115	NC_012152.1	6780
SRR27421013.155680	NC_012152.1	13954
SRR27421013.190822	NC_012152.1	6945
SRR27421013.53167	NC_012152.1	6768
SRR27421013.209978	NC_012152.1	6483
SRR27421013.220335	NC_012152.1	6708
SRR27421013.14150	NC_012152.1	9210
SRR27421013.14376	NC_012152.1	5387
SRR27421013.19482	NC_012152.1	7265
SRR27421013.186518	NC_012152.1	6325
SRR27421013.1230	NC_012152.1	12857
SRR27421013.238092	NC_012152.1	7970
SRR27421013.198142	NC_012152.1	6220
SRR27421013.186766	NC_012152.1	6236
SRR27421013.18487	NC_012152.1	7128
SRR27421013.75587	NC_012152.1	7072
SRR27421013.275209	NC_012152.1	6997
SRR27421013.260133	NC_012152.1	6876
SRR27421013.13016	NC_012152.1	6145
SRR27421013.244693	NC_012152.1	6161
SRR27421013.273131	NC_012152.1	6947
SRR27421013.149200	NC_012152.1	6780
SRR27421013.28267	NC_012152.1	6826
SRR27421013.239140	NC_012152.1	7005
SRR27421013.193374	NC_012152.1	7685
SRR27421013.185554	NC_012152.1	6455
SRR27421013.147706	NC_012152.1	6701
SRR27421013.240372	NC_012152.1	9234
SRR27421013.202486	NC_012152.1	9317
SRR27421013.161245	NC_012152.1	6762
SRR27421013.272055	NC_012152.1	6233
SRR27421013.61100	NC_012152.1	5780
SRR27421013.220843	NC_012152.1	5707
SRR27421013.53329	NC_012152.1	6880
SRR27421013.46919	NC_012152.1	5026
SRR27421013.22837	NC_012152.1	6961
SRR27421013.234741	NC_012152.1	9217
SRR27421013.106667	NC_012152.1	6616
SRR27421013.107741	NC_012152.1	6645
SRR27421013.4450	NC_012152.1	7469
SRR27421013.158813	NC_012152.1	8897
SRR27421013.39994	NC_012152.1	13510
SRR27421013.222267	NC_012152.1	9284
SRR27421013.118395	NC_012152.1	7339
SRR27421013.283659	NC_012152.1	5549
SRR27421013.282549	NC_012152.1	5562
SRR27421013.126701	NC_012152.1	5542
SRR27421013.236815	NC_012152.1	6462
SRR27421013.217907	NC_012152.1	6752
SRR27421013.51431	NC_012152.1	5286
SRR27421013.149302	NC_012152.1	6449
SRR27421013.233173	NC_012152.1	7657
SRR27421013.566	NC_012152.1	6605
SRR27421013.101723	NC_012152.1	6192
SRR27421013.128453	NC_012152.1	6941
SRR27421013.77050	NC_012152.1	6878
SRR27421013.137304	NC_012152.1	6670
SRR27421013.279009	NC_012152.1	9615
SRR27421013.3149	NC_012152.1	6433
SRR27421013.39479	NC_012152.1	7697
SRR27421013.80439	NC_012152.1	6323
SRR27421013.138472	NC_012152.1	6480
SRR27421013.215942	NC_012152.1	9771
SRR27421013.230512	NC_012152.1	9134
SRR27421013.188756	NC_012152.1	5877
SRR27421013.105705	NC_012152.1	6985
SRR27421013.250328	NC_012152.1	6899
SRR27421013.116651	NC_012152.1	7025
SRR27421013.106997	NC_012152.1	8996
SRR27421013.29570	NC_012152.1	8409
SRR27421013.105474	NC_012152.1	6928
SRR27421013.31462	NC_012152.1	9564
SRR27421013.202887	NC_012152.1	6815
SRR27421013.116759	NC_012152.1	9278
SRR27421013.210814	NC_012152.1	8083
SRR27421013.244703	NC_012152.1	9986
SRR27421013.188254	NC_012152.1	6477
SRR27421013.87584	NC_012152.1	6685
SRR27421013.188253	NC_012152.1	6524
SRR27421013.163948	NC_012152.1	8018
SRR27421013.88848	NC_012152.1	6214
SRR27421013.34081	NC_012152.1	5539
SRR27421013.123852	NC_012152.1	6837
SRR27421013.6114	NC_012152.1	9750
SRR27421013.202634	NC_012152.1	6408
SRR27421013.250129	NC_012152.1	6786
SRR27421013.25531	NC_012152.1	7026
SRR27421013.41859	NC_012152.1	6919
SRR27421013.74126	NC_012152.1	6731
SRR27421013.247269	NC_012152.1	6950
SRR27421013.239680	NC_012152.1	6914
SRR27421013.269687	NC_012152.1	9528
SRR27421013.119986	NC_012152.1	6468
SRR27421013.175018	NC_012152.1	9364
SRR27421013.195154	NC_012152.1	9780
SRR27421013.87176	NC_012152.1	10069
SRR27421013.189686	NC_012152.1	6872
SRR27421013.36376	NC_012152.1	8304
SRR27421013.102561	NC_012152.1	6236
SRR27421013.192402	NC_012152.1	6390
SRR27421013.14596	NC_012152.1	5658
SRR27421013.71958	NC_012152.1	9780
SRR27421013.13930	NC_012152.1	7018
SRR27421013.233962	NC_012152.1	6724
SRR27421013.268222	NC_012152.1	9273
SRR27421013.202886	NC_012152.1	6762
SRR27421013.21805	NC_012152.1	9032
SRR27421013.253430	NC_012152.1	6071
SRR27421013.254849	NC_012152.1	6635
SRR27421013.74962	NC_012152.1	6693
SRR27421013.50205	NC_012152.1	6561
SRR27421013.47357	NC_012152.1	6568
SRR27421013.144604	NC_012152.1	6955
SRR27421013.157441	NC_012152.1	9789
SRR27421013.253066	NC_012152.1	6797
SRR27421013.18075	NC_012152.1	6592
SRR27421013.192774	NC_012152.1	9752
SRR27421013.68063	NC_012152.1	6743
SRR27421013.188276	NC_012152.1	9779
SRR27421013.258257	NC_012152.1	9708
SRR27421013.37070	NC_012152.1	9333
SRR27421013.235713	NC_012152.1	6972
SRR27421013.10830	NC_012152.1	6880
SRR27421013.20946	NC_012152.1	9370
SRR27421013.78670	NC_012152.1	7642
SRR27421013.264256	NC_012152.1	5847
SRR27421013.216906	NC_012152.1	6072
SRR27421013.63822	NC_012152.1	7135
SRR27421013.185563	NC_012152.1	6738
SRR27421013.207615	NC_012152.1	6696
SRR27421013.12561	NC_012152.1	9680
SRR27421013.91952	NC_012152.1	6427
SRR27421013.84289	NC_012152.1	5385
SRR27421013.156349	NC_012152.1	6522
SRR27421013.130213	NC_012152.1	7293
SRR27421013.104179	NC_012152.1	5748
SRR27421013.184376	NC_012152.1	7846
SRR27421013.13716	NC_012152.1	6794
SRR27421013.144784	NC_012152.1	7299
SRR27421013.123892	NC_012152.1	6733
SRR27421013.125072	NC_012152.1	6703
SRR27421013.156418	NC_012152.1	6550
SRR27421013.150386	NC_012152.1	7282
SRR27421013.260964	NC_012152.1	9678
SRR27421013.98550	NC_012152.1	9518
SRR27421013.144203	NC_012152.1	8676
SRR27421013.231938	NC_012152.1	6568
SRR27421013.209314	NC_012152.1	6932
SRR27421013.252214	NC_012152.1	6419
SRR27421013.166303	NC_012152.1	9482
SRR27421013.108688	NC_012152.1	8172
SRR27421013.129151	NC_012152.1	6519
SRR27421013.10538	NC_012152.1	5167
SRR27421013.183185	NC_012152.1	8386
SRR27421013.252178	NC_012152.1	6524
SRR27421013.157085	NC_012152.1	6691
SRR27421013.259968	NC_012152.1	6657
SRR27421013.36033	NC_012152.1	6580
SRR27421013.190873	NC_012152.1	7204
SRR27421013.283046	NC_012152.1	6843
SRR27421013.36300	NC_012152.1	6590
SRR27421013.39857	NC_012152.1	9417
SRR27421013.76110	NC_012152.1	8220
SRR27421013.132316	NC_012152.1	6767
SRR27421013.78199	NC_012152.1	6608
SRR27421013.98001	NC_012152.1	6309
SRR27421013.221942	NC_012152.1	5568
SRR27421013.78170	NC_012152.1	6219
SRR27421013.72694	NC_012152.1	5802
SRR27421013.26455	NC_012152.1	6576
SRR27421013.25951	NC_012152.1	6617
SRR27421013.217236	NC_012152.1	6537
SRR27421013.222298	NC_012152.1	5520
SRR27421013.147581	NC_012152.1	9528
SRR27421013.183075	NC_012152.1	5611
SRR27421013.269537	NC_012152.1	6941
SRR27421013.77159	NC_012152.1	9779
SRR27421013.157574	NC_012152.1	6893
SRR27421013.140144	NC_012152.1	7062
SRR27421013.69581	NC_012152.1	6707
SRR27421013.23147	NC_012152.1	6909
SRR27421013.38942	NC_012152.1	6618
SRR27421013.98981	NC_012152.1	6859
SRR27421013.188781	NC_012152.1	5943
SRR27421013.106978	NC_012152.1	6641
SRR27421013.42085	NC_012152.1	6768
SRR27421013.142666	NC_012152.1	5921
SRR27421013.73397	NC_012152.1	6914
SRR27421013.237420	NC_012152.1	9314
SRR27421013.10928	NC_012152.1	6041
SRR27421013.260302	NC_012152.1	6881
SRR27421013.136428	NC_012152.1	6692
SRR27421013.162917	NC_012152.1	5884
SRR27421013.103245	NC_012152.1	9013
SRR27421013.154654	NC_012152.1	5945
SRR27421013.112420	NC_012152.1	6881
SRR27421013.112419	NC_012152.1	6820
SRR27421013.24696	NC_012152.1	7749
SRR27421013.173237	NC_012152.1	6845
SRR27421013.34993	NC_012152.1	6744
SRR27421013.169370	NC_012152.1	6646
SRR27421013.171041	NC_012152.1	6840
SRR27421013.120616	NC_012152.1	6602
SRR27421013.50075	NC_012152.1	9343
SRR27421013.286404	NC_012152.1	6391
SRR27421013.35665	NC_012152.1	6596
SRR27421013.126393	NC_012152.1	5785
SRR27421013.254335	NC_012152.1	7691
SRR27421013.234141	NC_012152.1	14168
SRR27421013.274263	NC_012152.1	6484
SRR27421013.101827	NC_012152.1	7519
SRR27421013.103839	NC_012152.1	7513
SRR27421013.209130	NC_012152.1	6258
SRR27421013.127977	NC_012152.1	6890
SRR27421013.240720	NC_012152.1	6229
SRR27421013.61915	NC_012152.1	6103
SRR27421013.198960	NC_012152.1	6322
SRR27421013.232642	NC_012152.1	6673
SRR27421013.137183	NC_012152.1	6011
SRR27421013.95931	NC_012152.1	7556
SRR27421013.205825	NC_012152.1	7009
SRR27421013.129102	NC_012152.1	6684
SRR27421013.263198	NC_012152.1	6929
SRR27421013.13628	NC_012152.1	6884
SRR27421013.171014	NC_012152.1	6510
SRR27421013.234540	NC_012152.1	6627
SRR27421013.16978	NC_012152.1	9075
SRR27421013.79023	NC_012152.1	6762
SRR27421013.52382	NC_012152.1	6319
SRR27421013.247601	NC_012152.1	6058
SRR27421013.9561	NC_012152.1	6932
SRR27421013.38382	NC_012152.1	6390
SRR27421013.123763	NC_012152.1	6996
SRR27421013.87141	NC_012152.1	6742
SRR27421013.124745	NC_012152.1	7442
SRR27421013.55148	NC_012152.1	6952
SRR27421013.86064	NC_012152.1	6726
SRR27421013.163542	NC_012152.1	6902
SRR27421013.191492	NC_012152.1	9741
SRR27421013.46300	NC_012152.1	7787
SRR27421013.42231	NC_012152.1	9363
SRR27421013.81709	NC_012152.1	9326
SRR27421013.255498	NC_012152.1	6892
SRR27421013.254780	NC_012152.1	6897
SRR27421013.111640	NC_012152.1	6703
SRR27421013.186790	NC_012152.1	5071
SRR27421013.186791	NC_012152.1	5064
SRR27421013.173273	NC_012152.1	7011
SRR27421013.173506	NC_012152.1	6583
SRR27421013.182180	NC_012152.1	9377
SRR27421013.71845	NC_012152.1	6911
SRR27421013.80598	NC_012152.1	5984
SRR27421013.205392	NC_012152.1	6699
SRR27421013.32008	NC_012152.1	9172
SRR27421013.264915	NC_012152.1	9404
SRR27421013.42451	NC_012152.1	9368
SRR27421013.226272	NC_012152.1	8954
SRR27421013.89883	NC_012152.1	6865
SRR27421013.87975	NC_012152.1	5099
SRR27421013.166558	NC_012152.1	9491
SRR27421013.126434	NC_012152.1	6739
SRR27421013.226469	NC_012152.1	9117
SRR27421013.260845	NC_012152.1	5964
SRR27421013.96295	NC_012152.1	5989
SRR27421013.279263	NC_012152.1	6498
SRR27421013.103701	NC_012152.1	6370
SRR27421013.170448	NC_012152.1	9686
SRR27421013.161205	NC_012152.1	6581
SRR27421013.287053	NC_012152.1	6591
SRR27421013.219041	NC_012152.1	9776
SRR27421013.165837	NC_012152.1	5632
SRR27421013.181133	NC_012152.1	7020
SRR27421013.168238	NC_012152.1	5626
SRR27421013.220258	NC_012152.1	9725
SRR27421013.119919	NC_012152.1	8303
SRR27421013.188315	NC_012152.1	6739
SRR27421013.267489	NC_012152.1	6633
SRR27421013.86207	NC_012152.1	9199
SRR27421013.124556	NC_012152.1	6729
SRR27421013.213425	NC_012152.1	6034
SRR27421013.173349	NC_012152.1	5047
SRR27421013.109266	NC_012152.1	6221
SRR27421013.209493	NC_012152.1	7341
SRR27421013.129514	NC_012152.1	7503
SRR27421013.21092	NC_012152.1	9612
SRR27421013.196493	NC_012152.1	6782
SRR27421013.182496	NC_012152.1	6695
SRR27421013.237227	NC_012152.1	7218
SRR27421013.31592	NC_012152.1	14251
SRR27421013.98204	NC_012152.1	8211
SRR27421013.122551	NC_012152.1	6891
SRR27421013.19076	NC_012152.1	6202
SRR27421013.148438	NC_012152.1	6943
SRR27421013.62475	NC_012152.1	6610
SRR27421013.61477	NC_012152.1	6607
SRR27421013.185549	NC_012152.1	6724
SRR27421013.84530	NC_012152.1	6959
SRR27421013.29145	NC_012152.1	6041
SRR27421013.146823	NC_012152.1	8183
SRR27421013.262624	NC_012152.1	6778
SRR27421013.69926	NC_012152.1	6501
SRR27421013.179355	NC_012152.1	9480
SRR27421013.74947	NC_012152.1	7061
SRR27421013.150185	NC_012152.1	6482
SRR27421013.232023	NC_012152.1	9718
SRR27421013.237476	NC_012152.1	7005
SRR27421013.277805	NC_012152.1	6804
SRR27421013.169519	NC_012152.1	6930
SRR27421013.37534	NC_012152.1	7904
SRR27421013.159349	NC_012152.1	5489
SRR27421013.121407	NC_012152.1	6653
SRR27421013.256169	NC_012152.1	7174
SRR27421013.147469	NC_012152.1	5865
SRR27421013.122480	NC_012152.1	6281
SRR27421013.169064	NC_012152.1	6731
SRR27421013.59614	NC_012152.1	6701
SRR27421013.91643	NC_012152.1	9739
SRR27421013.93330	NC_012152.1	9753
SRR27421013.142367	NC_012152.1	6619
SRR27421013.237765	NC_012152.1	9726
SRR27421013.130046	NC_012152.1	6486
SRR27421013.5729	NC_012152.1	6750
SRR27421013.233846	NC_012152.1	8587
SRR27421013.256899	NC_012152.1	6677
SRR27421013.35878	NC_012152.1	6682
SRR27421013.57524	NC_012152.1	9619
SRR27421013.277505	NC_012152.1	5547
SRR27421013.160440	NC_012152.1	6714
SRR27421013.43485	NC_012152.1	7971
SRR27421013.59244	NC_012152.1	6415
SRR27421013.13113	NC_012152.1	6653
SRR27421013.204687	NC_012152.1	7597
SRR27421013.189549	NC_012152.1	6800
SRR27421013.274188	NC_012152.1	6633
SRR27421013.254953	NC_012152.1	6815
SRR27421013.203495	NC_012152.1	6933
SRR27421013.27889	NC_012152.1	6320
SRR27421013.283341	NC_012152.1	7153
SRR27421013.4377	NC_012152.1	9621
SRR27421013.114304	NC_012152.1	9606
SRR27421013.251638	NC_012152.1	6913
SRR27421013.196196	NC_012152.1	6649
SRR27421013.68949	NC_012152.1	9645
SRR27421013.137105	NC_012152.1	6237
SRR27421013.23110	NC_012152.1	6055
SRR27421013.97484	NC_012152.1	6619
SRR27421013.61752	NC_012152.1	7031
SRR27421013.58416	NC_012152.1	9236
SRR27421013.76327	NC_012152.1	6686
SRR27421013.115719	NC_012152.1	6687
SRR27421013.49687	NC_012152.1	7543
SRR27421013.217429	NC_012152.1	6501
SRR27421013.185657	NC_012152.1	8215
SRR27421013.92476	NC_012152.1	7676
SRR27421013.256043	NC_012152.1	9462
SRR27421013.136164	NC_012152.1	5803
SRR27421013.142913	NC_012152.1	6865
SRR27421013.67681	NC_012152.1	6895
SRR27421013.186830	NC_012152.1	6739
SRR27421013.60806	NC_012152.1	8111
SRR27421013.135831	NC_012152.1	7401
SRR27421013.101434	NC_012152.1	9557
SRR27421013.36759	NC_012152.1	5644
SRR27421013.134628	NC_012152.1	7982
SRR27421013.237979	NC_012152.1	6901
SRR27421013.250460	NC_012152.1	11656
SRR27421013.59717	NC_012152.1	9618
SRR27421013.80934	NC_012152.1	10616
SRR27421013.66008	NC_012152.1	6744
SRR27421013.74576	NC_012152.1	6366
SRR27421013.89145	NC_012152.1	6596
SRR27421013.39877	NC_012152.1	5019
SRR27421013.33728	NC_012152.1	7781
SRR27421013.37648	NC_012152.1	7038
SRR27421013.114540	NC_012152.1	6905
SRR27421013.114232	NC_012152.1	6676
SRR27421013.130331	NC_012152.1	8111
SRR27421013.197809	NC_012152.1	6614
SRR27421013.72559	NC_012152.1	7053
SRR27421013.72114	NC_012152.1	6414
SRR27421013.2656	NC_012152.1	6727
SRR27421013.236733	NC_012152.1	6549
SRR27421013.10541	NC_012152.1	7726
SRR27421013.236480	NC_012152.1	5276
SRR27421013.256406	NC_012152.1	7175
SRR27421013.71779	NC_012152.1	7098
SRR27421013.225171	NC_012152.1	6615
SRR27421013.1836	NC_012152.1	6783
SRR27421013.236559	NC_012152.1	6576
SRR27421013.145973	NC_012152.1	7914
SRR27421013.247218	NC_012152.1	9083
SRR27421013.18178	NC_012152.1	8455
SRR27421013.77178	NC_012152.1	7889
SRR27421013.55558	NC_012152.1	6101
SRR27421013.267132	NC_012152.1	8187
SRR27421013.119104	NC_012152.1	6720
SRR27421013.189698	NC_012152.1	9214
SRR27421013.247941	NC_012152.1	5847
SRR27421013.137173	NC_012152.1	10230
SRR27421013.61862	NC_012152.1	8300
SRR27421013.209403	NC_012152.1	9544
SRR27421013.189441	NC_012152.1	7111
SRR27421013.146626	NC_012152.1	7140
SRR27421013.282179	NC_012152.1	5763
SRR27421013.60339	NC_012152.1	6934
SRR27421013.59842	NC_012152.1	6899
SRR27421013.88450	NC_012152.1	6921
SRR27421013.144420	NC_012152.1	7855
SRR27421013.148457	NC_012152.1	6588
SRR27421013.256893	NC_012152.1	6425
SRR27421013.268444	NC_012152.1	6831
SRR27421013.178526	NC_012152.1	7640
SRR27421013.257829	NC_012152.1	9238
SRR27421013.246774	NC_012152.1	7769
SRR27421013.72370	NC_012152.1	6686
SRR27421013.101435	NC_012152.1	6518
SRR27421013.152480	NC_012152.1	6926
SRR27421013.134569	NC_012152.1	6375
SRR27421013.134544	NC_012152.1	5296
SRR27421013.155833	NC_012152.1	6211
SRR27421013.157679	NC_012152.1	6263
SRR27421013.150171	NC_012152.1	6691
SRR27421013.20386	NC_012152.1	6781
SRR27421013.150678	NC_012152.1	6665
SRR27421013.171302	NC_012152.1	6932
SRR27421013.174583	NC_012152.1	6569
SRR27421013.248525	NC_012152.1	8498
SRR27421013.40963	NC_012152.1	6662
SRR27421013.98909	NC_012152.1	18976
SRR27421013.273008	NC_012152.1	6718
SRR27421013.7182	NC_012152.1	7103
SRR27421013.114718	NC_012152.1	6549
SRR27421013.126768	NC_012152.1	6902
SRR27421013.6865	NC_012152.1	9595
SRR27421013.9699	NC_012152.1	9531
SRR27421013.120547	NC_012152.1	7660
SRR27421013.192752	NC_012152.1	9137
SRR27421013.11334	NC_012152.1	7990
SRR27421013.155643	NC_012152.1	7994
SRR27421013.127076	NC_012152.1	12680
SRR27421013.180906	NC_012152.1	9562
SRR27421013.237971	NC_012152.1	6294
SRR27421013.161244	NC_012152.1	5630
SRR27421013.266162	NC_012152.1	6109
SRR27421013.7665	NC_012152.1	6949
SRR27421013.284971	NC_012152.1	7693
SRR27421013.8407	NC_012152.1	6963
SRR27421013.48701	NC_012152.1	6495
SRR27421013.267051	NC_012152.1	6842
SRR27421013.172505	NC_012152.1	5675
SRR27421013.143224	NC_012152.1	9509
SRR27421013.196506	NC_012152.1	9394
SRR27421013.182613	NC_012152.1	6850
SRR27421013.272142	NC_012152.1	6763
SRR27421013.76730	NC_012152.1	6550
SRR27421013.254342	NC_012152.1	6961
SRR27421013.77686	NC_012152.1	6566
SRR27421013.86524	NC_012152.1	5520
SRR27421013.273618	NC_012152.1	6886
SRR27421013.99839	NC_012152.1	5566
SRR27421013.104867	NC_012152.1	5906
SRR27421013.243461	NC_012152.1	6838
SRR27421013.161410	NC_012152.1	12750
SRR27421013.221070	NC_012152.1	6831
SRR27421013.43692	NC_012152.1	9640
SRR27421013.245665	NC_012152.1	8186
SRR27421013.244970	NC_012152.1	8184
SRR27421013.171263	NC_012152.1	6781
SRR27421013.79581	NC_012152.1	9290
SRR27421013.79825	NC_012152.1	9264
SRR27421013.4303	NC_012152.1	8423
SRR27421013.137006	NC_012152.1	8002
SRR27421013.267038	NC_012152.1	6434
SRR27421013.101689	NC_012152.1	8078
SRR27421013.257672	NC_012152.1	6574
SRR27421013.35249	NC_012152.1	7675
SRR27421013.275278	NC_012152.1	5807
SRR27421013.270841	NC_012152.1	6019
SRR27421013.272237	NC_012152.1	6975
SRR27421013.19933	NC_012152.1	17886
SRR27421013.111673	NC_012152.1	9584
SRR27421013.43094	NC_012152.1	9837
SRR27421013.34459	NC_012152.1	7402
SRR27421013.23683	NC_012152.1	9346
SRR27421013.197478	NC_012152.1	6319
SRR27421013.58993	NC_012152.1	7014
SRR27421013.56789	NC_012152.1	5644
SRR27421013.76328	NC_012152.1	6728
SRR27421013.76711	NC_012152.1	6562
SRR27421013.270391	NC_012152.1	6802
SRR27421013.119752	NC_012152.1	9906
SRR27421013.25650	NC_012152.1	5716
SRR27421013.219024	NC_012152.1	10278
SRR27421013.69942	NC_012152.1	8293
SRR27421013.283773	NC_012152.1	6476
SRR27421013.86898	NC_012152.1	6561
SRR27421013.232592	NC_012152.1	9869
SRR27421013.17766	NC_012152.1	8889
SRR27421013.281396	NC_012152.1	6682
SRR27421013.167963	NC_012152.1	8435
SRR27421013.238333	NC_012152.1	6670
SRR27421013.199540	NC_012152.1	8507
SRR27421013.206148	NC_012152.1	5937
SRR27421013.103730	NC_012152.1	6695
SRR27421013.57097	NC_012152.1	9784
SRR27421013.4667	NC_012152.1	7199
SRR27421013.58463	NC_012152.1	6682
SRR27421013.18561	NC_012152.1	6524
SRR27421013.121617	NC_012152.1	6035
SRR27421013.153548	NC_012152.1	5589
SRR27421013.280845	NC_012152.1	6344
SRR27421013.254013	NC_012152.1	6700
SRR27421013.226646	NC_012152.1	17006
SRR27421013.127113	NC_012152.1	7104
SRR27421013.283683	NC_012152.1	6755
SRR27421013.204611	NC_012152.1	6855
SRR27421013.87059	NC_012152.1	6235
SRR27421013.147403	NC_012152.1	6857
SRR27421013.60142	NC_012152.1	6085
SRR27421013.183775	NC_012152.1	5386
SRR27421013.95178	NC_012152.1	6533
SRR27421013.247010	NC_012152.1	6774
SRR27421013.231398	NC_012152.1	8414
SRR27421013.111533	NC_012152.1	5285
SRR27421013.247923	NC_012152.1	5922
SRR27421013.30088	NC_012152.1	6163
SRR27421013.162050	NC_012152.1	6912
SRR27421013.165573	NC_012152.1	6259
SRR27421013.33735	NC_012152.1	6625
SRR27421013.165093	NC_012152.1	8401
SRR27421013.242229	NC_012152.1	9372
SRR27421013.109116	NC_012152.1	6534
SRR27421013.136196	NC_012152.1	8351
SRR27421013.246566	NC_012152.1	6576
SRR27421013.262248	NC_012152.1	7727
SRR27421013.244575	NC_012152.1	6554
SRR27421013.14785	NC_012152.1	6816
SRR27421013.132229	NC_012152.1	8392
SRR27421013.142789	NC_012152.1	6195
SRR27421013.164549	NC_012152.1	6187
SRR27421013.163091	NC_012152.1	6672
SRR27421013.273063	NC_012152.1	9464
SRR27421013.236422	NC_012152.1	6802
SRR27421013.18254	NC_012152.1	8635
SRR27421013.256177	NC_012152.1	6701
SRR27421013.279458	NC_012152.1	6626
SRR27421013.218892	NC_012152.1	7884
SRR27421013.72533	NC_012152.1	6890
SRR27421013.127781	NC_012152.1	7004
SRR27421013.165112	NC_012152.1	8338
SRR27421013.3955	NC_012152.1	6700
SRR27421013.255794	NC_012152.1	7040
SRR27421013.5823	NC_012152.1	6605
SRR27421013.209811	NC_012152.1	12930
SRR27421013.35612	NC_012152.1	6763
SRR27421013.17156	NC_012152.1	6785
SRR27421013.148668	NC_012152.1	8565
SRR27421013.108191	NC_012152.1	6519
SRR27421013.250197	NC_012152.1	7714
SRR27421013.53806	NC_012152.1	6798
SRR27421013.224102	NC_012152.1	9481
SRR27421013.35419	NC_012152.1	9278
SRR27421013.97000	NC_012152.1	6714
SRR27421013.195712	NC_012152.1	6757
SRR27421013.93464	NC_012152.1	6507
SRR27421013.63951	NC_012152.1	7265
SRR27421013.8817	NC_012152.1	6922
SRR27421013.268126	NC_012152.1	6622
SRR27421013.73843	NC_012152.1	5368
SRR27421013.59590	NC_012152.1	8649
SRR27421013.158056	NC_012152.1	6085
SRR27421013.166954	NC_012152.1	6802
SRR27421013.182993	NC_012152.1	9430
SRR27421013.47895	NC_012152.1	6432
SRR27421013.48672	NC_012152.1	6410
SRR27421013.210620	NC_012152.1	6725
SRR27421013.93106	NC_012152.1	6273
SRR27421013.63296	NC_012152.1	8152
SRR27421013.114342	NC_012152.1	8905
SRR27421013.122599	NC_012152.1	7175
SRR27421013.71067	NC_012152.1	6670
SRR27421013.11373	NC_012152.1	6896
SRR27421013.40918	NC_012152.1	9626
SRR27421013.108246	NC_012152.1	6483
SRR27421013.142803	NC_012152.1	6977
SRR27421013.131820	NC_012152.1	6080
SRR27421013.161224	NC_012152.1	8259
SRR27421013.275196	NC_012152.1	5851
SRR27421013.92432	NC_012152.1	6960
SRR27421013.286116	NC_012152.1	6781
SRR27421013.123838	NC_012152.1	7029
SRR27421013.49660	NC_012152.1	14491
SRR27421013.83558	NC_012152.1	6721
SRR27421013.120988	NC_012152.1	6822
SRR27421013.226651	NC_012152.1	6590
SRR27421013.120493	NC_012152.1	6986
SRR27421013.121398	NC_012152.1	7062
SRR27421013.104387	NC_012152.1	6802
SRR27421013.276725	NC_012152.1	5537
SRR27421013.147527	NC_012152.1	6627
SRR27421013.164283	NC_012152.1	7793
SRR27421013.162255	NC_012152.1	7929
SRR27421013.214661	NC_012152.1	7259
SRR27421013.142749	NC_012152.1	9074
SRR27421013.22594	NC_012152.1	10161
SRR27421013.74050	NC_012152.1	6459
SRR27421013.38709	NC_012152.1	6595
SRR27421013.250290	NC_012152.1	6734
SRR27421013.159805	NC_012152.1	6741
SRR27421013.1021	NC_012152.1	7125
SRR27421013.134722	NC_012152.1	9510
SRR27421013.96161	NC_012152.1	6592
SRR27421013.223156	NC_012152.1	8076
SRR27421013.253612	NC_012152.1	5566
SRR27421013.97087	NC_012152.1	5849
SRR27421013.172930	NC_012152.1	7337
SRR27421013.173061	NC_012152.1	6543
SRR27421013.23222	NC_012152.1	5206
SRR27421013.166451	NC_012152.1	9455
SRR27421013.167408	NC_012152.1	7690
SRR27421013.275577	NC_012152.1	7694
SRR27421013.242693	NC_012152.1	6240
SRR27421013.22098	NC_012152.1	5114
SRR27421013.69177	NC_012152.1	10206
SRR27421013.61610	NC_012152.1	6099
SRR27421013.136749	NC_012152.1	6948
SRR27421013.104534	NC_012152.1	5158
SRR27421013.259901	NC_012152.1	7103
SRR27421013.275589	NC_012152.1	6727
SRR27421013.60169	NC_012152.1	8956
SRR27421013.225389	NC_012152.1	5595
SRR27421013.277658	NC_012152.1	6790
SRR27421013.169059	NC_012152.1	9696
SRR27421013.186960	NC_012152.1	7976
SRR27421013.109529	NC_012152.1	6468
SRR27421013.276574	NC_012152.1	6502
SRR27421013.134273	NC_012152.1	5388
SRR27421013.6089	NC_012152.1	6842
SRR27421013.160797	NC_012152.1	6749
SRR27421013.5911	NC_012152.1	5350
SRR27421013.137933	NC_012152.1	6671
SRR27421013.211268	NC_012152.1	10105
SRR27421013.216954	NC_012152.1	7115
SRR27421013.36255	NC_012152.1	6979
SRR27421013.139829	NC_012152.1	6762
SRR27421013.82141	NC_012152.1	6430
SRR27421013.130076	NC_012152.1	8392
SRR27421013.252248	NC_012152.1	6897
SRR27421013.60466	NC_012152.1	9122
SRR27421013.182319	NC_012152.1	6984
SRR27421013.143736	NC_012152.1	6738
SRR27421013.256436	NC_012152.1	9094
SRR27421013.247679	NC_012152.1	8249
SRR27421013.246452	NC_012152.1	8234
SRR27421013.231858	NC_012152.1	6456
SRR27421013.262065	NC_012152.1	5360
SRR27421013.23735	NC_012152.1	6891
SRR27421013.107149	NC_012152.1	9617
SRR27421013.148427	NC_012152.1	6840
SRR27421013.259406	NC_012152.1	8264
SRR27421013.100951	NC_012152.1	7603
SRR27421013.108942	NC_012152.1	7050
SRR27421013.138582	NC_012152.1	7074
SRR27421013.122624	NC_012152.1	8675
SRR27421013.262296	NC_012152.1	6769
SRR27421013.124307	NC_012152.1	9683
SRR27421013.123205	NC_012152.1	6951
SRR27421013.135774	NC_012152.1	7052
SRR27421013.102393	NC_012152.1	6599
SRR27421013.118515	NC_012152.1	6451
SRR27421013.49493	NC_012152.1	6154
SRR27421013.216106	NC_012152.1	9358
SRR27421013.59040	NC_012152.1	8888
SRR27421013.99902	NC_012152.1	8081
SRR27421013.161330	NC_012152.1	6834
SRR27421013.43534	NC_012152.1	9788
SRR27421013.266293	NC_012152.1	7788
SRR27421013.13107	NC_012152.1	9423
SRR27421013.268702	NC_012152.1	7364
SRR27421013.244628	NC_012152.1	6288
SRR27421013.100530	NC_012152.1	6820
SRR27421013.223681	NC_012152.1	6730
SRR27421013.26620	NC_012152.1	5243
SRR27421013.135785	NC_012152.1	6363
SRR27421013.193135	NC_012152.1	5522
SRR27421013.255223	NC_012152.1	7975
SRR27421013.99594	NC_012152.1	6911
SRR27421013.250816	NC_012152.1	5792
SRR27421013.26656	NC_012152.1	6472
SRR27421013.189130	NC_012152.1	5655
SRR27421013.88367	NC_012152.1	7132
SRR27421013.34699	NC_012152.1	7122
SRR27421013.194301	NC_012152.1	7660
SRR27421013.100120	NC_012152.1	6880
SRR27421013.59900	NC_012152.1	6615
SRR27421013.1394	NC_012152.1	6137
SRR27421013.207332	NC_012152.1	6920
SRR27421013.89407	NC_012152.1	7125
SRR27421013.233696	NC_012152.1	5834
SRR27421013.126781	NC_012152.1	6684
SRR27421013.74144	NC_012152.1	14044
SRR27421013.237617	NC_012152.1	7743
SRR27421013.277107	NC_012152.1	7042
SRR27421013.65589	NC_012152.1	6892
SRR27421013.100220	NC_012152.1	6773
SRR27421013.144225	NC_012152.1	6842
SRR27421013.232547	NC_012152.1	5757
SRR27421013.136418	NC_012152.1	6655
SRR27421013.63769	NC_012152.1	8568
SRR27421013.192698	NC_012152.1	8676
SRR27421013.255779	NC_012152.1	5507
SRR27421013.249117	NC_012152.1	6737
SRR27421013.220346	NC_012152.1	8631
SRR27421013.122409	NC_012152.1	6722
SRR27421013.156713	NC_012152.1	6179
SRR27421013.124018	NC_012152.1	6682
SRR27421013.83815	NC_012152.1	7326
SRR27421013.168839	NC_012152.1	6778
SRR27421013.237122	NC_012152.1	6647
SRR27421013.170041	NC_012152.1	6176
SRR27421013.122483	NC_012152.1	6428
SRR27421013.280880	NC_012152.1	6827
SRR27421013.214882	NC_012152.1	6288
SRR27421013.98776	NC_012152.1	6739
SRR27421013.193432	NC_012152.1	9226
SRR27421013.230926	NC_012152.1	6804
SRR27421013.235944	NC_012152.1	6455
SRR27421013.94562	NC_012152.1	6583
SRR27421013.102203	NC_012152.1	9444
SRR27421013.5484	NC_012152.1	6953
SRR27421013.104111	NC_012152.1	5729
SRR27421013.286427	NC_012152.1	14630
SRR27421013.154463	NC_012152.1	6645
SRR27421013.93939	NC_012152.1	6579
SRR27421013.101102	NC_012152.1	6613
SRR27421013.233944	NC_012152.1	6635
SRR27421013.256646	NC_012152.1	9428
SRR27421013.173142	NC_012152.1	6322
SRR27421013.173654	NC_012152.1	6736
SRR27421013.248007	NC_012152.1	5874
SRR27421013.117046	NC_012152.1	6655
SRR27421013.114998	NC_012152.1	6644
SRR27421013.27838	NC_012152.1	9196
SRR27421013.37939	NC_012152.1	9171
SRR27421013.67972	NC_012152.1	6302
SRR27421013.18972	NC_012152.1	9057
SRR27421013.164403	NC_012152.1	6850
SRR27421013.126935	NC_012152.1	8657
SRR27421013.210021	NC_012152.1	6540
SRR27421013.36136	NC_012152.1	5745
SRR27421013.133752	NC_012152.1	6685
SRR27421013.256412	NC_012152.1	6584
SRR27421013.126016	NC_012152.1	7381
SRR27421013.117787	NC_012152.1	7147
SRR27421013.128270	NC_012152.1	6548
SRR27421013.179175	NC_012152.1	5424
SRR27421013.228633	NC_012152.1	6703
SRR27421013.145634	NC_012152.1	5923
SRR27421013.48187	NC_012152.1	6923
SRR27421013.151477	NC_012152.1	6845
SRR27421013.50770	NC_012152.1	6737
SRR27421013.77870	NC_012152.1	6528
SRR27421013.170626	NC_012152.1	7154
SRR27421013.201943	NC_012152.1	12935
SRR27421013.173045	NC_012152.1	9066
SRR27421013.59248	NC_012152.1	6794
SRR27421013.108295	NC_012152.1	5177
SRR27421013.209659	NC_012152.1	5063
SRR27421013.180092	NC_012152.1	7108
SRR27421013.78873	NC_012152.1	6801
SRR27421013.135034	NC_012152.1	8991
SRR27421013.151479	NC_012152.1	6908
SRR27421013.249959	NC_012152.1	6633
SRR27421013.236325	NC_012152.1	6631
SRR27421013.207838	NC_012152.1	7282
SRR27421013.62870	NC_012152.1	6185
SRR27421013.11316	NC_012152.1	6228
SRR27421013.30952	NC_012152.1	7160
SRR27421013.153209	NC_012152.1	6712
SRR27421013.71189	NC_012152.1	6031
SRR27421013.262876	NC_012152.1	6772
SRR27421013.14398	NC_012152.1	6588
SRR27421013.208965	NC_012152.1	5766
SRR27421013.154122	NC_012152.1	6519
SRR27421013.86437	NC_012152.1	5949
SRR27421013.168088	NC_012152.1	12075
SRR27421013.157156	NC_012152.1	6586
SRR27421013.197850	NC_012152.1	6167
SRR27421013.132415	NC_012152.1	6604
SRR27421013.140296	NC_012152.1	5945
SRR27421013.181371	NC_012152.1	5944
SRR27421013.65296	NC_012152.1	5954
SRR27421013.184750	NC_012152.1	6865
SRR27421013.253523	NC_012152.1	8869
SRR27421013.203821	NC_012152.1	6193
SRR27421013.41640	NC_012152.1	6894
SRR27421013.138436	NC_012152.1	6536
SRR27421013.283927	NC_012152.1	8354
SRR27421013.101227	NC_012152.1	5310
SRR27421013.217552	NC_012152.1	8565
SRR27421013.204780	NC_012152.1	6833
SRR27421013.13664	NC_012152.1	6020
SRR27421013.198780	NC_012152.1	6819
SRR27421013.107385	NC_012152.1	6726
SRR27421013.279480	NC_012152.1	6748
SRR27421013.171979	NC_012152.1	6850
SRR27421013.76133	NC_012152.1	6703
SRR27421013.196700	NC_012152.1	6900
SRR27421013.48530	NC_012152.1	7748
SRR27421013.26328	NC_012152.1	6049
SRR27421013.23365	NC_012152.1	6719
SRR27421013.205447	NC_012152.1	6848
SRR27421013.3950	NC_012152.1	6719
SRR27421013.77379	NC_012152.1	6945
SRR27421013.273441	NC_012152.1	6593
SRR27421013.192461	NC_012152.1	7267
SRR27421013.131397	NC_012152.1	6858
SRR27421013.59580	NC_012152.1	6118
SRR27421013.74891	NC_012152.1	6925
SRR27421013.155377	NC_012152.1	6835
SRR27421013.168198	NC_012152.1	6202
SRR27421013.60323	NC_012152.1	6863
SRR27421013.170506	NC_012152.1	6962
SRR27421013.253313	NC_012152.1	6906
SRR27421013.202276	NC_012152.1	6743
SRR27421013.111549	NC_012152.1	5837
SRR27421013.51404	NC_012152.1	6905
SRR27421013.234336	NC_012152.1	6163
SRR27421013.247773	NC_012152.1	6450
SRR27421013.102380	NC_012152.1	6769
SRR27421013.198978	NC_012152.1	6926
SRR27421013.135949	NC_012152.1	6029
SRR27421013.267354	NC_012152.1	6470
SRR27421013.248092	NC_012152.1	8066
SRR27421013.224461	NC_012152.1	6586
SRR27421013.275237	NC_012152.1	8634
SRR27421013.125179	NC_012152.1	6882
SRR27421013.32574	NC_012152.1	6610
SRR27421013.10027	NC_012152.1	6536
SRR27421013.31874	NC_012152.1	6661
SRR27421013.225872	NC_012152.1	6869
SRR27421013.225609	NC_012152.1	6871
SRR27421013.227034	NC_012152.1	7102
SRR27421013.287702	NC_012152.1	6726
SRR27421013.240636	NC_012152.1	7115
SRR27421013.117350	NC_012152.1	7207
SRR27421013.162590	NC_012152.1	8422
SRR27421013.258565	NC_012152.1	6183
SRR27421013.192238	NC_012152.1	6857
SRR27421013.124983	NC_012152.1	7331
SRR27421013.249951	NC_012152.1	5382
SRR27421013.30324	NC_012152.1	5863
SRR27421013.282484	NC_012152.1	6590
SRR27421013.166369	NC_012152.1	6645
SRR27421013.18732	NC_012152.1	6951
SRR27421013.208681	NC_012152.1	5798
SRR27421013.61095	NC_012152.1	7066
SRR27421013.109727	NC_012152.1	6649
SRR27421013.133374	NC_012152.1	6523
SRR27421013.260785	NC_012152.1	6646
SRR27421013.196786	NC_012152.1	6202
SRR27421013.46399	NC_012152.1	7683
SRR27421013.178005	NC_012152.1	6631
SRR27421013.285242	NC_012152.1	5944
SRR27421013.158184	NC_012152.1	6478
SRR27421013.204801	NC_012152.1	6585
SRR27421013.37704	NC_012152.1	6886
SRR27421013.95826	NC_012152.1	6983
SRR27421013.142168	NC_012152.1	7747
SRR27421013.204632	NC_012152.1	6453
SRR27421013.236251	NC_012152.1	5854
SRR27421013.10558	NC_012152.1	7016
SRR27421013.37414	NC_012152.1	6874
SRR27421013.54489	NC_012152.1	6666
SRR27421013.207355	NC_012152.1	6527
SRR27421013.269625	NC_012152.1	6796
SRR27421013.43787	NC_012152.1	8007
SRR27421013.142663	NC_012152.1	6901
SRR27421013.173749	NC_012152.1	8250
SRR27421013.238412	NC_012152.1	6740
SRR27421013.275635	NC_012152.1	7028
SRR27421013.27475	NC_012152.1	6827
SRR27421013.97340	NC_012152.1	7593
SRR27421013.113013	NC_012152.1	5836
SRR27421013.89196	NC_012152.1	6383
SRR27421013.124168	NC_012152.1	6577
SRR27421013.175122	NC_012152.1	6194
SRR27421013.267540	NC_012152.1	6895
SRR27421013.266633	NC_012152.1	6898
SRR27421013.268211	NC_012152.1	6519
SRR27421013.43138	NC_012152.1	6612
SRR27421013.86978	NC_012152.1	6716
SRR27421013.83357	NC_012152.1	7370
SRR27421013.147325	NC_012152.1	6182
SRR27421013.61707	NC_012152.1	6686
SRR27421013.127854	NC_012152.1	5907
SRR27421013.155712	NC_012152.1	6706
SRR27421013.222800	NC_012152.1	6277
SRR27421013.234319	NC_012152.1	6355
SRR27421013.3111	NC_012152.1	6609
SRR27421013.81356	NC_012152.1	10620
SRR27421013.144007	NC_012152.1	6283
SRR27421013.161581	NC_012152.1	6955
SRR27421013.187231	NC_012152.1	5674
SRR27421013.248933	NC_012152.1	6414
SRR27421013.250088	NC_012152.1	6960
SRR27421013.257020	NC_012152.1	6613
SRR27421013.37316	NC_012152.1	6939
SRR27421013.69384	NC_012152.1	6448
SRR27421013.90014	NC_012152.1	6638
SRR27421013.125718	NC_012152.1	6700
SRR27421013.138966	NC_012152.1	7037
SRR27421013.143088	NC_012152.1	6287
SRR27421013.187232	NC_012152.1	5673
SRR27421013.203761	NC_012152.1	5779
SRR27421013.243519	NC_012152.1	6708
SRR27421013.14865	NC_012152.1	8706
SRR27421013.35948	NC_012152.1	7297
SRR27421013.130127	NC_012152.1	7001
SRR27421013.195775	NC_012152.1	6907
SRR27421013.214078	NC_012152.1	6489
SRR27421013.263520	NC_012152.1	7494
SRR27421013.17580	NC_012152.1	6431
SRR27421013.38553	NC_012152.1	6694
SRR27421013.70505	NC_012152.1	7240
SRR27421013.87744	NC_012152.1	6791
SRR27421013.118523	NC_012152.1	6936
SRR27421013.136156	NC_012152.1	5085
SRR27421013.141270	NC_012152.1	6836
SRR27421013.175964	NC_012152.1	6620
SRR27421013.192305	NC_012152.1	6154
SRR27421013.205545	NC_012152.1	6459
SRR27421013.206477	NC_012152.1	6694
SRR27421013.242772	NC_012152.1	5906
SRR27421013.252997	NC_012152.1	6651
SRR27421013.27488	NC_012152.1	7212
SRR27421013.42899	NC_012152.1	6661
SRR27421013.53059	NC_012152.1	7584
SRR27421013.54888	NC_012152.1	8502
SRR27421013.96304	NC_012152.1	6535
SRR27421013.105841	NC_012152.1	6659
SRR27421013.121051	NC_012152.1	6939
SRR27421013.138066	NC_012152.1	6858
SRR27421013.138172	NC_012152.1	5603
SRR27421013.150363	NC_012152.1	7059
SRR27421013.158625	NC_012152.1	6489
SRR27421013.161106	NC_012152.1	6866
SRR27421013.164941	NC_012152.1	6868
SRR27421013.167753	NC_012152.1	6444
SRR27421013.189030	NC_012152.1	6448
SRR27421013.195729	NC_012152.1	6824
SRR27421013.214200	NC_012152.1	6526
SRR27421013.249921	NC_012152.1	6611
SRR27421013.2860	NC_012152.1	6925
SRR27421013.3572	NC_012152.1	8006
SRR27421013.9450	NC_012152.1	6524
SRR27421013.39542	NC_012152.1	7439
SRR27421013.50183	NC_012152.1	6873
SRR27421013.50623	NC_012152.1	6733
SRR27421013.56962	NC_012152.1	8237
SRR27421013.62288	NC_012152.1	6743
SRR27421013.70089	NC_012152.1	6701
SRR27421013.74666	NC_012152.1	6798
SRR27421013.104103	NC_012152.1	6720
SRR27421013.112815	NC_012152.1	6945
SRR27421013.117953	NC_012152.1	6750
SRR27421013.126435	NC_012152.1	6068
SRR27421013.150032	NC_012152.1	6790
SRR27421013.150477	NC_012152.1	6945
SRR27421013.188961	NC_012152.1	6978
SRR27421013.200027	NC_012152.1	13628
SRR27421013.206255	NC_012152.1	6524
SRR27421013.210140	NC_012152.1	7276
SRR27421013.216248	NC_012152.1	5995
SRR27421013.216792	NC_012152.1	7179
SRR27421013.219297	NC_012152.1	6762
SRR27421013.227382	NC_012152.1	6352
SRR27421013.233264	NC_012152.1	6628
SRR27421013.241995	NC_012152.1	5436
SRR27421013.244384	NC_012152.1	8359
SRR27421013.248323	NC_012152.1	6928
SRR27421013.260695	NC_012152.1	6729
SRR27421013.266504	NC_012152.1	7723
SRR27421013.270347	NC_012152.1	6584
SRR27421013.274817	NC_012152.1	7034
SRR27421013.285839	NC_012152.1	6206
SRR27421013.42691	NC_012152.1	6847
SRR27421013.63243	NC_012152.1	7996
SRR27421013.136364	NC_012152.1	6976
SRR27421013.170742	NC_012152.1	6967
SRR27421013.181680	NC_012152.1	7325
SRR27421013.199534	NC_012152.1	6413
SRR27421013.237687	NC_012152.1	12768
SRR27421013.252439	NC_012152.1	7120
SRR27421013.682	NC_012152.1	6703
SRR27421013.7273	NC_012152.1	6645
SRR27421013.36195	NC_012152.1	5415
SRR27421013.36423	NC_012152.1	7447
SRR27421013.36680	NC_012152.1	6713
SRR27421013.42988	NC_012152.1	6897
SRR27421013.54903	NC_012152.1	6708
SRR27421013.70977	NC_012152.1	7044
SRR27421013.71105	NC_012152.1	8405
SRR27421013.78626	NC_012152.1	6600
SRR27421013.89822	NC_012152.1	8350
SRR27421013.119858	NC_012152.1	6232
SRR27421013.126348	NC_012152.1	8288
SRR27421013.138371	NC_012152.1	7806
SRR27421013.144949	NC_012152.1	6668
SRR27421013.145026	NC_012152.1	5419
SRR27421013.147969	NC_012152.1	6590
SRR27421013.148862	NC_012152.1	7267
SRR27421013.150388	NC_012152.1	8014
SRR27421013.168817	NC_012152.1	6969
SRR27421013.168824	NC_012152.1	6315
SRR27421013.172865	NC_012152.1	6733
SRR27421013.193279	NC_012152.1	6617
SRR27421013.195153	NC_012152.1	6901
SRR27421013.196119	NC_012152.1	8089
SRR27421013.214297	NC_012152.1	6545
SRR27421013.219193	NC_012152.1	6319
SRR27421013.248281	NC_012152.1	7264
SRR27421013.251841	NC_012152.1	6537
SRR27421013.254219	NC_012152.1	6744
SRR27421013.261508	NC_012152.1	5919
SRR27421013.286408	NC_012152.1	6749
SRR27421013.90960	NC_012152.1	8162
SRR27421013.148397	NC_012152.1	6676
SRR27421013.203373	NC_012152.1	7754
SRR27421013.243280	NC_012152.1	7121
SRR27421013.55382	NC_012152.1	6782
SRR27421013.58648	NC_012152.1	6931
SRR27421013.60163	NC_012152.1	6571
SRR27421013.81945	NC_012152.1	6912
SRR27421013.83728	NC_012152.1	6050
SRR27421013.86706	NC_012152.1	6599
SRR27421013.99432	NC_012152.1	6543
SRR27421013.124337	NC_012152.1	6705
SRR27421013.132059	NC_012152.1	6203
SRR27421013.133846	NC_012152.1	5835
SRR27421013.197195	NC_012152.1	6438
SRR27421013.198022	NC_012152.1	6896
SRR27421013.206081	NC_012152.1	13198
SRR27421013.221656	NC_012152.1	7021
SRR27421013.232372	NC_012152.1	6817
SRR27421013.243979	NC_012152.1	7178
SRR27421013.265107	NC_012152.1	13177
SRR27421013.276504	NC_012152.1	6676
SRR27421013.149724	NC_012152.1	6594
SRR27421013.206865	NC_012152.1	6813
SRR27421013.11679	NC_012152.1	5673
SRR27421013.22002	NC_012152.1	6879
SRR27421013.49122	NC_012152.1	6991
SRR27421013.68614	NC_012152.1	6625
SRR27421013.69679	NC_012152.1	9148
SRR27421013.143079	NC_012152.1	5982
SRR27421013.171580	NC_012152.1	6703
SRR27421013.189303	NC_012152.1	6698
SRR27421013.209279	NC_012152.1	6805
SRR27421013.231223	NC_012152.1	6952
SRR27421013.251059	NC_012152.1	5180
SRR27421013.47388	NC_012152.1	7005
SRR27421013.16608	NC_012152.1	7910
SRR27421013.36917	NC_012152.1	6752
SRR27421013.39551	NC_012152.1	5835
SRR27421013.140153	NC_012152.1	6626
SRR27421013.166347	NC_012152.1	6795
SRR27421013.36695	NC_012152.1	5984
SRR27421013.40040	NC_012152.1	6961
SRR27421013.76592	NC_012152.1	6454
SRR27421013.129776	NC_012152.1	7402
SRR27421013.167407	NC_012152.1	5922
SRR27421013.171734	NC_012152.1	7018
SRR27421013.192525	NC_012152.1	6930
SRR27421013.207666	NC_012152.1	6601
SRR27421013.27837	NC_012152.1	8429
SRR27421013.148747	NC_012152.1	6774
SRR27421013.179803	NC_012152.1	6357
SRR27421013.187501	NC_012152.1	6604
SRR27421013.243716	NC_012152.1	6331
SRR27421013.255910	NC_012152.1	7240
SRR27421013.286632	NC_012152.1	6769
SRR27421013.32504	NC_012152.1	6345
SRR27421013.74446	NC_012152.1	6583
SRR27421013.87771	NC_012152.1	7523
SRR27421013.128739	NC_012152.1	7763
SRR27421013.143116	NC_012152.1	6169
SRR27421013.199287	NC_012152.1	5931
SRR27421013.231565	NC_012152.1	6435
SRR27421013.240397	NC_012152.1	6773
SRR27421013.255491	NC_012152.1	5976
SRR27421013.15828	NC_012152.1	6982
SRR27421013.73910	NC_012152.1	5305
SRR27421013.220587	NC_012152.1	6915
SRR27421013.144391	NC_012152.1	6245
SRR27421013.162044	NC_012152.1	6655
SRR27421013.178836	NC_012152.1	6677
SRR27421013.221955	NC_012152.1	6889
SRR27421013.275276	NC_012152.1	6584
SRR27421013.276314	NC_012152.1	6972
SRR27421013.287054	NC_012152.1	8271
SRR27421013.259691	NC_012152.1	7100
SRR27421013.6674	NC_012152.1	7674
SRR27421013.172587	NC_012152.1	8236
SRR27421013.31011	NC_012152.1	6687
SRR27421013.98315	NC_012152.1	6011
SRR27421013.133698	NC_012152.1	5404
SRR27421013.165204	NC_012152.1	6618
SRR27421013.165369	NC_012152.1	6681
SRR27421013.194666	NC_012152.1	6775
SRR27421013.257452	NC_012152.1	6462
SRR27421013.277538	NC_012152.1	7649
SRR27421013.33355	NC_012152.1	6298
SRR27421013.54075	NC_012152.1	6733
SRR27421013.123232	NC_012152.1	12870
SRR27421013.237646	NC_012152.1	6770
SRR27421013.5181	NC_012152.1	5390
SRR27421013.10671	NC_012152.1	6036
SRR27421013.18084	NC_012152.1	5922
SRR27421013.31245	NC_012152.1	7033
SRR27421013.32842	NC_012152.1	8187
SRR27421013.37737	NC_012152.1	6987
SRR27421013.38356	NC_012152.1	6914
SRR27421013.49121	NC_012152.1	6898
SRR27421013.50493	NC_012152.1	6218
SRR27421013.51964	NC_012152.1	6088
SRR27421013.87910	NC_012152.1	6689
SRR27421013.104913	NC_012152.1	5753
SRR27421013.116479	NC_012152.1	6818
SRR27421013.125774	NC_012152.1	5337
SRR27421013.140245	NC_012152.1	6908
SRR27421013.142844	NC_012152.1	5972
SRR27421013.145167	NC_012152.1	6510
SRR27421013.166923	NC_012152.1	6492
SRR27421013.180832	NC_012152.1	5444
SRR27421013.182911	NC_012152.1	5814
SRR27421013.218104	NC_012152.1	6263
SRR27421013.235965	NC_012152.1	6668
SRR27421013.243269	NC_012152.1	6754
SRR27421013.245895	NC_012152.1	8941
SRR27421013.251845	NC_012152.1	6605
SRR27421013.252819	NC_012152.1	6328
SRR27421013.253400	NC_012152.1	5366
SRR27421013.265761	NC_012152.1	6446
SRR27421013.266978	NC_012152.1	6514
SRR27421013.267545	NC_012152.1	6565
SRR27421013.268953	NC_012152.1	6672
SRR27421013.91282	NC_012152.1	5840
SRR27421013.183877	NC_012152.1	7585
SRR27421013.172866	NC_012152.1	8350
SRR27421013.208578	NC_012152.1	6713
SRR27421013.116313	NC_012152.1	6361
SRR27421013.136821	NC_012152.1	6879
SRR27421013.6630	NC_012152.1	6331
SRR27421013.77642	NC_012152.1	8115
SRR27421013.114803	NC_012152.1	5574
SRR27421013.116790	NC_012152.1	6679
SRR27421013.144750	NC_012152.1	6409
SRR27421013.170024	NC_012152.1	6037
SRR27421013.174078	NC_012152.1	6993
SRR27421013.260699	NC_012152.1	7023
SRR27421013.44592	NC_012152.1	6770
SRR27421013.55125	NC_012152.1	6305
SRR27421013.72376	NC_012152.1	6576
SRR27421013.77606	NC_012152.1	5513
SRR27421013.89717	NC_012152.1	6895
SRR27421013.109419	NC_012152.1	6513
SRR27421013.128132	NC_012152.1	7068
SRR27421013.135699	NC_012152.1	6611
SRR27421013.158485	NC_012152.1	5731
SRR27421013.163199	NC_012152.1	6516
SRR27421013.13025	NC_012152.1	6739
SRR27421013.152097	NC_012152.1	6852
SRR27421013.219764	NC_012152.1	6595
SRR27421013.253344	NC_012152.1	6371
SRR27421013.29237	NC_012152.1	7021
SRR27421013.62959	NC_012152.1	6740
SRR27421013.78405	NC_012152.1	6600
SRR27421013.106356	NC_012152.1	6282
SRR27421013.228524	NC_012152.1	6617
SRR27421013.100762	NC_012152.1	5964
SRR27421013.174354	NC_012152.1	7020
SRR27421013.56393	NC_012152.1	6758
SRR27421013.67713	NC_012152.1	6693
SRR27421013.88310	NC_012152.1	6833
SRR27421013.109121	NC_012152.1	6311
SRR27421013.144523	NC_012152.1	6291
SRR27421013.214295	NC_012152.1	6562
SRR27421013.232914	NC_012152.1	6748
SRR27421013.33203	NC_012152.1	6963
SRR27421013.142677	NC_012152.1	6431
SRR27421013.76765	NC_012152.1	6816
SRR27421013.220240	NC_012152.1	6202
SRR27421013.4451	NC_012152.1	7066
SRR27421013.172794	NC_012152.1	6776
SRR27421013.204706	NC_012152.1	6578
SRR27421013.22549	NC_012152.1	6484
SRR27421013.127181	NC_012152.1	6545
SRR27421013.217414	NC_012152.1	8329
SRR27421013.156808	NC_012152.1	6140
SRR27421013.38442	NC_012152.1	7013
SRR27421013.142470	NC_012152.1	6652
SRR27421013.208302	NC_012152.1	6293
SRR27421013.196804	NC_012152.1	6364
SRR27421013.218823	NC_012152.1	5530
SRR27421013.161673	NC_012152.1	8347
SRR27421013.216004	NC_012152.1	15781
SRR27421013.154005	NC_012152.1	8352
SRR27421013.103207	NC_012152.1	7555
SRR27421013.101652	NC_012152.1	7637
SRR27421013.166640	NC_012152.1	8147
SRR27421013.180211	NC_012152.1	7037
SRR27421013.1486	NC_012152.1	6919
SRR27421013.31635	NC_012152.1	5273
SRR27421013.89646	NC_012152.1	6497
SRR27421013.1849	NC_012152.1	6865
SRR27421013.4249	NC_012152.1	5161
SRR27421013.144782	NC_012152.1	7017
SRR27421013.201714	NC_012152.1	5979
SRR27421013.103201	NC_012152.1	6736
SRR27421013.194217	NC_012152.1	6732
SRR27421013.125323	NC_012152.1	6415
SRR27421013.196839	NC_012152.1	7069
SRR27421013.234818	NC_012152.1	6660
SRR27421013.129157	NC_012152.1	6455
SRR27421013.154772	NC_012152.1	6633
SRR27421013.86515	NC_012152.1	7006
SRR27421013.271082	NC_012152.1	6783
SRR27421013.173651	NC_012152.1	6918
SRR27421013.256009	NC_012152.1	7928
SRR27421013.160825	NC_012152.1	6651
SRR27421013.260983	NC_012152.1	6501
SRR27421013.253806	NC_012152.1	6013
SRR27421013.142771	NC_012152.1	6758
SRR27421013.49562	NC_012152.1	6657
SRR27421013.161019	NC_012152.1	6703
SRR27421013.172785	NC_012152.1	6697
SRR27421013.172784	NC_012152.1	6711
SRR27421013.210034	NC_012152.1	5892
SRR27421013.249150	NC_012152.1	7604
SRR27421013.14693	NC_012152.1	6800
SRR27421013.283821	NC_012152.1	7187
SRR27421013.165990	NC_012152.1	6876
SRR27421013.232228	NC_012152.1	6790
SRR27421013.150767	NC_012152.1	6939
SRR27421013.126281	NC_012152.1	6120
SRR27421013.127236	NC_012152.1	6094
SRR27421013.122745	NC_012152.1	7058
SRR27421013.211078	NC_012152.1	6181
SRR27421013.143745	NC_012152.1	6971
SRR27421013.196403	NC_012152.1	5823
SRR27421013.222628	NC_012152.1	6735
SRR27421013.197482	NC_012152.1	6324
SRR27421013.193510	NC_012152.1	6683
SRR27421013.150639	NC_012152.1	6648
SRR27421013.267982	NC_012152.1	6581
SRR27421013.194504	NC_012152.1	7378
SRR27421013.161951	NC_012152.1	5102
SRR27421013.145654	NC_012152.1	6815
SRR27421013.95236	NC_012152.1	7261
SRR27421013.263684	NC_012152.1	6288
SRR27421013.97826	NC_012152.1	7449
SRR27421013.140106	NC_012152.1	7021
SRR27421013.141184	NC_012152.1	6837
SRR27421013.184144	NC_012152.1	6976
SRR27421013.34115	NC_012152.1	6960
SRR27421013.31508	NC_012152.1	7058
SRR27421013.196593	NC_012152.1	6596
SRR27421013.144350	NC_012152.1	7891
SRR27421013.21409	NC_012152.1	6156
SRR27421013.53884	NC_012152.1	6904
SRR27421013.81230	NC_012152.1	6415
SRR27421013.163749	NC_012152.1	6532
SRR27421013.13434	NC_012152.1	5764
SRR27421013.74812	NC_012152.1	5317
SRR27421013.233579	NC_012152.1	6844
SRR27421013.203924	NC_012152.1	7008
SRR27421013.52169	NC_012152.1	6908
SRR27421013.255035	NC_012152.1	6417
SRR27421013.106570	NC_012152.1	6878
SRR27421013.269024	NC_012152.1	6778
SRR27421013.96089	NC_012152.1	5195
SRR27421013.166337	NC_012152.1	5898
SRR27421013.37779	NC_012152.1	6437
SRR27421013.203190	NC_012152.1	6297
SRR27421013.180281	NC_012152.1	6825
SRR27421013.179651	NC_012152.1	6828
SRR27421013.193875	NC_012152.1	7117
SRR27421013.240953	NC_012152.1	7007
SRR27421013.110140	NC_012152.1	6156
SRR27421013.125771	NC_012152.1	6708
SRR27421013.219732	NC_012152.1	6018
SRR27421013.156988	NC_012152.1	6796
SRR27421013.197370	NC_012152.1	7147
SRR27421013.151214	NC_012152.1	6477
SRR27421013.27359	NC_012152.1	6356
SRR27421013.106484	NC_012152.1	6844
SRR27421013.105149	NC_012152.1	6849
SRR27421013.85539	NC_012152.1	6735
SRR27421013.38086	NC_012152.1	6623
SRR27421013.21333	NC_012152.1	6829
SRR27421013.37759	NC_012152.1	6060
SRR27421013.238786	NC_012152.1	6530
SRR27421013.252697	NC_012152.1	6567
SRR27421013.28130	NC_012152.1	5825
SRR27421013.179824	NC_012152.1	5666
SRR27421013.190203	NC_012152.1	5948
SRR27421013.219375	NC_012152.1	7499
SRR27421013.153346	NC_012152.1	6698
SRR27421013.105378	NC_012152.1	5359
SRR27421013.256083	NC_012152.1	7044
SRR27421013.244600	NC_012152.1	5448
SRR27421013.245293	NC_012152.1	6330
SRR27421013.125532	NC_012152.1	6440
SRR27421013.111957	NC_012152.1	7220
SRR27421013.43930	NC_012152.1	6736
SRR27421013.241984	NC_012152.1	6194
SRR27421013.165163	NC_012152.1	6185
SRR27421013.264233	NC_012152.1	6815
SRR27421013.56588	NC_012152.1	10078
SRR27421013.250856	NC_012152.1	7301
SRR27421013.31129	NC_012152.1	6998
SRR27421013.65741	NC_012152.1	6654
SRR27421013.214583	NC_012152.1	5796
SRR27421013.251473	NC_012152.1	6938
SRR27421013.282461	NC_012152.1	6772
SRR27421013.259194	NC_012152.1	6528
SRR27421013.282460	NC_012152.1	6691
SRR27421013.286442	NC_012152.1	5332
SRR27421013.138929	NC_012152.1	6645
SRR27421013.236818	NC_012152.1	6177
SRR27421013.22881	NC_012152.1	6678
SRR27421013.115442	NC_012152.1	6682
SRR27421013.128763	NC_012152.1	6502
SRR27421013.276368	NC_012152.1	6871
SRR27421013.253348	NC_012152.1	6357
SRR27421013.26234	NC_012152.1	6262
SRR27421013.280864	NC_012152.1	6917
SRR27421013.220655	NC_012152.1	6460
SRR27421013.245760	NC_012152.1	6934
SRR27421013.182142	NC_012152.1	6665
SRR27421013.182042	NC_012152.1	5943
SRR27421013.260433	NC_012152.1	6846
SRR27421013.23464	NC_012152.1	6956
SRR27421013.184439	NC_012152.1	6707
SRR27421013.75175	NC_012152.1	7090
SRR27421013.106070	NC_012152.1	6425
SRR27421013.128568	NC_012152.1	5893
SRR27421013.163409	NC_012152.1	7026
SRR27421013.30127	NC_012152.1	6679
SRR27421013.283716	NC_012152.1	6725
SRR27421013.237818	NC_012152.1	6917
SRR27421013.273708	NC_012152.1	6272
SRR27421013.209255	NC_012152.1	6193
SRR27421013.183309	NC_012152.1	6584
SRR27421013.183468	NC_012152.1	6609
SRR27421013.77376	NC_012152.1	6449
SRR27421013.237474	NC_012152.1	11390
SRR27421013.273874	NC_012152.1	6578
SRR27421013.69980	NC_012152.1	6065
SRR27421013.84917	NC_012152.1	6471
SRR27421013.183471	NC_012152.1	6480
SRR27421013.221187	NC_012152.1	5330
SRR27421013.169727	NC_012152.1	6337
SRR27421013.276515	NC_012152.1	6589
SRR27421013.190454	NC_012152.1	6105
SRR27421013.103203	NC_012152.1	6564
SRR27421013.96156	NC_012152.1	6523
SRR27421013.133970	NC_012152.1	6601
SRR27421013.139048	NC_012152.1	6107
SRR27421013.122241	NC_012152.1	7238
SRR27421013.254545	NC_012152.1	5888
SRR27421013.133910	NC_012152.1	6852
SRR27421013.286622	NC_012152.1	6753
SRR27421013.186579	NC_012152.1	6852
SRR27421013.59476	NC_012152.1	6164
SRR27421013.92535	NC_012152.1	5350
SRR27421013.42107	NC_012152.1	6874
SRR27421013.261046	NC_012152.1	6642
SRR27421013.157845	NC_012152.1	5838
SRR27421013.137049	NC_012152.1	5957
SRR27421013.276929	NC_012152.1	6413
SRR27421013.254798	NC_012152.1	6512
SRR27421013.198459	NC_012152.1	6734
SRR27421013.48602	NC_012152.1	6576
SRR27421013.112000	NC_012152.1	6516
SRR27421013.48304	NC_012152.1	6527
SRR27421013.164315	NC_012152.1	6237
SRR27421013.122263	NC_012152.1	6687
SRR27421013.37598	NC_012152.1	5370
SRR27421013.67125	NC_012152.1	7010
SRR27421013.12	NC_012152.1	7572
SRR27421013.194204	NC_012152.1	6815
SRR27421013.59705	NC_012152.1	6521
SRR27421013.100	NC_012152.1	6785
SRR27421013.242216	NC_012152.1	6559
SRR27421013.31725	NC_012152.1	6478
SRR27421013.44606	NC_012152.1	6958
SRR27421013.175113	NC_012152.1	6686
SRR27421013.265284	NC_012152.1	6879
SRR27421013.31323	NC_012152.1	6026
SRR27421013.84845	NC_012152.1	6681
SRR27421013.97393	NC_012152.1	6178
SRR27421013.285014	NC_012152.1	6477
SRR27421013.50044	NC_012152.1	6644
SRR27421013.141530	NC_012152.1	6906
SRR27421013.263998	NC_012152.1	6796
SRR27421013.53081	NC_012152.1	5338
SRR27421013.197823	NC_012152.1	6036
SRR27421013.197822	NC_012152.1	6045
SRR27421013.20880	NC_012152.1	6576
SRR27421013.155319	NC_012152.1	6349
SRR27421013.275046	NC_012152.1	6687
SRR27421013.267305	NC_012152.1	5930
SRR27421013.186946	NC_012152.1	6692
SRR27421013.212877	NC_012152.1	6391
SRR27421013.196216	NC_012152.1	6601
SRR27421013.40934	NC_012152.1	13070
SRR27421013.6459	NC_012152.1	5954
SRR27421013.224274	NC_012152.1	6146
SRR27421013.57054	NC_012152.1	6501
SRR27421013.166195	NC_012152.1	6444
SRR27421013.255646	NC_012152.1	6509
SRR27421013.115224	NC_012152.1	6584
SRR27421013.213569	NC_012152.1	5205
SRR27421013.73480	NC_012152.1	5593
SRR27421013.273100	NC_012152.1	6551
SRR27421013.118296	NC_012152.1	6279
SRR27421013.217177	NC_012152.1	6582
SRR27421013.179202	NC_012152.1	5923
SRR27421013.190832	NC_012152.1	6825
SRR27421013.189295	NC_012152.1	6027
SRR27421013.77463	NC_012152.1	6353
SRR27421013.219418	NC_012152.1	5922
SRR27421013.233793	NC_012152.1	5141
SRR27421013.171939	NC_012152.1	6077
SRR27421013.263181	NC_012152.1	5952
SRR27421013.25708	NC_012152.1	6104
SRR27421013.26788	NC_012152.1	6094
SRR27421013.253792	NC_012152.1	5584
SRR27421013.156440	NC_012152.1	6095
SRR27421013.163583	NC_012152.1	5909
SRR27421013.260015	NC_012152.1	6674
SRR27421013.12489	NC_012152.1	5582
SRR27421013.214438	NC_012152.1	5263
SRR27421013.19787	NC_012152.1	6063
SRR27421013.23175	NC_012152.1	5002
SRR27421013.214171	NC_012152.1	6634
SRR27421013.162	NC_012156.1	6428
SRR27421013.771	NC_012156.1	9246
SRR27421013.1282	NC_012156.1	21901
SRR27421013.2065	NC_012156.1	11937
SRR27421013.2426	NC_012156.1	8960
SRR27421013.2748	NC_012156.1	32004
SRR27421013.4284	NC_012156.1	12764
SRR27421013.4544	NC_012156.1	12228
SRR27421013.4748	NC_012156.1	6178
SRR27421013.4871	NC_012156.1	7305
SRR27421013.4890	NC_012156.1	5930
SRR27421013.5200	NC_012156.1	11824
SRR27421013.5646	NC_012156.1	6590
SRR27421013.5710	NC_012156.1	8846
SRR27421013.6273	NC_012156.1	31045
SRR27421013.6520	NC_012156.1	7961
SRR27421013.7384	NC_012156.1	18472
SRR27421013.7685	NC_012156.1	10642
SRR27421013.7975	NC_012156.1	16526
SRR27421013.8075	NC_012156.1	31622
SRR27421013.8208	NC_012156.1	17241
SRR27421013.8246	NC_012156.1	10286
SRR27421013.8793	NC_012156.1	7802
SRR27421013.9326	NC_012156.1	27977
SRR27421013.10509	NC_012156.1	16801
SRR27421013.10841	NC_012156.1	14115
SRR27421013.11022	NC_012156.1	26467
SRR27421013.11236	NC_012156.1	10528
SRR27421013.11266	NC_012156.1	30782
SRR27421013.11931	NC_012156.1	10153
SRR27421013.11973	NC_012156.1	7911
SRR27421013.12098	NC_012156.1	5351
SRR27421013.12863	NC_012156.1	16297
SRR27421013.13243	NC_012156.1	19313
SRR27421013.13399	NC_012156.1	12701
SRR27421013.14054	NC_012156.1	20242
SRR27421013.14136	NC_012156.1	24234
SRR27421013.14568	NC_012156.1	19390
SRR27421013.15405	NC_012156.1	13246
SRR27421013.15618	NC_012156.1	8315
SRR27421013.15901	NC_012156.1	19147
SRR27421013.16412	NC_012156.1	21039
SRR27421013.16479	NC_012156.1	31923
SRR27421013.16499	NC_012156.1	19671
SRR27421013.16771	NC_012156.1	15342
SRR27421013.16850	NC_012156.1	21275
SRR27421013.18506	NC_012156.1	17604
SRR27421013.18544	NC_012156.1	7234
SRR27421013.19484	NC_012156.1	17746
SRR27421013.19486	NC_012156.1	13402
SRR27421013.19593	NC_012156.1	31442
SRR27421013.19739	NC_012156.1	12304
SRR27421013.20203	NC_012156.1	23808
SRR27421013.20243	NC_012156.1	7148
SRR27421013.20581	NC_012156.1	15990
SRR27421013.20690	NC_012156.1	6092
SRR27421013.22165	NC_012156.1	8350
SRR27421013.22776	NC_012156.1	9906
SRR27421013.23036	NC_012156.1	9586
SRR27421013.23963	NC_012156.1	6228
SRR27421013.24114	NC_012156.1	10266
SRR27421013.25789	NC_012156.1	20210
SRR27421013.26006	NC_012156.1	21934
SRR27421013.27185	NC_012156.1	19206
SRR27421013.27658	NC_012156.1	12988
SRR27421013.27878	NC_012156.1	29048
SRR27421013.27925	NC_012156.1	19776
SRR27421013.27951	NC_012156.1	30790
SRR27421013.28749	NC_012156.1	14814
SRR27421013.28794	NC_012156.1	20965
SRR27421013.29411	NC_012156.1	9970
SRR27421013.29429	NC_012156.1	31443
SRR27421013.29580	NC_012156.1	27888
SRR27421013.29913	NC_012156.1	30743
SRR27421013.30765	NC_012156.1	7079
SRR27421013.31083	NC_012156.1	7202
SRR27421013.31267	NC_012156.1	6986
SRR27421013.32707	NC_012156.1	12742
SRR27421013.32743	NC_012156.1	11895
SRR27421013.33510	NC_012156.1	14001
SRR27421013.34521	NC_012156.1	15928
SRR27421013.34561	NC_012156.1	30629
SRR27421013.35929	NC_012156.1	15499
SRR27421013.36304	NC_012156.1	20528
SRR27421013.36383	NC_012156.1	14787
SRR27421013.36602	NC_012156.1	21155
SRR27421013.36749	NC_012156.1	9953
SRR27421013.37253	NC_012156.1	31339
SRR27421013.37376	NC_012156.1	12290
SRR27421013.37544	NC_012156.1	32698
SRR27421013.37577	NC_012156.1	28118
SRR27421013.37625	NC_012156.1	10220
SRR27421013.37685	NC_012156.1	31520
SRR27421013.37860	NC_012156.1	31903
SRR27421013.37924	NC_012156.1	12073
SRR27421013.37977	NC_012156.1	32567
SRR27421013.38254	NC_012156.1	31973
SRR27421013.38276	NC_012156.1	31550
SRR27421013.38755	NC_012156.1	22807
SRR27421013.39554	NC_012156.1	27659
SRR27421013.39633	NC_012156.1	9740
SRR27421013.39640	NC_012156.1	11339
SRR27421013.39742	NC_012156.1	30669
SRR27421013.39787	NC_012156.1	9990
SRR27421013.39815	NC_012156.1	28727
SRR27421013.39971	NC_012156.1	32499
SRR27421013.40477	NC_012156.1	7300
SRR27421013.40551	NC_012156.1	32408
SRR27421013.40791	NC_012156.1	16618
SRR27421013.40913	NC_012156.1	31109
SRR27421013.41209	NC_012156.1	26343
SRR27421013.41399	NC_012156.1	31800
SRR27421013.41960	NC_012156.1	31452
SRR27421013.42083	NC_012156.1	12659
SRR27421013.42153	NC_012156.1	32246
SRR27421013.42256	NC_012156.1	27308
SRR27421013.42257	NC_012156.1	32099
SRR27421013.42274	NC_012156.1	31650
SRR27421013.42316	NC_012156.1	32250
SRR27421013.42741	NC_012156.1	9412
SRR27421013.42895	NC_012156.1	30474
SRR27421013.43050	NC_012156.1	6918
SRR27421013.43113	NC_012156.1	7215
SRR27421013.43222	NC_012156.1	17822
SRR27421013.43717	NC_012156.1	13622
SRR27421013.46136	NC_012156.1	14673
SRR27421013.47747	NC_012156.1	27829
SRR27421013.47934	NC_012156.1	31451
SRR27421013.47971	NC_012156.1	32215
SRR27421013.48147	NC_012156.1	29841
SRR27421013.48333	NC_012156.1	12199
SRR27421013.48643	NC_012156.1	30736
SRR27421013.48855	NC_012156.1	30509
SRR27421013.49083	NC_012156.1	32509
SRR27421013.49207	NC_012156.1	32516
SRR27421013.49520	NC_012156.1	28309
SRR27421013.49521	NC_012156.1	28757
SRR27421013.49530	NC_012156.1	7603
SRR27421013.50048	NC_012156.1	31792
SRR27421013.50126	NC_012156.1	31101
SRR27421013.50198	NC_012156.1	23534
SRR27421013.50338	NC_012156.1	31859
SRR27421013.50586	NC_012156.1	17701
SRR27421013.50704	NC_012156.1	21606
SRR27421013.51044	NC_012156.1	18206
SRR27421013.51427	NC_012156.1	14121
SRR27421013.51774	NC_012156.1	32011
SRR27421013.52168	NC_012156.1	16977
SRR27421013.52646	NC_012156.1	13288
SRR27421013.52738	NC_012156.1	7448
SRR27421013.53260	NC_012156.1	28236
SRR27421013.53350	NC_012156.1	7801
SRR27421013.54048	NC_012156.1	5839
SRR27421013.54930	NC_012156.1	11298
SRR27421013.56206	NC_012156.1	18091
SRR27421013.56891	NC_012156.1	11660
SRR27421013.57870	NC_012156.1	9405
SRR27421013.58105	NC_012156.1	20178
SRR27421013.58136	NC_012156.1	21283
SRR27421013.58345	NC_012156.1	5785
SRR27421013.58645	NC_012156.1	9701
SRR27421013.58828	NC_012156.1	13403
SRR27421013.58886	NC_012156.1	18684
SRR27421013.59551	NC_012156.1	8480
SRR27421013.59654	NC_012156.1	14642
SRR27421013.59692	NC_012156.1	19553
SRR27421013.59730	NC_012156.1	16872
SRR27421013.59989	NC_012156.1	7619
SRR27421013.60910	NC_012156.1	8889
SRR27421013.61773	NC_012156.1	6051
SRR27421013.62543	NC_012156.1	8408
SRR27421013.63738	NC_012156.1	13360
SRR27421013.63754	NC_012156.1	11056
SRR27421013.64713	NC_012156.1	5532
SRR27421013.64945	NC_012156.1	6675
SRR27421013.67886	NC_012156.1	6231
SRR27421013.68166	NC_012156.1	22126
SRR27421013.68850	NC_012156.1	31803
SRR27421013.69730	NC_012156.1	10338
SRR27421013.70361	NC_012156.1	20664
SRR27421013.70612	NC_012156.1	31959
SRR27421013.71489	NC_012156.1	24200
SRR27421013.71741	NC_012156.1	17122
SRR27421013.71875	NC_012156.1	7051
SRR27421013.72450	NC_012156.1	13368
SRR27421013.72754	NC_012156.1	27485
SRR27421013.73610	NC_012156.1	20082
SRR27421013.74094	NC_012156.1	19353
SRR27421013.74637	NC_012156.1	29447
SRR27421013.74951	NC_012156.1	15495
SRR27421013.74967	NC_012156.1	32173
SRR27421013.75165	NC_012156.1	31627
SRR27421013.75415	NC_012156.1	29447
SRR27421013.75497	NC_012156.1	13248
SRR27421013.75716	NC_012156.1	9354
SRR27421013.75889	NC_012156.1	32076
SRR27421013.75934	NC_012156.1	9228
SRR27421013.76182	NC_012156.1	29544
SRR27421013.76253	NC_012156.1	32413
SRR27421013.76280	NC_012156.1	23030
SRR27421013.76743	NC_012156.1	15946
SRR27421013.76907	NC_012156.1	31649
SRR27421013.78788	NC_012156.1	9155
SRR27421013.79188	NC_012156.1	11113
SRR27421013.80134	NC_012156.1	15131
SRR27421013.80579	NC_012156.1	9899
SRR27421013.80801	NC_012156.1	8424
SRR27421013.81258	NC_012156.1	13368
SRR27421013.81268	NC_012156.1	9087
SRR27421013.81324	NC_012156.1	29342
SRR27421013.81400	NC_012156.1	6551
SRR27421013.81482	NC_012156.1	7238
SRR27421013.81542	NC_012156.1	30026
SRR27421013.81792	NC_012156.1	32010
SRR27421013.81901	NC_012156.1	32345
SRR27421013.81953	NC_012156.1	31039
SRR27421013.82002	NC_012156.1	30797
SRR27421013.82424	NC_012156.1	27756
SRR27421013.82462	NC_012156.1	31115
SRR27421013.82702	NC_012156.1	31990
SRR27421013.82764	NC_012156.1	24208
SRR27421013.82841	NC_012156.1	30775
SRR27421013.82874	NC_012156.1	31649
SRR27421013.83016	NC_012156.1	30102
SRR27421013.83292	NC_012156.1	32297
SRR27421013.83403	NC_012156.1	31986
SRR27421013.83586	NC_012156.1	22174
SRR27421013.84193	NC_012156.1	32184
SRR27421013.84568	NC_012156.1	9145
SRR27421013.85163	NC_012156.1	8990
SRR27421013.85295	NC_012156.1	15630
SRR27421013.85975	NC_012156.1	20369
SRR27421013.86113	NC_012156.1	7450
SRR27421013.87213	NC_012156.1	11085
SRR27421013.87495	NC_012156.1	8056
SRR27421013.89509	NC_012156.1	17632
SRR27421013.91541	NC_012156.1	16415
SRR27421013.91934	NC_012156.1	23457
SRR27421013.94054	NC_012156.1	23493
SRR27421013.94364	NC_012156.1	20808
SRR27421013.94840	NC_012156.1	31723
SRR27421013.95143	NC_012156.1	16707
SRR27421013.95147	NC_012156.1	33047
SRR27421013.95310	NC_012156.1	18727
SRR27421013.95473	NC_012156.1	30725
SRR27421013.95891	NC_012156.1	30913
SRR27421013.95910	NC_012156.1	20398
SRR27421013.96230	NC_012156.1	7229
SRR27421013.96650	NC_012156.1	31399
SRR27421013.96690	NC_012156.1	28900
SRR27421013.97507	NC_012156.1	29014
SRR27421013.97528	NC_012156.1	31070
SRR27421013.97840	NC_012156.1	24234
SRR27421013.97867	NC_012156.1	31917
SRR27421013.98687	NC_012156.1	27199
SRR27421013.98722	NC_012156.1	21179
SRR27421013.98764	NC_012156.1	31936
SRR27421013.98781	NC_012156.1	36049
SRR27421013.98791	NC_012156.1	29096
SRR27421013.99011	NC_012156.1	29501
SRR27421013.99425	NC_012156.1	31536
SRR27421013.99683	NC_012156.1	31962
SRR27421013.100909	NC_012156.1	30089
SRR27421013.101164	NC_012156.1	23797
SRR27421013.101945	NC_012156.1	29762
SRR27421013.102000	NC_012156.1	31932
SRR27421013.102521	NC_012156.1	7589
SRR27421013.102828	NC_012156.1	19414
SRR27421013.102910	NC_012156.1	24984
SRR27421013.103135	NC_012156.1	32020
SRR27421013.103229	NC_012156.1	31963
SRR27421013.103431	NC_012156.1	33126
SRR27421013.103477	NC_012156.1	31551
SRR27421013.103583	NC_012156.1	30706
SRR27421013.103711	NC_012156.1	31313
SRR27421013.103945	NC_012156.1	28282
SRR27421013.104016	NC_012156.1	35484
SRR27421013.104291	NC_012156.1	11412
SRR27421013.104293	NC_012156.1	32487
SRR27421013.104615	NC_012156.1	31813
SRR27421013.104661	NC_012156.1	29022
SRR27421013.104701	NC_012156.1	30856
SRR27421013.104744	NC_012156.1	15554
SRR27421013.104746	NC_012156.1	16746
SRR27421013.105038	NC_012156.1	18956
SRR27421013.105313	NC_012156.1	12901
SRR27421013.105361	NC_012156.1	6887
SRR27421013.105411	NC_012156.1	30607
SRR27421013.105424	NC_012156.1	29530
SRR27421013.105683	NC_012156.1	32231
SRR27421013.106028	NC_012156.1	32183
SRR27421013.106153	NC_012156.1	31548
SRR27421013.106211	NC_012156.1	30665
SRR27421013.106477	NC_012156.1	33232
SRR27421013.106719	NC_012156.1	32342
SRR27421013.107006	NC_012156.1	9847
SRR27421013.107334	NC_012156.1	6936
SRR27421013.107976	NC_012156.1	7897
SRR27421013.108319	NC_012156.1	20973
SRR27421013.109195	NC_012156.1	8145
SRR27421013.109203	NC_012156.1	6718
SRR27421013.111330	NC_012156.1	24456
SRR27421013.111372	NC_012156.1	15742
SRR27421013.112426	NC_012156.1	20894
SRR27421013.113474	NC_012156.1	12822
SRR27421013.114439	NC_012156.1	9372
SRR27421013.114691	NC_012156.1	30751
SRR27421013.115979	NC_012156.1	8744
SRR27421013.116952	NC_012156.1	6371
SRR27421013.117505	NC_012156.1	9096
SRR27421013.117519	NC_012156.1	15107
SRR27421013.118138	NC_012156.1	12369
SRR27421013.118970	NC_012156.1	29576
SRR27421013.119037	NC_012156.1	27792
SRR27421013.119210	NC_012156.1	19902
SRR27421013.119618	NC_012156.1	5305
SRR27421013.119619	NC_012156.1	21860
SRR27421013.119689	NC_012156.1	55515
SRR27421013.120140	NC_012156.1	32530
SRR27421013.120538	NC_012156.1	19660
SRR27421013.120734	NC_012156.1	30824
SRR27421013.120915	NC_012156.1	31350
SRR27421013.121556	NC_012156.1	32081
SRR27421013.121844	NC_012156.1	28094
SRR27421013.122095	NC_012156.1	13205
SRR27421013.122164	NC_012156.1	10677
SRR27421013.122199	NC_012156.1	28764
SRR27421013.122293	NC_012156.1	32077
SRR27421013.123050	NC_012156.1	14027
SRR27421013.123106	NC_012156.1	28735
SRR27421013.123115	NC_012156.1	26941
SRR27421013.124941	NC_012156.1	31710
SRR27421013.125830	NC_012156.1	14065
SRR27421013.126020	NC_012156.1	19443
SRR27421013.126218	NC_012156.1	8289
SRR27421013.127326	NC_012156.1	10948
SRR27421013.128698	NC_012156.1	29732
SRR27421013.128821	NC_012156.1	30719
SRR27421013.128972	NC_012156.1	30541
SRR27421013.128985	NC_012156.1	31722
SRR27421013.129344	NC_012156.1	32520
SRR27421013.129579	NC_012156.1	31890
SRR27421013.129958	NC_012156.1	16641
SRR27421013.130482	NC_012156.1	31861
SRR27421013.130705	NC_012156.1	31859
SRR27421013.130768	NC_012156.1	31377
SRR27421013.131106	NC_012156.1	31090
SRR27421013.131181	NC_012156.1	32351
SRR27421013.131413	NC_012156.1	6377
SRR27421013.131442	NC_012156.1	26360
SRR27421013.131600	NC_012156.1	30761
SRR27421013.131652	NC_012156.1	37524
SRR27421013.131694	NC_012156.1	32004
SRR27421013.131954	NC_012156.1	32217
SRR27421013.131966	NC_012156.1	27483
SRR27421013.132779	NC_012156.1	16048
SRR27421013.133218	NC_012156.1	16029
SRR27421013.134160	NC_012156.1	14552
SRR27421013.134391	NC_012156.1	21979
SRR27421013.134606	NC_012156.1	10649
SRR27421013.135051	NC_012156.1	5110
SRR27421013.135381	NC_012156.1	30744
SRR27421013.135599	NC_012156.1	38176
SRR27421013.135937	NC_012156.1	18234
SRR27421013.137354	NC_012156.1	24748
SRR27421013.137487	NC_012156.1	31595
SRR27421013.137754	NC_012156.1	31852
SRR27421013.137827	NC_012156.1	28855
SRR27421013.138146	NC_012156.1	32087
SRR27421013.138291	NC_012156.1	12973
SRR27421013.138324	NC_012156.1	30969
SRR27421013.138552	NC_012156.1	32167
SRR27421013.138895	NC_012156.1	17783
SRR27421013.139300	NC_012156.1	11055
SRR27421013.139326	NC_012156.1	5986
SRR27421013.139863	NC_012156.1	12052
SRR27421013.140782	NC_012156.1	15220
SRR27421013.141640	NC_012156.1	17214
SRR27421013.141994	NC_012156.1	9817
SRR27421013.144178	NC_012156.1	10125
SRR27421013.144389	NC_012156.1	18475
SRR27421013.145056	NC_012156.1	17339
SRR27421013.145723	NC_012156.1	30818
SRR27421013.145795	NC_012156.1	32210
SRR27421013.145824	NC_012156.1	31957
SRR27421013.146119	NC_012156.1	31634
SRR27421013.146346	NC_012156.1	29231
SRR27421013.146526	NC_012156.1	28138
SRR27421013.146936	NC_012156.1	29862
SRR27421013.146951	NC_012156.1	32181
SRR27421013.147091	NC_012156.1	31115
SRR27421013.147435	NC_012156.1	31458
SRR27421013.147471	NC_012156.1	31328
SRR27421013.147740	NC_012156.1	27967
SRR27421013.147770	NC_012156.1	31615
SRR27421013.148055	NC_012156.1	32079
SRR27421013.148115	NC_012156.1	22083
SRR27421013.148141	NC_012156.1	32805
SRR27421013.148170	NC_012156.1	5314
SRR27421013.148216	NC_012156.1	30768
SRR27421013.148249	NC_012156.1	32637
SRR27421013.148303	NC_012156.1	24280
SRR27421013.148386	NC_012156.1	24572
SRR27421013.148415	NC_012156.1	13767
SRR27421013.148739	NC_012156.1	13843
SRR27421013.148763	NC_012156.1	15321
SRR27421013.149789	NC_012156.1	10337
SRR27421013.149981	NC_012156.1	8342
SRR27421013.150356	NC_012156.1	8477
SRR27421013.150526	NC_012156.1	7069
SRR27421013.150711	NC_012156.1	15754
SRR27421013.151247	NC_012156.1	16240
SRR27421013.151319	NC_012156.1	14636
SRR27421013.151478	NC_012156.1	9921
SRR27421013.152064	NC_012156.1	10270
SRR27421013.152120	NC_012156.1	31938
SRR27421013.152392	NC_012156.1	10870
SRR27421013.152765	NC_012156.1	10279
SRR27421013.153116	NC_012156.1	7800
SRR27421013.153355	NC_012156.1	13420
SRR27421013.154135	NC_012156.1	32953
SRR27421013.154462	NC_012156.1	10441
SRR27421013.154583	NC_012156.1	19445
SRR27421013.155203	NC_012156.1	6746
SRR27421013.155551	NC_012156.1	32194
SRR27421013.155723	NC_012156.1	59991
SRR27421013.155870	NC_012156.1	12606
SRR27421013.156047	NC_012156.1	23296
SRR27421013.156268	NC_012156.1	10792
SRR27421013.156458	NC_012156.1	25062
SRR27421013.156614	NC_012156.1	31792
SRR27421013.156725	NC_012156.1	16435
SRR27421013.157023	NC_012156.1	30842
SRR27421013.157183	NC_012156.1	31767
SRR27421013.157743	NC_012156.1	31390
SRR27421013.157893	NC_012156.1	9735
SRR27421013.157941	NC_012156.1	15183
SRR27421013.158007	NC_012156.1	27621
SRR27421013.158193	NC_012156.1	7161
SRR27421013.158236	NC_012156.1	26523
SRR27421013.158341	NC_012156.1	23682
SRR27421013.158477	NC_012156.1	24497
SRR27421013.158534	NC_012156.1	27608
SRR27421013.158676	NC_012156.1	31035
SRR27421013.158849	NC_012156.1	5852
SRR27421013.160329	NC_012156.1	15663
SRR27421013.160647	NC_012156.1	32183
SRR27421013.160681	NC_012156.1	17727
SRR27421013.160712	NC_012156.1	5779
SRR27421013.160749	NC_012156.1	11896
SRR27421013.161117	NC_012156.1	16252
SRR27421013.161331	NC_012156.1	14019
SRR27421013.161480	NC_012156.1	8822
SRR27421013.161779	NC_012156.1	16243
SRR27421013.161792	NC_012156.1	13473
SRR27421013.162005	NC_012156.1	9702
SRR27421013.162139	NC_012156.1	32042
SRR27421013.162151	NC_012156.1	6975
SRR27421013.162259	NC_012156.1	31231
SRR27421013.162333	NC_012156.1	32128
SRR27421013.162733	NC_012156.1	31792
SRR27421013.162862	NC_012156.1	27009
SRR27421013.162868	NC_012156.1	31827
SRR27421013.163183	NC_012156.1	31784
SRR27421013.163657	NC_012156.1	31151
SRR27421013.163691	NC_012156.1	27334
SRR27421013.163751	NC_012156.1	31447
SRR27421013.164420	NC_012156.1	12659
SRR27421013.164427	NC_012156.1	6691
SRR27421013.164545	NC_012156.1	8427
SRR27421013.164584	NC_012156.1	32223
SRR27421013.164776	NC_012156.1	30923
SRR27421013.164942	NC_012156.1	9191
SRR27421013.165338	NC_012156.1	32702
SRR27421013.165366	NC_012156.1	15685
SRR27421013.165481	NC_012156.1	26859
SRR27421013.166639	NC_012156.1	16592
SRR27421013.167023	NC_012156.1	24287
SRR27421013.167423	NC_012156.1	20166
SRR27421013.167832	NC_012156.1	5874
SRR27421013.168020	NC_012156.1	8417
SRR27421013.168543	NC_012156.1	15466
SRR27421013.168910	NC_012156.1	18674
SRR27421013.169024	NC_012156.1	11408
SRR27421013.170218	NC_012156.1	19448
SRR27421013.171009	NC_012156.1	6607
SRR27421013.171443	NC_012156.1	5455
SRR27421013.171511	NC_012156.1	9210
SRR27421013.172197	NC_012156.1	32063
SRR27421013.172429	NC_012156.1	31745
SRR27421013.172560	NC_012156.1	28399
SRR27421013.172747	NC_012156.1	21014
SRR27421013.172831	NC_012156.1	23109
SRR27421013.173035	NC_012156.1	9066
SRR27421013.173170	NC_012156.1	22476
SRR27421013.173267	NC_012156.1	31925
SRR27421013.174276	NC_012156.1	31158
SRR27421013.174546	NC_012156.1	30003
SRR27421013.174940	NC_012156.1	8161
SRR27421013.175266	NC_012156.1	17153
SRR27421013.175272	NC_012156.1	32121
SRR27421013.175330	NC_012156.1	9671
SRR27421013.175345	NC_012156.1	32037
SRR27421013.176403	NC_012156.1	12045
SRR27421013.176485	NC_012156.1	10554
SRR27421013.176988	NC_012156.1	8245
SRR27421013.177536	NC_012156.1	32110
SRR27421013.178342	NC_012156.1	5987
SRR27421013.178891	NC_012156.1	13519
SRR27421013.178937	NC_012156.1	11116
SRR27421013.179094	NC_012156.1	9359
SRR27421013.179218	NC_012156.1	31990
SRR27421013.179239	NC_012156.1	29232
SRR27421013.179665	NC_012156.1	32600
SRR27421013.180478	NC_012156.1	30705
SRR27421013.182038	NC_012156.1	31120
SRR27421013.182727	NC_012156.1	22636
SRR27421013.182832	NC_012156.1	11805
SRR27421013.183331	NC_012156.1	20338
SRR27421013.183337	NC_012156.1	27932
SRR27421013.183892	NC_012156.1	30673
SRR27421013.185228	NC_012156.1	9720
SRR27421013.185968	NC_012156.1	14181
SRR27421013.186184	NC_012156.1	12270
SRR27421013.187162	NC_012156.1	7466
SRR27421013.189786	NC_012156.1	28509
SRR27421013.190031	NC_012156.1	15247
SRR27421013.191710	NC_012156.1	19190
SRR27421013.192022	NC_012156.1	19250
SRR27421013.192235	NC_012156.1	7410
SRR27421013.192280	NC_012156.1	20905
SRR27421013.192492	NC_012156.1	24339
SRR27421013.192779	NC_012156.1	31136
SRR27421013.192845	NC_012156.1	15843
SRR27421013.192903	NC_012156.1	29816
SRR27421013.192920	NC_012156.1	36083
SRR27421013.193049	NC_012156.1	11243
SRR27421013.193157	NC_012156.1	31270
SRR27421013.193280	NC_012156.1	32333
SRR27421013.193492	NC_012156.1	64498
SRR27421013.193659	NC_012156.1	31690
SRR27421013.193718	NC_012156.1	31940
SRR27421013.193775	NC_012156.1	46538
SRR27421013.193816	NC_012156.1	18102
SRR27421013.193853	NC_012156.1	29074
SRR27421013.193946	NC_012156.1	27804
SRR27421013.194042	NC_012156.1	32301
SRR27421013.194125	NC_012156.1	20402
SRR27421013.194258	NC_012156.1	31152
SRR27421013.194292	NC_012156.1	32741
SRR27421013.194454	NC_012156.1	28968
SRR27421013.194741	NC_012156.1	47992
SRR27421013.194993	NC_012156.1	7154
SRR27421013.195266	NC_012156.1	32104
SRR27421013.195290	NC_012156.1	32598
SRR27421013.195325	NC_012156.1	30735
SRR27421013.195326	NC_012156.1	32114
SRR27421013.195511	NC_012156.1	15845
SRR27421013.195670	NC_012156.1	30783
SRR27421013.195679	NC_012156.1	32337
SRR27421013.195764	NC_012156.1	28444
SRR27421013.195971	NC_012156.1	11286
SRR27421013.196250	NC_012156.1	11022
SRR27421013.196720	NC_012156.1	6463
SRR27421013.196846	NC_012156.1	14833
SRR27421013.196872	NC_012156.1	11999
SRR27421013.197084	NC_012156.1	12809
SRR27421013.198043	NC_012156.1	29350
SRR27421013.199365	NC_012156.1	6152
SRR27421013.199733	NC_012156.1	12912
SRR27421013.201224	NC_012156.1	8191
SRR27421013.201303	NC_012156.1	16657
SRR27421013.201497	NC_012156.1	17809
SRR27421013.202940	NC_012156.1	10692
SRR27421013.204725	NC_012156.1	16559
SRR27421013.204807	NC_012156.1	16385
SRR27421013.204883	NC_012156.1	8834
SRR27421013.205483	NC_012156.1	32495
SRR27421013.206480	NC_012156.1	23174
SRR27421013.207322	NC_012156.1	14618
SRR27421013.207488	NC_012156.1	14346
SRR27421013.207848	NC_012156.1	15036
SRR27421013.207985	NC_012156.1	7383
SRR27421013.208106	NC_012156.1	17829
SRR27421013.208915	NC_012156.1	8379
SRR27421013.209081	NC_012156.1	9146
SRR27421013.209370	NC_012156.1	23224
SRR27421013.209390	NC_012156.1	30487
SRR27421013.209451	NC_012156.1	28649
SRR27421013.209712	NC_012156.1	30858
SRR27421013.210065	NC_012156.1	30890
SRR27421013.210092	NC_012156.1	27277
SRR27421013.210253	NC_012156.1	7135
SRR27421013.210339	NC_012156.1	32178
SRR27421013.210508	NC_012156.1	10293
SRR27421013.210516	NC_012156.1	12128
SRR27421013.210767	NC_012156.1	31733
SRR27421013.211026	NC_012156.1	28253
SRR27421013.211045	NC_012156.1	17395
SRR27421013.211080	NC_012156.1	35976
SRR27421013.211266	NC_012156.1	30804
SRR27421013.211454	NC_012156.1	14524
SRR27421013.211609	NC_012156.1	20773
SRR27421013.211625	NC_012156.1	31485
SRR27421013.211759	NC_012156.1	31939
SRR27421013.211986	NC_012156.1	32510
SRR27421013.212083	NC_012156.1	21670
SRR27421013.212196	NC_012156.1	31589
SRR27421013.212236	NC_012156.1	29018
SRR27421013.212279	NC_012156.1	13597
SRR27421013.212460	NC_012156.1	32357
SRR27421013.212478	NC_012156.1	47651
SRR27421013.212768	NC_012156.1	31819
SRR27421013.212885	NC_012156.1	23990
SRR27421013.213218	NC_012156.1	31565
SRR27421013.213322	NC_012156.1	28977
SRR27421013.213495	NC_012156.1	32408
SRR27421013.213619	NC_012156.1	32012
SRR27421013.213714	NC_012156.1	12186
SRR27421013.213766	NC_012156.1	32164
SRR27421013.213846	NC_012156.1	5557
SRR27421013.213858	NC_012156.1	7694
SRR27421013.214627	NC_012156.1	9317
SRR27421013.214747	NC_012156.1	16550
SRR27421013.214931	NC_012156.1	30520
SRR27421013.215392	NC_012156.1	7362
SRR27421013.216158	NC_012156.1	14669
SRR27421013.216409	NC_012156.1	23710
SRR27421013.216936	NC_012156.1	8848
SRR27421013.217036	NC_012156.1	9993
SRR27421013.217113	NC_012156.1	28878
SRR27421013.217163	NC_012156.1	30398
SRR27421013.217197	NC_012156.1	36980
SRR27421013.217226	NC_012156.1	30734
SRR27421013.217649	NC_012156.1	15351
SRR27421013.217665	NC_012156.1	17493
SRR27421013.217837	NC_012156.1	36359
SRR27421013.217880	NC_012156.1	28886
SRR27421013.218076	NC_012156.1	31186
SRR27421013.218257	NC_012156.1	30887
SRR27421013.218354	NC_012156.1	12317
SRR27421013.218512	NC_012156.1	29740
SRR27421013.218642	NC_012156.1	18830
SRR27421013.218674	NC_012156.1	32127
SRR27421013.218887	NC_012156.1	30773
SRR27421013.219381	NC_012156.1	31007
SRR27421013.219748	NC_012156.1	29970
SRR27421013.219919	NC_012156.1	16218
SRR27421013.220174	NC_012156.1	22646
SRR27421013.220208	NC_012156.1	31458
SRR27421013.220340	NC_012156.1	29077
SRR27421013.221581	NC_012156.1	8681
SRR27421013.221725	NC_012156.1	11478
SRR27421013.221743	NC_012156.1	7317
SRR27421013.223121	NC_012156.1	11220
SRR27421013.223134	NC_012156.1	13512
SRR27421013.223150	NC_012156.1	12890
SRR27421013.223450	NC_012156.1	6864
SRR27421013.223462	NC_012156.1	18438
SRR27421013.223831	NC_012156.1	13482
SRR27421013.223952	NC_012156.1	27527
SRR27421013.224141	NC_012156.1	29862
SRR27421013.224173	NC_012156.1	30310
SRR27421013.224198	NC_012156.1	20382
SRR27421013.224364	NC_012156.1	29590
SRR27421013.224446	NC_012156.1	31754
SRR27421013.224489	NC_012156.1	32012
SRR27421013.224516	NC_012156.1	30192
SRR27421013.224521	NC_012156.1	31945
SRR27421013.224531	NC_012156.1	32288
SRR27421013.224556	NC_012156.1	31854
SRR27421013.224792	NC_012156.1	30829
SRR27421013.224862	NC_012156.1	32101
SRR27421013.224917	NC_012156.1	31379
SRR27421013.225164	NC_012156.1	29182
SRR27421013.225198	NC_012156.1	31649
SRR27421013.225240	NC_012156.1	25258
SRR27421013.225446	NC_012156.1	31474
SRR27421013.225479	NC_012156.1	28486
SRR27421013.225637	NC_012156.1	11809
SRR27421013.225737	NC_012156.1	32863
SRR27421013.225782	NC_012156.1	31454
SRR27421013.225796	NC_012156.1	31548
SRR27421013.225883	NC_012156.1	27551
SRR27421013.225919	NC_012156.1	33760
SRR27421013.225950	NC_012156.1	31568
SRR27421013.226250	NC_012156.1	31936
SRR27421013.226270	NC_012156.1	31448
SRR27421013.226273	NC_012156.1	31493
SRR27421013.226312	NC_012156.1	13663
SRR27421013.226436	NC_012156.1	49769
SRR27421013.226448	NC_012156.1	31638
SRR27421013.226550	NC_012156.1	28451
SRR27421013.226662	NC_012156.1	27952
SRR27421013.226703	NC_012156.1	31387
SRR27421013.226717	NC_012156.1	27391
SRR27421013.226779	NC_012156.1	32000
SRR27421013.226874	NC_012156.1	28525
SRR27421013.226981	NC_012156.1	31802
SRR27421013.227031	NC_012156.1	38582
SRR27421013.227157	NC_012156.1	31334
SRR27421013.227173	NC_012156.1	31915
SRR27421013.227256	NC_012156.1	31572
SRR27421013.227516	NC_012156.1	12026
SRR27421013.231032	NC_012156.1	9365
SRR27421013.231912	NC_012156.1	11109
SRR27421013.232876	NC_012156.1	31462
SRR27421013.233085	NC_012156.1	11777
SRR27421013.233302	NC_012156.1	6216
SRR27421013.234051	NC_012156.1	23993
SRR27421013.234332	NC_012156.1	32330
SRR27421013.234553	NC_012156.1	27137
SRR27421013.234697	NC_012156.1	27280
SRR27421013.234775	NC_012156.1	32357
SRR27421013.235034	NC_012156.1	28281
SRR27421013.235080	NC_012156.1	31799
SRR27421013.235322	NC_012156.1	18887
SRR27421013.235398	NC_012156.1	28922
SRR27421013.235499	NC_012156.1	32398
SRR27421013.235518	NC_012156.1	36324
SRR27421013.235745	NC_012156.1	13071
SRR27421013.235766	NC_012156.1	14613
SRR27421013.236085	NC_012156.1	9346
SRR27421013.236177	NC_012156.1	31301
SRR27421013.237350	NC_012156.1	27201
SRR27421013.237375	NC_012156.1	32550
SRR27421013.237672	NC_012156.1	28662
SRR27421013.238195	NC_012156.1	34203
SRR27421013.238328	NC_012156.1	11614
SRR27421013.240096	NC_012156.1	21768
SRR27421013.240177	NC_012156.1	6149
SRR27421013.240196	NC_012156.1	7928
SRR27421013.240912	NC_012156.1	19726
SRR27421013.241003	NC_012156.1	16390
SRR27421013.242190	NC_012156.1	21339
SRR27421013.242836	NC_012156.1	9422
SRR27421013.244108	NC_012156.1	20805
SRR27421013.244180	NC_012156.1	10195
SRR27421013.244791	NC_012156.1	32120
SRR27421013.244861	NC_012156.1	18500
SRR27421013.245882	NC_012156.1	13205
SRR27421013.245937	NC_012156.1	28065
SRR27421013.246215	NC_012156.1	28861
SRR27421013.246293	NC_012156.1	9411
SRR27421013.246332	NC_012156.1	5504
SRR27421013.247107	NC_012156.1	10981
SRR27421013.247207	NC_012156.1	11823
SRR27421013.247819	NC_012156.1	6626
SRR27421013.248240	NC_012156.1	8264
SRR27421013.248409	NC_012156.1	16081
SRR27421013.248414	NC_012156.1	23056
SRR27421013.248649	NC_012156.1	19792
SRR27421013.249368	NC_012156.1	8192
SRR27421013.249383	NC_012156.1	8125
SRR27421013.249846	NC_012156.1	7841
SRR27421013.249852	NC_012156.1	6105
SRR27421013.250063	NC_012156.1	21639
SRR27421013.251105	NC_012156.1	5107
SRR27421013.251888	NC_012156.1	8121
SRR27421013.251915	NC_012156.1	22583
SRR27421013.251975	NC_012156.1	16261
SRR27421013.253328	NC_012156.1	31307
SRR27421013.254135	NC_012156.1	13832
SRR27421013.254600	NC_012156.1	28862
SRR27421013.255249	NC_012156.1	5532
SRR27421013.255408	NC_012156.1	32615
SRR27421013.255684	NC_012156.1	30724
SRR27421013.255787	NC_012156.1	32077
SRR27421013.255811	NC_012156.1	27446
SRR27421013.256098	NC_012156.1	30015
SRR27421013.257277	NC_012156.1	20916
SRR27421013.258137	NC_012156.1	30406
SRR27421013.258801	NC_012156.1	28599
SRR27421013.259235	NC_012156.1	17598
SRR27421013.259414	NC_012156.1	21113
SRR27421013.259680	NC_012156.1	14132
SRR27421013.259988	NC_012156.1	31660
SRR27421013.260102	NC_012156.1	28191
SRR27421013.260152	NC_012156.1	38702
SRR27421013.260262	NC_012156.1	19412
SRR27421013.260665	NC_012156.1	15612
SRR27421013.260678	NC_012156.1	27912
SRR27421013.260822	NC_012156.1	30936
SRR27421013.260844	NC_012156.1	33087
SRR27421013.261408	NC_012156.1	31712
SRR27421013.261520	NC_012156.1	14997
SRR27421013.261617	NC_012156.1	8599
SRR27421013.261817	NC_012156.1	22189
SRR27421013.262361	NC_012156.1	20892
SRR27421013.262435	NC_012156.1	31608
SRR27421013.262547	NC_012156.1	30637
SRR27421013.262584	NC_012156.1	31340
SRR27421013.262813	NC_012156.1	16655
SRR27421013.263037	NC_012156.1	30898
SRR27421013.263228	NC_012156.1	31683
SRR27421013.263238	NC_012156.1	33292
SRR27421013.263335	NC_012156.1	27970
SRR27421013.263341	NC_012156.1	5162
SRR27421013.263371	NC_012156.1	28957
SRR27421013.263494	NC_012156.1	52824
SRR27421013.263557	NC_012156.1	32131
SRR27421013.263901	NC_012156.1	32227
SRR27421013.263957	NC_012156.1	31075
SRR27421013.264239	NC_012156.1	9220
SRR27421013.264345	NC_012156.1	31439
SRR27421013.265031	NC_012156.1	29444
SRR27421013.265034	NC_012156.1	7203
SRR27421013.265221	NC_012156.1	31134
SRR27421013.265413	NC_012156.1	27211
SRR27421013.265783	NC_012156.1	13398
SRR27421013.266195	NC_012156.1	31663
SRR27421013.266335	NC_012156.1	27855
SRR27421013.266517	NC_012156.1	23297
SRR27421013.267368	NC_012156.1	21167
SRR27421013.267603	NC_012156.1	31645
SRR27421013.269719	NC_012156.1	9474
SRR27421013.270789	NC_012156.1	7682
SRR27421013.271108	NC_012156.1	31111
SRR27421013.273028	NC_012156.1	9369
SRR27421013.274123	NC_012156.1	30898
SRR27421013.274205	NC_012156.1	6256
SRR27421013.274458	NC_012156.1	15573
SRR27421013.275277	NC_012156.1	19020
SRR27421013.275431	NC_012156.1	32493
SRR27421013.275510	NC_012156.1	34161
SRR27421013.275637	NC_012156.1	32480
SRR27421013.275773	NC_012156.1	30874
SRR27421013.275808	NC_012156.1	32474
SRR27421013.276057	NC_012156.1	14314
SRR27421013.276089	NC_012156.1	32085
SRR27421013.276278	NC_012156.1	6930
SRR27421013.276376	NC_012156.1	30676
SRR27421013.276501	NC_012156.1	31452
SRR27421013.276677	NC_012156.1	32494
SRR27421013.277251	NC_012156.1	11870
SRR27421013.277314	NC_012156.1	31856
SRR27421013.277387	NC_012156.1	30782
SRR27421013.277777	NC_012156.1	6105
SRR27421013.278274	NC_012156.1	29082
SRR27421013.280146	NC_012156.1	18978
SRR27421013.280947	NC_012156.1	6543
SRR27421013.281883	NC_012156.1	9698
SRR27421013.282197	NC_012156.1	28865
SRR27421013.282238	NC_012156.1	5567
SRR27421013.282450	NC_012156.1	13310
SRR27421013.282656	NC_012156.1	5900
SRR27421013.282678	NC_012156.1	13710
SRR27421013.283376	NC_012156.1	10710
SRR27421013.283947	NC_012156.1	22679
SRR27421013.284771	NC_012156.1	12670
SRR27421013.285145	NC_012156.1	18503
SRR27421013.285351	NC_012156.1	48449
SRR27421013.285433	NC_012156.1	27694
SRR27421013.285890	NC_012156.1	32245
SRR27421013.285966	NC_012156.1	27904
SRR27421013.286327	NC_012156.1	30739
SRR27421013.286418	NC_012156.1	16914
SRR27421013.286520	NC_012156.1	31902
SRR27421013.286645	NC_012156.1	32818
SRR27421013.286807	NC_012156.1	6868
SRR27421013.286996	NC_012156.1	31451
SRR27421013.287252	NC_012156.1	16808
SRR27421013.287290	NC_012156.1	32711
SRR27421013.287536	NC_012156.1	64394
SRR27421013.287540	NC_012156.1	32571
SRR27421013.287587	NC_012156.1	31164
SRR27421013.287828	NC_012156.1	29149
SRR27421013.287923	NC_012156.1	5637
SRR27421013.288179	NC_012156.1	25383
SRR27421013.288459	NC_012156.1	31880
SRR27421013.329	NC_012156.1	7436
SRR27421013.1083	NC_012156.1	9912
SRR27421013.1195	NC_012156.1	30370
SRR27421013.4661	NC_012156.1	15801
SRR27421013.4777	NC_012156.1	17674
SRR27421013.4855	NC_012156.1	31434
SRR27421013.6612	NC_012156.1	5036
SRR27421013.7986	NC_012156.1	32240
SRR27421013.8244	NC_012156.1	29442
SRR27421013.8338	NC_012156.1	12984
SRR27421013.9962	NC_012156.1	32043
SRR27421013.10240	NC_012156.1	8416
SRR27421013.11045	NC_012156.1	18437
SRR27421013.11155	NC_012156.1	31687
SRR27421013.12253	NC_012156.1	26820
SRR27421013.14932	NC_012156.1	32689
SRR27421013.16044	NC_012156.1	31297
SRR27421013.17999	NC_012156.1	23311
SRR27421013.18571	NC_012156.1	23149
SRR27421013.18869	NC_012156.1	13061
SRR27421013.19017	NC_012156.1	31806
SRR27421013.19934	NC_012156.1	7252
SRR27421013.20449	NC_012156.1	9852
SRR27421013.22853	NC_012156.1	6098
SRR27421013.22872	NC_012156.1	9491
SRR27421013.23551	NC_012156.1	8298
SRR27421013.23813	NC_012156.1	31665
SRR27421013.24512	NC_012156.1	31142
SRR27421013.25402	NC_012156.1	13043
SRR27421013.25453	NC_012156.1	31748
SRR27421013.25652	NC_012156.1	11474
SRR27421013.25772	NC_012156.1	11686
SRR27421013.26161	NC_012156.1	21327
SRR27421013.26972	NC_012156.1	31574
SRR27421013.27049	NC_012156.1	31860
SRR27421013.27181	NC_012156.1	30859
SRR27421013.27563	NC_012156.1	14856
SRR27421013.27741	NC_012156.1	31304
SRR27421013.28232	NC_012156.1	6320
SRR27421013.28238	NC_012156.1	31444
SRR27421013.28596	NC_012156.1	32838
SRR27421013.28719	NC_012156.1	29575
SRR27421013.28959	NC_012156.1	31707
SRR27421013.29067	NC_012156.1	17409
SRR27421013.29301	NC_012156.1	32730
SRR27421013.29500	NC_012156.1	32499
SRR27421013.29514	NC_012156.1	13719
SRR27421013.29871	NC_012156.1	30964
SRR27421013.30316	NC_012156.1	31300
SRR27421013.31696	NC_012156.1	11931
SRR27421013.32416	NC_012156.1	25911
SRR27421013.33153	NC_012156.1	27501
SRR27421013.34104	NC_012156.1	13660
SRR27421013.35132	NC_012156.1	12661
SRR27421013.35306	NC_012156.1	31560
SRR27421013.35877	NC_012156.1	12569
SRR27421013.36478	NC_012156.1	31551
SRR27421013.36719	NC_012156.1	14868
SRR27421013.36870	NC_012156.1	13622
SRR27421013.37169	NC_012156.1	32167
SRR27421013.37191	NC_012156.1	44707
SRR27421013.37700	NC_012156.1	31860
SRR27421013.37884	NC_012156.1	31557
SRR27421013.38057	NC_012156.1	32479
SRR27421013.38063	NC_012156.1	31607
SRR27421013.38118	NC_012156.1	11420
SRR27421013.38171	NC_012156.1	31314
SRR27421013.38237	NC_012156.1	32607
SRR27421013.38423	NC_012156.1	31962
SRR27421013.38578	NC_012156.1	8430
SRR27421013.38665	NC_012156.1	49090
SRR27421013.38712	NC_012156.1	32003
SRR27421013.38779	NC_012156.1	32312
SRR27421013.38823	NC_012156.1	31183
SRR27421013.39750	NC_012156.1	32492
SRR27421013.39902	NC_012156.1	31950
SRR27421013.40300	NC_012156.1	31958
SRR27421013.40874	NC_012156.1	32796
SRR27421013.41067	NC_012156.1	30326
SRR27421013.41429	NC_012156.1	16724
SRR27421013.41513	NC_012156.1	16606
SRR27421013.41612	NC_012156.1	31126
SRR27421013.41932	NC_012156.1	31153
SRR27421013.42148	NC_012156.1	25248
SRR27421013.42213	NC_012156.1	33257
SRR27421013.42508	NC_012156.1	31640
SRR27421013.42537	NC_012156.1	31855
SRR27421013.42643	NC_012156.1	31417
SRR27421013.43051	NC_012156.1	6942
SRR27421013.43312	NC_012156.1	31612
SRR27421013.43496	NC_012156.1	15888
SRR27421013.43607	NC_012156.1	38603
SRR27421013.43756	NC_012156.1	32055
SRR27421013.47312	NC_012156.1	32766
SRR27421013.47796	NC_012156.1	31467
SRR27421013.48259	NC_012156.1	31904
SRR27421013.48612	NC_012156.1	31803
SRR27421013.48739	NC_012156.1	32488
SRR27421013.48757	NC_012156.1	32674
SRR27421013.48791	NC_012156.1	32069
SRR27421013.49021	NC_012156.1	32032
SRR27421013.49114	NC_012156.1	31279
SRR27421013.49271	NC_012156.1	31305
SRR27421013.49719	NC_012156.1	28543
SRR27421013.50068	NC_012156.1	15428
SRR27421013.50160	NC_012156.1	31441
SRR27421013.50266	NC_012156.1	31797
SRR27421013.50353	NC_012156.1	31773
SRR27421013.50970	NC_012156.1	17133
SRR27421013.51141	NC_012156.1	12499
SRR27421013.52955	NC_012156.1	30771
SRR27421013.58109	NC_012156.1	32058
SRR27421013.58449	NC_012156.1	7395
SRR27421013.59157	NC_012156.1	31643
SRR27421013.59230	NC_012156.1	21460
SRR27421013.59666	NC_012156.1	18577
SRR27421013.61436	NC_012156.1	10806
SRR27421013.61452	NC_012156.1	12589
SRR27421013.61470	NC_012156.1	8308
SRR27421013.61631	NC_012156.1	31526
SRR27421013.62074	NC_012156.1	7201
SRR27421013.62972	NC_012156.1	31927
SRR27421013.63831	NC_012156.1	32356
SRR27421013.63850	NC_012156.1	11827
SRR27421013.67796	NC_012156.1	30370
SRR27421013.68200	NC_012156.1	19023
SRR27421013.68424	NC_012156.1	10585
SRR27421013.69077	NC_012156.1	24552
SRR27421013.69678	NC_012156.1	11792
SRR27421013.72026	NC_012156.1	10667
SRR27421013.72543	NC_012156.1	24677
SRR27421013.73027	NC_012156.1	5580
SRR27421013.73037	NC_012156.1	5516
SRR27421013.73818	NC_012156.1	12473
SRR27421013.74688	NC_012156.1	32725
SRR27421013.74986	NC_012156.1	32123
SRR27421013.75026	NC_012156.1	31445
SRR27421013.75086	NC_012156.1	32203
SRR27421013.75341	NC_012156.1	31821
SRR27421013.75393	NC_012156.1	6236
SRR27421013.75440	NC_012156.1	29622
SRR27421013.75523	NC_012156.1	31638
SRR27421013.75591	NC_012156.1	31838
SRR27421013.75609	NC_012156.1	13248
SRR27421013.75704	NC_012156.1	32154
SRR27421013.75822	NC_012156.1	28964
SRR27421013.76013	NC_012156.1	31437
SRR27421013.76446	NC_012156.1	17082
SRR27421013.76522	NC_012156.1	31491
SRR27421013.77025	NC_012156.1	16292
SRR27421013.77582	NC_012156.1	32020
SRR27421013.77710	NC_012156.1	32353
SRR27421013.77837	NC_012156.1	38086
SRR27421013.80391	NC_012156.1	11621
SRR27421013.80705	NC_012156.1	9904
SRR27421013.81127	NC_012156.1	16646
SRR27421013.81388	NC_012156.1	31968
SRR27421013.81541	NC_012156.1	31343
SRR27421013.81666	NC_012156.1	32238
SRR27421013.81897	NC_012156.1	32040
SRR27421013.82030	NC_012156.1	30808
SRR27421013.82773	NC_012156.1	63773
SRR27421013.82860	NC_012156.1	32538
SRR27421013.82917	NC_012156.1	30928
SRR27421013.83155	NC_012156.1	32314
SRR27421013.83298	NC_012156.1	31892
SRR27421013.83535	NC_012156.1	30940
SRR27421013.83578	NC_012156.1	34390
SRR27421013.84008	NC_012156.1	32745
SRR27421013.84304	NC_012156.1	31514
SRR27421013.84512	NC_012156.1	38566
SRR27421013.87030	NC_012156.1	10696
SRR27421013.89360	NC_012156.1	16747
SRR27421013.93692	NC_012156.1	17341
SRR27421013.93938	NC_012156.1	9138
SRR27421013.94661	NC_012156.1	30361
SRR27421013.95268	NC_012156.1	9652
SRR27421013.95311	NC_012156.1	20694
SRR27421013.95589	NC_012156.1	19805
SRR27421013.95629	NC_012156.1	19183
SRR27421013.96051	NC_012156.1	12513
SRR27421013.96076	NC_012156.1	31227
SRR27421013.96338	NC_012156.1	31351
SRR27421013.96598	NC_012156.1	29609
SRR27421013.96828	NC_012156.1	32296
SRR27421013.96869	NC_012156.1	32224
SRR27421013.97024	NC_012156.1	32806
SRR27421013.97246	NC_012156.1	30995
SRR27421013.97454	NC_012156.1	32121
SRR27421013.97497	NC_012156.1	32761
SRR27421013.97548	NC_012156.1	31662
SRR27421013.97614	NC_012156.1	25429
SRR27421013.97674	NC_012156.1	31907
SRR27421013.97734	NC_012156.1	30857
SRR27421013.98149	NC_012156.1	32089
SRR27421013.98188	NC_012156.1	32651
SRR27421013.98751	NC_012156.1	39844
SRR27421013.99384	NC_012156.1	31455
SRR27421013.99471	NC_012156.1	15754
SRR27421013.99473	NC_012156.1	31487
SRR27421013.99741	NC_012156.1	31035
SRR27421013.99780	NC_012156.1	31476
SRR27421013.99794	NC_012156.1	31523
SRR27421013.100033	NC_012156.1	31510
SRR27421013.100373	NC_012156.1	31168
SRR27421013.100716	NC_012156.1	31620
SRR27421013.100838	NC_012156.1	32385
SRR27421013.102034	NC_012156.1	47815
SRR27421013.102493	NC_012156.1	32167
SRR27421013.102511	NC_012156.1	31067
SRR27421013.102519	NC_012156.1	9581
SRR27421013.102537	NC_012156.1	31987
SRR27421013.102738	NC_012156.1	21145
SRR27421013.102883	NC_012156.1	31259
SRR27421013.103031	NC_012156.1	62718
SRR27421013.103034	NC_012156.1	27850
SRR27421013.103390	NC_012156.1	32189
SRR27421013.103629	NC_012156.1	31685
SRR27421013.103978	NC_012156.1	5601
SRR27421013.104046	NC_012156.1	29400
SRR27421013.104202	NC_012156.1	31268
SRR27421013.104290	NC_012156.1	33487
SRR27421013.104292	NC_012156.1	32632
SRR27421013.104375	NC_012156.1	32734
SRR27421013.104580	NC_012156.1	18248
SRR27421013.104681	NC_012156.1	18979
SRR27421013.104877	NC_012156.1	31952
SRR27421013.105170	NC_012156.1	33723
SRR27421013.105191	NC_012156.1	31531
SRR27421013.105235	NC_012156.1	27486
SRR27421013.105430	NC_012156.1	32300
SRR27421013.105653	NC_012156.1	7748
SRR27421013.106212	NC_012156.1	30910
SRR27421013.106694	NC_012156.1	32019
SRR27421013.106705	NC_012156.1	30685
SRR27421013.106758	NC_012156.1	32957
SRR27421013.107037	NC_012156.1	32381
SRR27421013.107695	NC_012156.1	29751
SRR27421013.107724	NC_012156.1	33816
SRR27421013.107834	NC_012156.1	32128
SRR27421013.107870	NC_012156.1	31569
SRR27421013.108197	NC_012156.1	19935
SRR27421013.110634	NC_012156.1	6329
SRR27421013.112120	NC_012156.1	16381
SRR27421013.114233	NC_012156.1	31399
SRR27421013.114266	NC_012156.1	8740
SRR27421013.114967	NC_012156.1	6727
SRR27421013.118761	NC_012156.1	31871
SRR27421013.118829	NC_012156.1	10637
SRR27421013.118839	NC_012156.1	31852
SRR27421013.118854	NC_012156.1	14830
SRR27421013.118990	NC_012156.1	32043
SRR27421013.119122	NC_012156.1	31783
SRR27421013.119214	NC_012156.1	32189
SRR27421013.119447	NC_012156.1	31754
SRR27421013.119640	NC_012156.1	9575
SRR27421013.120276	NC_012156.1	31535
SRR27421013.120389	NC_012156.1	32341
SRR27421013.121012	NC_012156.1	31518
SRR27421013.121080	NC_012156.1	15216
SRR27421013.121495	NC_012156.1	32246
SRR27421013.121712	NC_012156.1	32316
SRR27421013.121738	NC_012156.1	54454
SRR27421013.121990	NC_012156.1	30275
SRR27421013.122133	NC_012156.1	31806
SRR27421013.122363	NC_012156.1	29363
SRR27421013.122508	NC_012156.1	31327
SRR27421013.122626	NC_012156.1	31182
SRR27421013.122729	NC_012156.1	31639
SRR27421013.122769	NC_012156.1	15921
SRR27421013.122916	NC_012156.1	31937
SRR27421013.123028	NC_012156.1	13634
SRR27421013.123048	NC_012156.1	31894
SRR27421013.123163	NC_012156.1	14000
SRR27421013.123175	NC_012156.1	31752
SRR27421013.123372	NC_012156.1	8932
SRR27421013.123698	NC_012156.1	31908
SRR27421013.123839	NC_012156.1	31666
SRR27421013.123887	NC_012156.1	31488
SRR27421013.124088	NC_012156.1	31031
SRR27421013.124269	NC_012156.1	31880
SRR27421013.124297	NC_012156.1	31215
SRR27421013.124507	NC_012156.1	31602
SRR27421013.124552	NC_012156.1	31720
SRR27421013.124763	NC_012156.1	31201
SRR27421013.124811	NC_012156.1	32549
SRR27421013.125057	NC_012156.1	31570
SRR27421013.125191	NC_012156.1	5896
SRR27421013.125996	NC_012156.1	11771
SRR27421013.126223	NC_012156.1	6274
SRR27421013.126933	NC_012156.1	32489
SRR27421013.127358	NC_012156.1	18802
SRR27421013.127577	NC_012156.1	7908
SRR27421013.128160	NC_012156.1	13174
SRR27421013.128728	NC_012156.1	31516
SRR27421013.128767	NC_012156.1	32066
SRR27421013.128785	NC_012156.1	7580
SRR27421013.129145	NC_012156.1	30922
SRR27421013.129364	NC_012156.1	21098
SRR27421013.129983	NC_012156.1	19826
SRR27421013.130371	NC_012156.1	23716
SRR27421013.130708	NC_012156.1	31085
SRR27421013.130730	NC_012156.1	32344
SRR27421013.130941	NC_012156.1	31610
SRR27421013.131088	NC_012156.1	30884
SRR27421013.131310	NC_012156.1	32458
SRR27421013.131480	NC_012156.1	31873
SRR27421013.131871	NC_012156.1	31656
SRR27421013.131884	NC_012156.1	31129
SRR27421013.132364	NC_012156.1	16365
SRR27421013.132767	NC_012156.1	32429
SRR27421013.133596	NC_012156.1	14129
SRR27421013.133736	NC_012156.1	9931
SRR27421013.134818	NC_012156.1	15352
SRR27421013.135472	NC_012156.1	30074
SRR27421013.135556	NC_012156.1	32699
SRR27421013.135672	NC_012156.1	32080
SRR27421013.135996	NC_012156.1	30610
SRR27421013.136204	NC_012156.1	32594
SRR27421013.136505	NC_012156.1	32134
SRR27421013.136972	NC_012156.1	31996
SRR27421013.137005	NC_012156.1	41254
SRR27421013.137282	NC_012156.1	26168
SRR27421013.137336	NC_012156.1	28901
SRR27421013.137344	NC_012156.1	32189
SRR27421013.137399	NC_012156.1	64202
SRR27421013.137744	NC_012156.1	31637
SRR27421013.137790	NC_012156.1	31654
SRR27421013.137838	NC_012156.1	31273
SRR27421013.138063	NC_012156.1	32702
SRR27421013.138134	NC_012156.1	32079
SRR27421013.138273	NC_012156.1	32480
SRR27421013.138330	NC_012156.1	31655
SRR27421013.138508	NC_012156.1	5163
SRR27421013.139572	NC_012156.1	13926
SRR27421013.140533	NC_012156.1	11847
SRR27421013.141102	NC_012156.1	8245
SRR27421013.141719	NC_012156.1	8417
SRR27421013.142244	NC_012156.1	5889
SRR27421013.142791	NC_012156.1	16766
SRR27421013.143747	NC_012156.1	12941
SRR27421013.144229	NC_012156.1	9678
SRR27421013.144471	NC_012156.1	22037
SRR27421013.144742	NC_012156.1	13589
SRR27421013.144788	NC_012156.1	14734
SRR27421013.145404	NC_012156.1	31176
SRR27421013.145581	NC_012156.1	31573
SRR27421013.145829	NC_012156.1	31529
SRR27421013.146425	NC_012156.1	32538
SRR27421013.146494	NC_012156.1	31267
SRR27421013.146565	NC_012156.1	31811
SRR27421013.146744	NC_012156.1	14859
SRR27421013.147158	NC_012156.1	31500
SRR27421013.147196	NC_012156.1	31673
SRR27421013.147225	NC_012156.1	8926
SRR27421013.147378	NC_012156.1	31604
SRR27421013.147381	NC_012156.1	32147
SRR27421013.147422	NC_012156.1	31452
SRR27421013.147521	NC_012156.1	30652
SRR27421013.147674	NC_012156.1	31967
SRR27421013.147768	NC_012156.1	31769
SRR27421013.148071	NC_012156.1	31957
SRR27421013.148113	NC_012156.1	30062
SRR27421013.148395	NC_012156.1	35821
SRR27421013.148537	NC_012156.1	32192
SRR27421013.148664	NC_012156.1	31075
SRR27421013.148671	NC_012156.1	32057
SRR27421013.150177	NC_012156.1	13528
SRR27421013.150815	NC_012156.1	8350
SRR27421013.152157	NC_012156.1	31374
SRR27421013.152389	NC_012156.1	32064
SRR27421013.153332	NC_012156.1	31236
SRR27421013.153612	NC_012156.1	32133
SRR27421013.153643	NC_012156.1	31484
SRR27421013.153960	NC_012156.1	11705
SRR27421013.153978	NC_012156.1	30576
SRR27421013.154579	NC_012156.1	30683
SRR27421013.154737	NC_012156.1	31016
SRR27421013.154771	NC_012156.1	34226
SRR27421013.155214	NC_012156.1	15902
SRR27421013.155448	NC_012156.1	31643
SRR27421013.155496	NC_012156.1	32318
SRR27421013.155758	NC_012156.1	16955
SRR27421013.155873	NC_012156.1	32764
SRR27421013.156318	NC_012156.1	26154
SRR27421013.156363	NC_012156.1	31067
SRR27421013.156754	NC_012156.1	63648
SRR27421013.156874	NC_012156.1	17451
SRR27421013.157154	NC_012156.1	31294
SRR27421013.157455	NC_012156.1	32965
SRR27421013.157475	NC_012156.1	32044
SRR27421013.158259	NC_012156.1	52643
SRR27421013.158606	NC_012156.1	31779
SRR27421013.158622	NC_012156.1	32529
SRR27421013.159155	NC_012156.1	21994
SRR27421013.159443	NC_012156.1	31791
SRR27421013.161225	NC_012156.1	12789
SRR27421013.161278	NC_012156.1	31841
SRR27421013.162317	NC_012156.1	32460
SRR27421013.162415	NC_012156.1	63088
SRR27421013.162570	NC_012156.1	30882
SRR27421013.162918	NC_012156.1	8432
SRR27421013.162975	NC_012156.1	33557
SRR27421013.163047	NC_012156.1	32348
SRR27421013.163158	NC_012156.1	31863
SRR27421013.163197	NC_012156.1	10074
SRR27421013.163222	NC_012156.1	32021
SRR27421013.163688	NC_012156.1	38076
SRR27421013.163855	NC_012156.1	31231
SRR27421013.164073	NC_012156.1	18378
SRR27421013.164081	NC_012156.1	31399
SRR27421013.164318	NC_012156.1	32012
SRR27421013.164429	NC_012156.1	10887
SRR27421013.164471	NC_012156.1	63471
SRR27421013.164491	NC_012156.1	30642
SRR27421013.164520	NC_012156.1	31958
SRR27421013.164654	NC_012156.1	16532
SRR27421013.164662	NC_012156.1	32000
SRR27421013.164746	NC_012156.1	5114
SRR27421013.164801	NC_012156.1	19654
SRR27421013.164806	NC_012156.1	32236
SRR27421013.164904	NC_012156.1	31209
SRR27421013.165122	NC_012156.1	12816
SRR27421013.165884	NC_012156.1	7275
SRR27421013.166530	NC_012156.1	10181
SRR27421013.167002	NC_012156.1	31091
SRR27421013.167106	NC_012156.1	9353
SRR27421013.170495	NC_012156.1	9164
SRR27421013.171824	NC_012156.1	31447
SRR27421013.172106	NC_012156.1	11435
SRR27421013.172120	NC_012156.1	32144
SRR27421013.172456	NC_012156.1	32221
SRR27421013.172510	NC_012156.1	33305
SRR27421013.172519	NC_012156.1	32306
SRR27421013.172693	NC_012156.1	31525
SRR27421013.173051	NC_012156.1	31323
SRR27421013.173160	NC_012156.1	31001
SRR27421013.173271	NC_012156.1	32333
SRR27421013.173523	NC_012156.1	9760
SRR27421013.173846	NC_012156.1	32179
SRR27421013.173852	NC_012156.1	42531
SRR27421013.173946	NC_012156.1	31249
SRR27421013.174205	NC_012156.1	32043
SRR27421013.174736	NC_012156.1	32032
SRR27421013.175071	NC_012156.1	31377
SRR27421013.177073	NC_012156.1	6941
SRR27421013.178965	NC_012156.1	30982
SRR27421013.179778	NC_012156.1	14854
SRR27421013.179815	NC_012156.1	32144
SRR27421013.181022	NC_012156.1	24938
SRR27421013.181325	NC_012156.1	31296
SRR27421013.181471	NC_012156.1	6168
SRR27421013.181785	NC_012156.1	62027
SRR27421013.181847	NC_012156.1	23524
SRR27421013.183827	NC_012156.1	16493
SRR27421013.185426	NC_012156.1	13446
SRR27421013.186122	NC_012156.1	6533
SRR27421013.190274	NC_012156.1	8652
SRR27421013.190991	NC_012156.1	13295
SRR27421013.192158	NC_012156.1	12987
SRR27421013.192577	NC_012156.1	31495
SRR27421013.192629	NC_012156.1	41358
SRR27421013.192735	NC_012156.1	18917
SRR27421013.192768	NC_012156.1	30982
SRR27421013.192825	NC_012156.1	12845
SRR27421013.192949	NC_012156.1	55301
SRR27421013.193079	NC_012156.1	30625
SRR27421013.193222	NC_012156.1	32322
SRR27421013.193252	NC_012156.1	31199
SRR27421013.193297	NC_012156.1	31802
SRR27421013.193529	NC_012156.1	5373
SRR27421013.193649	NC_012156.1	31000
SRR27421013.194305	NC_012156.1	32823
SRR27421013.194320	NC_012156.1	32980
SRR27421013.194391	NC_012156.1	31366
SRR27421013.194686	NC_012156.1	30789
SRR27421013.194717	NC_012156.1	32038
SRR27421013.195006	NC_012156.1	32006
SRR27421013.195041	NC_012156.1	32603
SRR27421013.195089	NC_012156.1	22693
SRR27421013.195139	NC_012156.1	31197
SRR27421013.195267	NC_012156.1	41557
SRR27421013.195423	NC_012156.1	31436
SRR27421013.197768	NC_012156.1	30918
SRR27421013.197883	NC_012156.1	15732
SRR27421013.198217	NC_012156.1	9546
SRR27421013.198657	NC_012156.1	32699
SRR27421013.199515	NC_012156.1	23021
SRR27421013.200364	NC_012156.1	18377
SRR27421013.200461	NC_012156.1	12932
SRR27421013.203305	NC_012156.1	32541
SRR27421013.203595	NC_012156.1	31103
SRR27421013.203725	NC_012156.1	19383
SRR27421013.207139	NC_012156.1	14856
SRR27421013.207214	NC_012156.1	9146
SRR27421013.207325	NC_012156.1	9802
SRR27421013.207375	NC_012156.1	31801
SRR27421013.207670	NC_012156.1	24032
SRR27421013.207707	NC_012156.1	31038
SRR27421013.208933	NC_012156.1	16890
SRR27421013.209528	NC_012156.1	31507
SRR27421013.209570	NC_012156.1	37572
SRR27421013.209671	NC_012156.1	36535
SRR27421013.209706	NC_012156.1	32142
SRR27421013.209820	NC_012156.1	31603
SRR27421013.209875	NC_012156.1	32105
SRR27421013.209925	NC_012156.1	29478
SRR27421013.209939	NC_012156.1	17622
SRR27421013.210050	NC_012156.1	7106
SRR27421013.210165	NC_012156.1	31306
SRR27421013.210211	NC_012156.1	18203
SRR27421013.210338	NC_012156.1	11130
SRR27421013.210345	NC_012156.1	30396
SRR27421013.210372	NC_012156.1	14970
SRR27421013.210459	NC_012156.1	31624
SRR27421013.210689	NC_012156.1	31723
SRR27421013.210774	NC_012156.1	32405
SRR27421013.211216	NC_012156.1	32191
SRR27421013.211421	NC_012156.1	32830
SRR27421013.211686	NC_012156.1	61817
SRR27421013.211701	NC_012156.1	30668
SRR27421013.211777	NC_012156.1	71047
SRR27421013.211835	NC_012156.1	31875
SRR27421013.212182	NC_012156.1	32666
SRR27421013.212306	NC_012156.1	64196
SRR27421013.212328	NC_012156.1	30689
SRR27421013.212346	NC_012156.1	9516
SRR27421013.212398	NC_012156.1	31477
SRR27421013.212441	NC_012156.1	31326
SRR27421013.212519	NC_012156.1	31548
SRR27421013.212600	NC_012156.1	32590
SRR27421013.212639	NC_012156.1	31701
SRR27421013.212891	NC_012156.1	30586
SRR27421013.213086	NC_012156.1	7317
SRR27421013.213188	NC_012156.1	31826
SRR27421013.213344	NC_012156.1	32247
SRR27421013.213603	NC_012156.1	32179
SRR27421013.213690	NC_012156.1	31136
SRR27421013.214112	NC_012156.1	32485
SRR27421013.214170	NC_012156.1	15615
SRR27421013.214855	NC_012156.1	20276
SRR27421013.217572	NC_012156.1	31371
SRR27421013.217574	NC_012156.1	31529
SRR27421013.217623	NC_012156.1	31484
SRR27421013.217790	NC_012156.1	31145
SRR27421013.218089	NC_012156.1	31336
SRR27421013.218237	NC_012156.1	31598
SRR27421013.218363	NC_012156.1	13083
SRR27421013.218378	NC_012156.1	31747
SRR27421013.218874	NC_012156.1	26884
SRR27421013.219242	NC_012156.1	23979
SRR27421013.219658	NC_012156.1	31816
SRR27421013.219676	NC_012156.1	32307
SRR27421013.219871	NC_012156.1	31303
SRR27421013.219946	NC_012156.1	31155
SRR27421013.220302	NC_012156.1	28113
SRR27421013.222069	NC_012156.1	8605
SRR27421013.222304	NC_012156.1	16582
SRR27421013.223861	NC_012156.1	14246
SRR27421013.223938	NC_012156.1	32315
SRR27421013.224090	NC_012156.1	62861
SRR27421013.224101	NC_012156.1	31904
SRR27421013.224160	NC_012156.1	31716
SRR27421013.224205	NC_012156.1	64653
SRR27421013.224329	NC_012156.1	31190
SRR27421013.224448	NC_012156.1	16427
SRR27421013.224510	NC_012156.1	28182
SRR27421013.224899	NC_012156.1	30689
SRR27421013.224963	NC_012156.1	32082
SRR27421013.225016	NC_012156.1	32452
SRR27421013.225119	NC_012156.1	32525
SRR27421013.225376	NC_012156.1	32131
SRR27421013.225397	NC_012156.1	32306
SRR27421013.225453	NC_012156.1	31840
SRR27421013.225534	NC_012156.1	31843
SRR27421013.225562	NC_012156.1	32320
SRR27421013.225798	NC_012156.1	62402
SRR27421013.225823	NC_012156.1	32161
SRR27421013.225856	NC_012156.1	31951
SRR27421013.226113	NC_012156.1	30908
SRR27421013.226280	NC_012156.1	31453
SRR27421013.226463	NC_012156.1	32021
SRR27421013.226516	NC_012156.1	32166
SRR27421013.226739	NC_012156.1	31847
SRR27421013.226783	NC_012156.1	30045
SRR27421013.226922	NC_012156.1	32197
SRR27421013.226959	NC_012156.1	31848
SRR27421013.227012	NC_012156.1	32159
SRR27421013.227087	NC_012156.1	30892
SRR27421013.227166	NC_012156.1	6098
SRR27421013.227260	NC_012156.1	32491
SRR27421013.227277	NC_012156.1	31601
SRR27421013.229060	NC_012156.1	12326
SRR27421013.229592	NC_012156.1	7124
SRR27421013.232336	NC_012156.1	21973
SRR27421013.234308	NC_012156.1	5791
SRR27421013.234338	NC_012156.1	18820
SRR27421013.234552	NC_012156.1	39062
SRR27421013.235309	NC_012156.1	32202
SRR27421013.235514	NC_012156.1	14790
SRR27421013.235737	NC_012156.1	32014
SRR27421013.236030	NC_012156.1	31512
SRR27421013.236086	NC_012156.1	32334
SRR27421013.236149	NC_012156.1	29649
SRR27421013.236256	NC_012156.1	32613
SRR27421013.236730	NC_012156.1	31784
SRR27421013.236763	NC_012156.1	32235
SRR27421013.237445	NC_012156.1	30950
SRR27421013.238366	NC_012156.1	6673
SRR27421013.238416	NC_012156.1	12817
SRR27421013.238618	NC_012156.1	9776
SRR27421013.239963	NC_012156.1	15043
SRR27421013.240133	NC_012156.1	7581
SRR27421013.242649	NC_012156.1	14334
SRR27421013.242962	NC_012156.1	18499
SRR27421013.245405	NC_012156.1	7796
SRR27421013.246366	NC_012156.1	14921
SRR27421013.247098	NC_012156.1	7810
SRR27421013.247580	NC_012156.1	19293
SRR27421013.248098	NC_012156.1	10948
SRR27421013.248748	NC_012156.1	17664
SRR27421013.250326	NC_012156.1	9930
SRR27421013.250423	NC_012156.1	8701
SRR27421013.252123	NC_012156.1	9416
SRR27421013.252935	NC_012156.1	14415
SRR27421013.253696	NC_012156.1	16099
SRR27421013.254649	NC_012156.1	15508
SRR27421013.254910	NC_012156.1	34631
SRR27421013.254935	NC_012156.1	31245
SRR27421013.255222	NC_012156.1	31639
SRR27421013.255267	NC_012156.1	31412
SRR27421013.256210	NC_012156.1	32488
SRR27421013.256273	NC_012156.1	31738
SRR27421013.256298	NC_012156.1	31453
SRR27421013.256566	NC_012156.1	32596
SRR27421013.256577	NC_012156.1	32629
SRR27421013.257141	NC_012156.1	15171
SRR27421013.257188	NC_012156.1	31901
SRR27421013.257193	NC_012156.1	31395
SRR27421013.257335	NC_012156.1	11115
SRR27421013.257571	NC_012156.1	31516
SRR27421013.257861	NC_012156.1	5964
SRR27421013.257898	NC_012156.1	7798
SRR27421013.257931	NC_012156.1	32125
SRR27421013.258078	NC_012156.1	31555
SRR27421013.258195	NC_012156.1	31757
SRR27421013.258463	NC_012156.1	31946
SRR27421013.258838	NC_012156.1	30848
SRR27421013.259072	NC_012156.1	32880
SRR27421013.259175	NC_012156.1	31350
SRR27421013.259299	NC_012156.1	32064
SRR27421013.259484	NC_012156.1	32104
SRR27421013.260003	NC_012156.1	63003
SRR27421013.260020	NC_012156.1	14154
SRR27421013.260162	NC_012156.1	29337
SRR27421013.260219	NC_012156.1	31852
SRR27421013.260223	NC_012156.1	6105
SRR27421013.260238	NC_012156.1	63250
SRR27421013.260301	NC_012156.1	32064
SRR27421013.260381	NC_012156.1	30945
SRR27421013.260495	NC_012156.1	62172
SRR27421013.260530	NC_012156.1	31986
SRR27421013.260666	NC_012156.1	32206
SRR27421013.261262	NC_012156.1	31139
SRR27421013.261449	NC_012156.1	32214
SRR27421013.261466	NC_012156.1	31859
SRR27421013.261526	NC_012156.1	32015
SRR27421013.261598	NC_012156.1	31432
SRR27421013.261826	NC_012156.1	31548
SRR27421013.262116	NC_012156.1	32682
SRR27421013.262390	NC_012156.1	31972
SRR27421013.262446	NC_012156.1	31417
SRR27421013.262577	NC_012156.1	31237
SRR27421013.262637	NC_012156.1	32548
SRR27421013.262661	NC_012156.1	11474
SRR27421013.262674	NC_012156.1	31028
SRR27421013.263035	NC_012156.1	32424
SRR27421013.263139	NC_012156.1	31495
SRR27421013.263725	NC_012156.1	31227
SRR27421013.263828	NC_012156.1	32432
SRR27421013.265045	NC_012156.1	32573
SRR27421013.265111	NC_012156.1	31179
SRR27421013.265187	NC_012156.1	26058
SRR27421013.265300	NC_012156.1	94810
SRR27421013.265596	NC_012156.1	5133
SRR27421013.265740	NC_012156.1	65316
SRR27421013.265860	NC_012156.1	27887
SRR27421013.265910	NC_012156.1	31720
SRR27421013.266107	NC_012156.1	32240
SRR27421013.266670	NC_012156.1	31915
SRR27421013.266749	NC_012156.1	33738
SRR27421013.267197	NC_012156.1	21815
SRR27421013.267209	NC_012156.1	32432
SRR27421013.267810	NC_012156.1	31675
SRR27421013.267912	NC_012156.1	11258
SRR27421013.270162	NC_012156.1	11413
SRR27421013.271221	NC_012156.1	22661
SRR27421013.271600	NC_012156.1	30718
SRR27421013.271726	NC_012156.1	6030
SRR27421013.272897	NC_012156.1	11496
SRR27421013.274807	NC_012156.1	31240
SRR27421013.275108	NC_012156.1	31622
SRR27421013.275399	NC_012156.1	32616
SRR27421013.275698	NC_012156.1	36774
SRR27421013.275826	NC_012156.1	32879
SRR27421013.276679	NC_012156.1	32215
SRR27421013.277024	NC_012156.1	7923
SRR27421013.277069	NC_012156.1	31924
SRR27421013.277100	NC_012156.1	31327
SRR27421013.277137	NC_012156.1	32392
SRR27421013.277296	NC_012156.1	30385
SRR27421013.277352	NC_012156.1	32053
SRR27421013.277386	NC_012156.1	31463
SRR27421013.277533	NC_012156.1	31883
SRR27421013.278164	NC_012156.1	30868
SRR27421013.278292	NC_012156.1	77261
SRR27421013.278303	NC_012156.1	31839
SRR27421013.278394	NC_012156.1	31771
SRR27421013.280076	NC_012156.1	18028
SRR27421013.282701	NC_012156.1	18225
SRR27421013.283785	NC_012156.1	18534
SRR27421013.283846	NC_012156.1	18412
SRR27421013.285506	NC_012156.1	31586
SRR27421013.286574	NC_012156.1	31206
SRR27421013.286612	NC_012156.1	63493
SRR27421013.287138	NC_012156.1	31962
SRR27421013.287277	NC_012156.1	32285
SRR27421013.287407	NC_012156.1	31506
SRR27421013.287448	NC_012156.1	31412
SRR27421013.287535	NC_012156.1	65176
SRR27421013.287561	NC_012156.1	32745
SRR27421013.287679	NC_012156.1	31561
SRR27421013.287680	NC_012156.1	40433
SRR27421013.287804	NC_012156.1	13337
SRR27421013.288202	NC_012156.1	10803
SRR27421013.119419	NC_012156.1	30886
SRR27421013.178109	NC_012156.1	9112
SRR27421013.209728	NC_012156.1	31885
SRR27421013.214151	NC_012156.1	7845
SRR27421013.226028	NC_012156.1	31219
SRR27421013.226766	NC_012156.1	32198
SRR27421013.242465	NC_012156.1	8528
SRR27421013.10643	NC_012156.1	35968
SRR27421013.26183	NC_012156.1	9221
SRR27421013.51925	NC_012156.1	14267
SRR27421013.94792	NC_012156.1	30497
SRR27421013.107120	NC_012156.1	14801
SRR27421013.122537	NC_012156.1	31718
SRR27421013.128880	NC_012156.1	31471
SRR27421013.147588	NC_012156.1	32072
SRR27421013.157237	NC_012156.1	8930
SRR27421013.192987	NC_012156.1	6945
SRR27421013.193007	NC_012156.1	12947
SRR27421013.193912	NC_012156.1	31392
SRR27421013.197134	NC_012156.1	12016
SRR27421013.214195	NC_012156.1	12584
SRR27421013.215113	NC_012156.1	31967
SRR27421013.225388	NC_012156.1	30072
SRR27421013.250831	NC_012156.1	29814
SRR27421013.252513	NC_012156.1	11437
SRR27421013.265428	NC_012156.1	12471
SRR27421013.277605	NC_012156.1	32086
SRR27421013.20306	NC_012156.1	29053
SRR27421013.148665	NC_012156.1	24757
SRR27421013.238016	NC_012156.1	28359
SRR27421013.256543	NC_012156.1	29647
SRR27421013.37959	NC_012156.1	31698
SRR27421013.50552	NC_012156.1	31526
SRR27421013.84132	NC_012156.1	31588
SRR27421013.104858	NC_012156.1	31938
SRR27421013.123257	NC_012156.1	31782
SRR27421013.139884	NC_012156.1	31683
SRR27421013.163492	NC_012156.1	30853
SRR27421013.175362	NC_012156.1	31823
SRR27421013.180535	NC_012156.1	31952
SRR27421013.181359	NC_012156.1	49314
SRR27421013.193467	NC_012156.1	30479
SRR27421013.203263	NC_012156.1	13863
SRR27421013.217743	NC_012156.1	28626
SRR27421013.256407	NC_012156.1	29323
SRR27421013.213531	NC_012156.1	28557
SRR27421013.199403	NC_012156.1	17735
SRR27421013.61399	NC_012156.1	30062
SRR27421013.96909	NC_012156.1	32169
SRR27421013.40688	NC_012156.1	32379
SRR27421013.41059	NC_012156.1	32778
SRR27421013.42312	NC_012156.1	19003
SRR27421013.49173	NC_012156.1	7791
SRR27421013.97026	NC_012156.1	32097
SRR27421013.120130	NC_012156.1	33140
SRR27421013.141637	NC_012156.1	7496
SRR27421013.158515	NC_012156.1	30693
SRR27421013.194545	NC_012156.1	40034
SRR27421013.260197	NC_012156.1	31623
SRR27421013.265955	NC_012156.1	5821
SRR27421013.275612	NC_012156.1	10124
SRR27421013.10186	NC_012156.1	30924
SRR27421013.146953	NC_012156.1	32568
SRR27421013.49675	NC_012156.1	6710
SRR27421013.163565	NC_012156.1	31522
SRR27421013.253671	NC_012156.1	11767
SRR27421013.100077	NC_012156.1	12466
SRR27421013.193707	NC_012156.1	32393
SRR27421013.29882	NC_012156.1	32384
SRR27421013.30056	NC_012156.1	65849
SRR27421013.48155	NC_012156.1	31787
SRR27421013.122870	NC_012156.1	6907
SRR27421013.102260	NC_012156.1	6083
SRR27421013.266529	NC_012156.1	31710
SRR27421013.9280	NC_012156.1	12427
SRR27421013.26157	NC_012156.1	32028
SRR27421013.32479	NC_012156.1	10808
SRR27421013.268118	NC_012156.1	32649
SRR27421013.287124	NC_012156.1	27247
SRR27421013.117942	NC_012156.1	21150
SRR27421013.67659	NC_012156.1	9232
SRR27421013.195459	NC_012156.1	61393
SRR27421013.164539	NC_012156.1	7280
SRR27421013.277301	NC_012156.1	31529
SRR27421013.7454	NC_012156.1	12550
SRR27421013.191531	NC_012156.1	12052
SRR27421013.225250	NC_012156.1	27770
SRR27421013.47288	NC_012156.1	32761
SRR27421013.183863	NC_012156.1	16844
SRR27421013.102355	NC_012156.1	31815
SRR27421013.130270	NC_012156.1	30803
SRR27421013.222447	NC_012156.1	19387
SRR27421013.123061	NC_012156.1	12404
SRR27421013.148385	NC_012156.1	32099
SRR27421013.233232	NC_012156.1	7024
SRR27421013.155213	NC_012156.1	31629
SRR27421013.123522	NC_012156.1	31754
SRR27421013.213360	NC_012156.1	27826
SRR27421013.152864	NC_012156.1	21871
SRR27421013.205799	NC_012156.1	15135
SRR27421013.105655	NC_012156.1	31700
SRR27421013.120504	NC_012156.1	31712
SRR27421013.211214	NC_012156.1	31486
SRR27421013.236008	NC_012156.1	31584
SRR27421013.96753	NC_012156.1	27476
SRR27421013.13512	NC_012156.1	10948
SRR27421013.220518	NC_012156.1	7000
SRR27421013.245143	NC_012156.1	19033
SRR27421013.38990	NC_012156.1	14027
SRR27421013.137112	NC_012156.1	31707
SRR27421013.6160	NC_012156.1	14410
SRR27421013.78476	NC_012156.1	31423
SRR27421013.210874	NC_012156.1	29487
SRR27421013.191572	NC_012156.1	16810
SRR27421013.189288	NC_012156.1	17972
SRR27421013.225803	NC_012156.1	31890
SRR27421013.91236	NC_012156.1	18252
SRR27421013.181548	NC_012156.1	31548
SRR27421013.288519	NC_012156.1	21341
SRR27421013.213570	NC_012156.1	31302
SRR27421013.202700	NC_012156.1	5233
SRR27421013.125073	NC_012156.1	10264
SRR27421013.219447	NC_012156.1	32304
SRR27421013.3002	NC_012156.1	13366
SRR27421013.102830	NC_012156.1	31587
SRR27421013.277666	NC_012156.1	32051
SRR27421013.102073	NC_012156.1	30495
SRR27421013.209557	NC_012156.1	31891
SRR27421013.6822	NC_012156.1	15433
SRR27421013.11397	NC_012156.1	9877
SRR27421013.75960	NC_012156.1	5731
SRR27421013.118777	NC_012156.1	31933
SRR27421013.217341	NC_012156.1	9218
SRR27421013.85214	NC_012156.1	9516
SRR27421013.86619	NC_012156.1	9488
SRR27421013.125171	NC_012156.1	30182
SRR27421013.214999	NC_012156.1	26866
SRR27421013.230098	NC_012156.1	8147
SRR27421013.174333	NC_012156.1	7664
SRR27421013.83046	NC_012156.1	14091
SRR27421013.229974	NC_012156.1	31265
SRR27421013.68697	NC_012156.1	15697
SRR27421013.211713	NC_012156.1	27069
SRR27421013.47394	NC_012156.1	9216
SRR27421013.81311	NC_012156.1	14271
SRR27421013.131138	NC_012156.1	8846
SRR27421013.77054	NC_012156.1	27099
SRR27421013.140115	NC_012156.1	13685
SRR27421013.40059	NC_012156.1	5713
SRR27421013.192659	NC_012156.1	31835
SRR27421013.38548	NC_012156.1	18677
SRR27421013.129801	NC_012156.1	26821
SRR27421013.126859	NC_012156.1	13563
SRR27421013.193860	NC_012156.1	31447
SRR27421013.250151	NC_012156.1	8489
SRR27421013.285982	NC_012156.1	10594
SRR27421013.49646	NC_012156.1	23111
SRR27421013.168811	NC_012156.1	5198
SRR27421013.149019	NC_012156.1	7334
SRR27421013.118484	NC_012156.1	22654
SRR27421013.212935	NC_012156.1	26906
SRR27421013.81055	NC_012156.1	10995
SRR27421013.105132	NC_012156.1	9109
SRR27421013.52049	NC_012156.1	7825
SRR27421013.95892	NC_012156.1	32020
SRR27421013.272544	NC_012156.1	6367
SRR27421013.121183	NC_012156.1	31206
SRR27421013.129028	NC_012156.1	31857
SRR27421013.137160	NC_012156.1	16541
SRR27421013.192656	NC_012156.1	12440
SRR27421013.26109	NC_012156.1	13347
SRR27421013.225720	NC_012156.1	26708
SRR27421013.25911	NC_012156.1	6716
SRR27421013.107369	NC_012156.1	32543
SRR27421013.58537	NC_012156.1	18326
SRR27421013.28517	NC_012156.1	17206
SRR27421013.148241	NC_012156.1	31742
SRR27421013.47693	NC_012156.1	11428
SRR27421013.286743	NC_012156.1	27873
SRR27421013.105093	NC_012156.1	26827
SRR27421013.68574	NC_012156.1	12451
SRR27421013.82645	NC_012156.1	26732
SRR27421013.173430	NC_012156.1	26762
SRR27421013.210407	NC_012156.1	32690
SRR27421013.259520	NC_012156.1	22933
SRR27421013.287446	NC_012156.1	31811
SRR27421013.155614	NC_012156.1	31477
SRR27421013.233150	NC_012156.1	9147
SRR27421013.209615	NC_012156.1	31470
SRR27421013.226019	NC_012156.1	26676
SRR27421013.103841	NC_012156.1	32406
SRR27421013.88721	NC_012156.1	9553
SRR27421013.97526	NC_012156.1	31704
SRR27421013.104556	NC_012156.1	32841
SRR27421013.243517	NC_012156.1	31132
SRR27421013.77608	NC_012156.1	32182
SRR27421013.261310	NC_012156.1	31836
SRR27421013.193950	NC_012156.1	31894
SRR27421013.192767	NC_012156.1	23718
SRR27421013.263383	NC_012156.1	20076
SRR27421013.5170	NC_012156.1	22217
SRR27421013.194154	NC_012156.1	16394
SRR27421013.266702	NC_012156.1	18498
SRR27421013.278191	NC_012156.1	26375
SRR27421013.101647	NC_012156.1	9956
SRR27421013.264132	NC_012156.1	57811
SRR27421013.209589	NC_012156.1	32137
SRR27421013.104710	NC_012156.1	31735
SRR27421013.59824	NC_012156.1	13916
SRR27421013.204702	NC_012156.1	6135
SRR27421013.224477	NC_012156.1	32027
SRR27421013.192597	NC_012156.1	31751
SRR27421013.166282	NC_012156.1	11140
SRR27421013.123782	NC_012156.1	5413
SRR27421013.142573	NC_012156.1	6732
SRR27421013.132880	NC_012156.1	31271
SRR27421013.191014	NC_012156.1	17342
SRR27421013.235878	NC_012156.1	6792
SRR27421013.217437	NC_012156.1	32213
SRR27421013.35557	NC_012156.1	32026
SRR27421013.138520	NC_012156.1	31988
SRR27421013.137110	NC_012156.1	32315
SRR27421013.260325	NC_012156.1	30087
SRR27421013.138445	NC_012156.1	32081
SRR27421013.87689	NC_012156.1	5636
SRR27421013.106648	NC_012156.1	27828
SRR27421013.212350	NC_012156.1	31750
SRR27421013.219240	NC_012156.1	32157
SRR27421013.123622	NC_012156.1	8623
SRR27421013.197158	NC_012156.1	12009
SRR27421013.193131	NC_012156.1	32226
SRR27421013.225425	NC_012156.1	32123
SRR27421013.125539	NC_012156.1	7542
SRR27421013.209354	NC_012156.1	8338
SRR27421013.265645	NC_012156.1	31656
SRR27421013.192687	NC_012156.1	29103
SRR27421013.74762	NC_012156.1	32006
SRR27421013.86658	NC_012156.1	7582
SRR27421013.211464	NC_012156.1	33045
SRR27421013.145341	NC_012156.1	17145
SRR27421013.18058	NC_012156.1	18915
SRR27421013.42626	NC_012156.1	30869
SRR27421013.75881	NC_012156.1	26540
SRR27421013.169690	NC_012156.1	12871
SRR27421013.198258	NC_012156.1	11833
SRR27421013.101775	NC_012156.1	31693
SRR27421013.173032	NC_012156.1	32050
SRR27421013.101037	NC_012156.1	10974
SRR27421013.1828	NC_012156.1	13269
SRR27421013.19315	NC_012156.1	7473
SRR27421013.72664	NC_012156.1	5578
SRR27421013.257375	NC_012156.1	30997
SRR27421013.174536	NC_012156.1	31764
SRR27421013.266583	NC_012156.1	32487
SRR27421013.100644	NC_012156.1	15404
SRR27421013.39992	NC_012156.1	26411
SRR27421013.226300	NC_012156.1	30744
SRR27421013.198316	NC_012156.1	7900
SRR27421013.15000	NC_012156.1	5390
SRR27421013.104546	NC_012156.1	32135
SRR27421013.80263	NC_012156.1	12451
SRR27421013.262298	NC_012156.1	32631
SRR27421013.138295	NC_012156.1	26500
SRR27421013.54419	NC_012156.1	23635
SRR27421013.262487	NC_012156.1	32535
SRR27421013.83503	NC_012156.1	21849
SRR27421013.267248	NC_012156.1	32079
SRR27421013.222678	NC_012156.1	5658
SRR27421013.70768	NC_012156.1	6594
SRR27421013.173233	NC_012156.1	31159
SRR27421013.95053	NC_012156.1	32133
SRR27421013.226746	NC_012156.1	31272
SRR27421013.97794	NC_012156.1	31325
SRR27421013.95110	NC_012156.1	32168
SRR27421013.138124	NC_012156.1	8231
SRR27421013.135982	NC_012156.1	8256
SRR27421013.27384	NC_012156.1	26046
SRR27421013.213457	NC_012156.1	26463
SRR27421013.23803	NC_012156.1	20604
SRR27421013.202174	NC_012156.1	8008
SRR27421013.204091	NC_012156.1	26203
SRR27421013.237353	NC_012156.1	8994
SRR27421013.251370	NC_012156.1	13785
SRR27421013.256632	NC_012156.1	15388
SRR27421013.209793	NC_012156.1	30209
SRR27421013.213506	NC_012156.1	32071
SRR27421013.83100	NC_012156.1	6164
SRR27421013.211365	NC_012156.1	32034
SRR27421013.158186	NC_012156.1	32500
SRR27421013.223647	NC_012156.1	13471
SRR27421013.106298	NC_012156.1	22566
SRR27421013.279674	NC_012156.1	5259
SRR27421013.146955	NC_012156.1	7700
SRR27421013.175207	NC_012156.1	31454
SRR27421013.181765	NC_012156.1	6738
SRR27421013.1143	NC_012156.1	11754
SRR27421013.281631	NC_012156.1	12156
SRR27421013.16302	NC_012156.1	7934
SRR27421013.267710	NC_012156.1	31157
SRR27421013.234731	NC_012156.1	27987
SRR27421013.30237	NC_012156.1	13472
SRR27421013.129384	NC_012156.1	31567
SRR27421013.42879	NC_012156.1	31216
SRR27421013.153638	NC_012156.1	32352
SRR27421013.220196	NC_012156.1	31086
SRR27421013.201279	NC_012156.1	13551
SRR27421013.173657	NC_012156.1	32363
SRR27421013.247646	NC_012156.1	13180
SRR27421013.246077	NC_012156.1	13112
SRR27421013.260168	NC_012156.1	26615
SRR27421013.148132	NC_012156.1	31632
SRR27421013.129809	NC_012156.1	62482
SRR27421013.136528	NC_012156.1	10661
SRR27421013.129334	NC_012156.1	26123
SRR27421013.106142	NC_012156.1	18178
SRR27421013.36847	NC_012156.1	12861
SRR27421013.275337	NC_012156.1	31868
SRR27421013.41200	NC_012156.1	32880
SRR27421013.165455	NC_012156.1	9203
SRR27421013.211393	NC_012156.1	26122
SRR27421013.201426	NC_012156.1	29976
SRR27421013.135742	NC_012156.1	19562
SRR27421013.147829	NC_012156.1	15430
SRR27421013.83994	NC_012156.1	8515
SRR27421013.83243	NC_012156.1	8582
SRR27421013.276902	NC_012156.1	27427
SRR27421013.150361	NC_012156.1	18086
SRR27421013.154548	NC_012156.1	31780
SRR27421013.181965	NC_012156.1	9899
SRR27421013.245012	NC_012156.1	12440
SRR27421013.221648	NC_012156.1	10403
SRR27421013.142706	NC_012156.1	16127
SRR27421013.194784	NC_012156.1	31982
SRR27421013.218611	NC_012156.1	10277
SRR27421013.159385	NC_012156.1	19129
SRR27421013.35188	NC_012156.1	12480
SRR27421013.134618	NC_012156.1	14746
SRR27421013.226968	NC_012156.1	34001
SRR27421013.188155	NC_012156.1	26286
SRR27421013.11847	NC_012156.1	17970
SRR27421013.12355	NC_012156.1	17967
SRR27421013.211668	NC_012156.1	32378
SRR27421013.213337	NC_012156.1	32277
SRR27421013.219639	NC_012156.1	32307
SRR27421013.263417	NC_012156.1	26005
SRR27421013.105064	NC_012156.1	31333
SRR27421013.265624	NC_012156.1	63483
SRR27421013.219619	NC_012156.1	19676
SRR27421013.260961	NC_012156.1	20538
SRR27421013.234576	NC_012156.1	31346
SRR27421013.3307	NC_012156.1	12212
SRR27421013.150546	NC_012156.1	12913
SRR27421013.95553	NC_012156.1	32011
SRR27421013.236348	NC_012156.1	25940
SRR27421013.266272	NC_012156.1	13828
SRR27421013.226902	NC_012156.1	31393
SRR27421013.90795	NC_012156.1	5055
SRR27421013.101101	NC_012156.1	13500
SRR27421013.210994	NC_012156.1	32435
SRR27421013.246470	NC_012156.1	18094
SRR27421013.262688	NC_012156.1	32095
SRR27421013.341	NC_012156.1	13325
SRR27421013.24518	NC_012156.1	7290
SRR27421013.119857	NC_012156.1	32165
SRR27421013.205385	NC_012156.1	6844
SRR27421013.147061	NC_012156.1	31541
SRR27421013.181653	NC_012156.1	30459
SRR27421013.101817	NC_012156.1	31291
SRR27421013.194274	NC_012156.1	38086
SRR27421013.41222	NC_012156.1	25931
SRR27421013.239245	NC_012156.1	12545
SRR27421013.64274	NC_012156.1	20671
SRR27421013.260921	NC_012156.1	31967
SRR27421013.108190	NC_012156.1	13319
SRR27421013.237102	NC_012156.1	28405
SRR27421013.265067	NC_012156.1	31658
SRR27421013.88028	NC_012156.1	5933
SRR27421013.165169	NC_012156.1	25865
SRR27421013.217280	NC_012156.1	31922
SRR27421013.133901	NC_012156.1	8765
SRR27421013.29763	NC_012156.1	16259
SRR27421013.94958	NC_012156.1	27040
SRR27421013.223984	NC_012156.1	32632
SRR27421013.259260	NC_012156.1	25907
SRR27421013.83098	NC_012156.1	31901
SRR27421013.161187	NC_012156.1	8322
SRR27421013.179757	NC_012156.1	25840
SRR27421013.248947	NC_012156.1	8298
SRR27421013.97010	NC_012156.1	32021
SRR27421013.163770	NC_012156.1	5349
SRR27421013.226129	NC_012156.1	27058
SRR27421013.276013	NC_012156.1	25857
SRR27421013.100590	NC_012156.1	25826
SRR27421013.1368	NC_012156.1	37217
SRR27421013.89130	NC_012156.1	10519
SRR27421013.201236	NC_012156.1	9352
SRR27421013.262243	NC_012156.1	30067
SRR27421013.265320	NC_012156.1	19050
SRR27421013.265319	NC_012156.1	32413
SRR27421013.200971	NC_012156.1	28797
SRR27421013.14243	NC_012156.1	6086
SRR27421013.274924	NC_012156.1	13916
SRR27421013.121166	NC_012156.1	31924
SRR27421013.236324	NC_012156.1	10171
SRR27421013.53344	NC_012156.1	9633
SRR27421013.45831	NC_012156.1	9125
SRR27421013.128587	NC_012156.1	25574
SRR27421013.165827	NC_012156.1	5901
SRR27421013.246212	NC_012156.1	5521
SRR27421013.258017	NC_012156.1	31943
SRR27421013.74852	NC_012156.1	31777
SRR27421013.59796	NC_012156.1	6012
SRR27421013.5070	NC_012156.1	25766
SRR27421013.158346	NC_012156.1	7269
SRR27421013.226359	NC_012156.1	31510
SRR27421013.33751	NC_012156.1	10898
SRR27421013.140681	NC_012156.1	13925
SRR27421013.5398	NC_012156.1	26862
SRR27421013.102284	NC_012156.1	31314
SRR27421013.173589	NC_012156.1	27229
SRR27421013.219402	NC_012156.1	32069
SRR27421013.198860	NC_012156.1	25556
SRR27421013.42237	NC_012156.1	31931
SRR27421013.67664	NC_012156.1	25552
SRR27421013.210314	NC_012156.1	32788
SRR27421013.226815	NC_012156.1	25970
SRR27421013.255463	NC_012156.1	32010
SRR27421013.129874	NC_012156.1	32023
SRR27421013.174345	NC_012156.1	20170
SRR27421013.129283	NC_012156.1	25537
SRR27421013.193398	NC_012156.1	31990
SRR27421013.148908	NC_012156.1	6494
SRR27421013.129618	NC_012156.1	27302
SRR27421013.276584	NC_012156.1	32079
SRR27421013.246151	NC_012156.1	10790
SRR27421013.6269	NC_012156.1	22251
SRR27421013.140614	NC_012156.1	17821
SRR27421013.192380	NC_012156.1	30924
SRR27421013.154755	NC_012156.1	30721
SRR27421013.254662	NC_012156.1	24693
SRR27421013.282917	NC_012156.1	14576
SRR27421013.255706	NC_012156.1	30568
SRR27421013.106834	NC_012156.1	31315
SRR27421013.138559	NC_012156.1	31871
SRR27421013.259583	NC_012156.1	31660
SRR27421013.230839	NC_012156.1	17402
SRR27421013.5563	NC_012156.1	17947
SRR27421013.37947	NC_012156.1	25404
SRR27421013.139586	NC_012156.1	25519
SRR27421013.225170	NC_012156.1	30840
SRR27421013.147884	NC_012156.1	30447
SRR27421013.127615	NC_012156.1	6726
SRR27421013.249410	NC_012156.1	18014
SRR27421013.142430	NC_012156.1	25517
SRR27421013.148099	NC_012156.1	32374
SRR27421013.187627	NC_012156.1	10965
SRR27421013.177912	NC_012156.1	10801
SRR27421013.265430	NC_012156.1	31833
SRR27421013.41271	NC_012156.1	32053
SRR27421013.175011	NC_012156.1	25430
SRR27421013.238376	NC_012156.1	6074
SRR27421013.90831	NC_012156.1	21275
SRR27421013.171938	NC_012156.1	25474
SRR27421013.134119	NC_012156.1	14213
SRR27421013.157736	NC_012156.1	32042
SRR27421013.28170	NC_012156.1	31398
SRR27421013.42343	NC_012156.1	10919
SRR27421013.79405	NC_012156.1	11755
SRR27421013.193428	NC_012156.1	31947
SRR27421013.193554	NC_012156.1	31220
SRR27421013.141841	NC_012156.1	9205
SRR27421013.154521	NC_012156.1	16368
SRR27421013.2654	NC_012156.1	6077
SRR27421013.212847	NC_012156.1	16130
SRR27421013.122579	NC_012156.1	21308
SRR27421013.55415	NC_012156.1	10286
SRR27421013.122840	NC_012156.1	32007
SRR27421013.9666	NC_012156.1	31741
SRR27421013.195395	NC_012156.1	32419
SRR27421013.179336	NC_012156.1	23200
SRR27421013.195410	NC_012156.1	32015
SRR27421013.57279	NC_012156.1	10812
SRR27421013.210988	NC_012156.1	41165
SRR27421013.7860	NC_012156.1	17267
SRR27421013.220595	NC_012156.1	9176
SRR27421013.179392	NC_012156.1	7224
SRR27421013.60840	NC_012156.1	14664
SRR27421013.223765	NC_012156.1	20182
SRR27421013.137867	NC_012156.1	8731
SRR27421013.255259	NC_012156.1	53715
SRR27421013.146239	NC_012156.1	26651
SRR27421013.253502	NC_012156.1	8362
SRR27421013.250170	NC_012156.1	27697
SRR27421013.251526	NC_012156.1	7253
SRR27421013.73704	NC_012156.1	31573
SRR27421013.112833	NC_012156.1	6229
SRR27421013.76046	NC_012156.1	25289
SRR27421013.268085	NC_012156.1	15406
SRR27421013.23552	NC_012156.1	10346
SRR27421013.43353	NC_012156.1	38354
SRR27421013.246839	NC_012156.1	6798
SRR27421013.42845	NC_012156.1	38301
SRR27421013.153432	NC_012156.1	16083
SRR27421013.134745	NC_012156.1	7198
SRR27421013.143075	NC_012156.1	7673
SRR27421013.83139	NC_012156.1	31276
SRR27421013.101751	NC_012156.1	32375
SRR27421013.75408	NC_012156.1	29890
SRR27421013.136825	NC_012156.1	25476
SRR27421013.17088	NC_012156.1	7430
SRR27421013.217495	NC_012156.1	32060
SRR27421013.148364	NC_012156.1	18781
SRR27421013.213724	NC_012156.1	32009
SRR27421013.104788	NC_012156.1	30788
SRR27421013.158613	NC_012156.1	9068
SRR27421013.265232	NC_012156.1	13554
SRR27421013.215437	NC_012156.1	23776
SRR27421013.201400	NC_012156.1	13421
SRR27421013.258540	NC_012156.1	19335
SRR27421013.102683	NC_012156.1	32072
SRR27421013.68924	NC_012156.1	5984
SRR27421013.194079	NC_012156.1	31437
SRR27421013.234135	NC_012156.1	5747
SRR27421013.104204	NC_012156.1	31869
SRR27421013.40369	NC_012156.1	42284
SRR27421013.268182	NC_012156.1	30550
SRR27421013.251780	NC_012156.1	9206
SRR27421013.30204	NC_012156.1	57079
SRR27421013.157414	NC_012156.1	31057
SRR27421013.75418	NC_012156.1	19769
SRR27421013.211954	NC_012156.1	30903
SRR27421013.166681	NC_012156.1	25084
SRR27421013.157547	NC_012156.1	20945
SRR27421013.35524	NC_012156.1	17383
SRR27421013.106215	NC_012156.1	18136
SRR27421013.256948	NC_012156.1	13795
SRR27421013.59872	NC_012156.1	12300
SRR27421013.57879	NC_012156.1	12347
SRR27421013.59188	NC_012156.1	12491
SRR27421013.164310	NC_012156.1	7957
SRR27421013.207547	NC_012156.1	8589
SRR27421013.35551	NC_012156.1	14217
SRR27421013.91071	NC_012156.1	11087
SRR27421013.210827	NC_012156.1	31355
SRR27421013.125105	NC_012156.1	25017
SRR27421013.225523	NC_012156.1	31923
SRR27421013.68495	NC_012156.1	6384
SRR27421013.147232	NC_012156.1	26590
SRR27421013.108820	NC_012156.1	9009
SRR27421013.155122	NC_012156.1	26163
SRR27421013.95239	NC_012156.1	24683
SRR27421013.225790	NC_012156.1	30429
SRR27421013.259953	NC_012156.1	32378
SRR27421013.268208	NC_012156.1	32154
SRR27421013.210079	NC_012156.1	32172
SRR27421013.97403	NC_012156.1	25128
SRR27421013.78950	NC_012156.1	11122
SRR27421013.136804	NC_012156.1	31190
SRR27421013.72797	NC_012156.1	6649
SRR27421013.20228	NC_012156.1	6050
SRR27421013.60424	NC_012156.1	14903
SRR27421013.108052	NC_012156.1	24998
SRR27421013.194965	NC_012156.1	32061
SRR27421013.255053	NC_012156.1	31664
SRR27421013.41052	NC_012156.1	30933
SRR27421013.68288	NC_012156.1	20764
SRR27421013.233418	NC_012156.1	13143
SRR27421013.100232	NC_012156.1	31408
SRR27421013.100569	NC_012156.1	32152
SRR27421013.26431	NC_012156.1	9861
SRR27421013.27967	NC_012156.1	9768
SRR27421013.192727	NC_012156.1	27006
SRR27421013.226512	NC_012156.1	14061
SRR27421013.191003	NC_012156.1	12551
SRR27421013.138779	NC_012156.1	6023
SRR27421013.173899	NC_012156.1	31393
SRR27421013.240646	NC_012156.1	31930
SRR27421013.198677	NC_012156.1	20392
SRR27421013.163061	NC_012156.1	21601
SRR27421013.120632	NC_012156.1	31818
SRR27421013.256710	NC_012156.1	31921
SRR27421013.38717	NC_012156.1	13584
SRR27421013.95374	NC_012156.1	8358
SRR27421013.266808	NC_012156.1	31493
SRR27421013.147285	NC_012156.1	32402
SRR27421013.283519	NC_012156.1	11714
SRR27421013.181147	NC_012156.1	31224
SRR27421013.164209	NC_012156.1	32203
SRR27421013.163346	NC_012156.1	31843
SRR27421013.156568	NC_012156.1	18105
SRR27421013.41876	NC_012156.1	31704
SRR27421013.61824	NC_012156.1	9831
SRR27421013.213703	NC_012156.1	25877
SRR27421013.164105	NC_012156.1	31449
SRR27421013.31815	NC_012156.1	10897
SRR27421013.148576	NC_012156.1	5401
SRR27421013.153563	NC_012156.1	15800
SRR27421013.265842	NC_012156.1	32505
SRR27421013.25505	NC_012156.1	6945
SRR27421013.18252	NC_012156.1	8429
SRR27421013.267287	NC_012156.1	11883
SRR27421013.156270	NC_012156.1	31727
SRR27421013.165126	NC_012156.1	32074
SRR27421013.70262	NC_012156.1	24654
SRR27421013.238927	NC_012156.1	19153
SRR27421013.104004	NC_012156.1	24798
SRR27421013.147671	NC_012156.1	30991
SRR27421013.157668	NC_012156.1	8978
SRR27421013.225145	NC_012156.1	31957
SRR27421013.224859	NC_012156.1	33089
SRR27421013.198859	NC_012156.1	8498
SRR27421013.193726	NC_012156.1	57303
SRR27421013.211397	NC_012156.1	26360
SRR27421013.28939	NC_012156.1	31692
SRR27421013.153752	NC_012156.1	11586
SRR27421013.237026	NC_012156.1	31522
SRR27421013.69255	NC_012156.1	5056
SRR27421013.130605	NC_012156.1	32309
SRR27421013.49120	NC_012156.1	26584
SRR27421013.38659	NC_012156.1	31401
SRR27421013.278309	NC_012156.1	6583
SRR27421013.55201	NC_012156.1	6814
SRR27421013.100974	NC_012156.1	32546
SRR27421013.103899	NC_012156.1	31437
SRR27421013.103589	NC_012156.1	31499
SRR27421013.4912	NC_012156.1	19616
SRR27421013.181410	NC_012156.1	31694
SRR27421013.9659	NC_012156.1	24715
SRR27421013.82774	NC_012156.1	31427
SRR27421013.226887	NC_012156.1	31122
SRR27421013.239961	NC_012156.1	7421
SRR27421013.69362	NC_012156.1	11144
SRR27421013.131740	NC_012156.1	24633
SRR27421013.41629	NC_012156.1	32612
SRR27421013.216107	NC_012156.1	9702
SRR27421013.261099	NC_012156.1	17776
SRR27421013.220869	NC_012156.1	8940
SRR27421013.181282	NC_012156.1	24520
SRR27421013.101255	NC_012156.1	31285
SRR27421013.195696	NC_012156.1	32669
SRR27421013.101362	NC_012156.1	8993
SRR27421013.257056	NC_012156.1	24945
SRR27421013.49649	NC_012156.1	7887
SRR27421013.155291	NC_012156.1	18210
SRR27421013.169879	NC_012156.1	12204
SRR27421013.42803	NC_012156.1	19983
SRR27421013.222840	NC_012156.1	14051
SRR27421013.263728	NC_012156.1	23314
SRR27421013.37765	NC_012156.1	31736
SRR27421013.149934	NC_012156.1	10649
SRR27421013.30383	NC_012156.1	5787
SRR27421013.257716	NC_012156.1	30992
SRR27421013.227442	NC_012156.1	6463
SRR27421013.118808	NC_012156.1	31886
SRR27421013.96299	NC_012156.1	11385
SRR27421013.52692	NC_012156.1	25006
SRR27421013.267802	NC_012156.1	9738
SRR27421013.256755	NC_012156.1	8020
SRR27421013.34293	NC_012156.1	22940
SRR27421013.102734	NC_012156.1	5915
SRR27421013.212583	NC_012156.1	29422
SRR27421013.160428	NC_012156.1	13340
SRR27421013.31779	NC_012156.1	24608
SRR27421013.168311	NC_012156.1	10984
SRR27421013.29996	NC_012156.1	31591
SRR27421013.177115	NC_012156.1	14466
SRR27421013.160029	NC_012156.1	14931
SRR27421013.173599	NC_012156.1	27143
SRR27421013.83377	NC_012156.1	31790
SRR27421013.155066	NC_012156.1	32355
SRR27421013.108965	NC_012156.1	24573
SRR27421013.156636	NC_012156.1	32516
SRR27421013.163164	NC_012156.1	31325
SRR27421013.266081	NC_012156.1	38921
SRR27421013.23774	NC_012156.1	24491
SRR27421013.223741	NC_012156.1	14475
SRR27421013.202066	NC_012156.1	5256
SRR27421013.80040	NC_012156.1	16725
SRR27421013.136517	NC_012156.1	31758
SRR27421013.13509	NC_012156.1	30624
SRR27421013.39118	NC_012156.1	25699
SRR27421013.208264	NC_012156.1	24351
SRR27421013.147536	NC_012156.1	31663
SRR27421013.233933	NC_012156.1	15845
SRR27421013.137528	NC_012156.1	40462
SRR27421013.219765	NC_012156.1	15961
SRR27421013.83036	NC_012156.1	11033
SRR27421013.172628	NC_012156.1	32369
SRR27421013.255340	NC_012156.1	24408
SRR27421013.101493	NC_012156.1	32474
SRR27421013.117197	NC_012156.1	13671
SRR27421013.28921	NC_012156.1	31805
SRR27421013.58183	NC_012156.1	11223
SRR27421013.96054	NC_012156.1	31546
SRR27421013.212544	NC_012156.1	20437
SRR27421013.259961	NC_012156.1	7902
SRR27421013.22106	NC_012156.1	7302
SRR27421013.30935	NC_012156.1	24468
SRR27421013.141370	NC_012156.1	7639
SRR27421013.124368	NC_012156.1	31099
SRR27421013.232600	NC_012156.1	10185
SRR27421013.261415	NC_012156.1	31996
SRR27421013.238451	NC_012156.1	24275
SRR27421013.2401	NC_012156.1	23762
SRR27421013.47221	NC_012156.1	31434
SRR27421013.167354	NC_012156.1	7590
SRR27421013.62762	NC_012156.1	8488
SRR27421013.69070	NC_012156.1	6761
SRR27421013.129795	NC_012156.1	10271
SRR27421013.102649	NC_012156.1	27573
SRR27421013.247938	NC_012156.1	24324
SRR27421013.99812	NC_012156.1	32381
SRR27421013.264529	NC_012156.1	5864
SRR27421013.28704	NC_012156.1	32717
SRR27421013.86580	NC_012156.1	8583
SRR27421013.195668	NC_012156.1	21926
SRR27421013.209428	NC_012156.1	26373
SRR27421013.217830	NC_012156.1	18700
SRR27421013.185542	NC_012156.1	30936
SRR27421013.182434	NC_012156.1	10543
SRR27421013.226431	NC_012156.1	31956
SRR27421013.107162	NC_012156.1	24202
SRR27421013.136300	NC_012156.1	31668
SRR27421013.200873	NC_012156.1	10301
SRR27421013.175665	NC_012156.1	9532
SRR27421013.259172	NC_012156.1	32161
SRR27421013.75016	NC_012156.1	31721
SRR27421013.226202	NC_012156.1	31830
SRR27421013.215433	NC_012156.1	7622
SRR27421013.64483	NC_012156.1	5226
SRR27421013.145959	NC_012156.1	32765
SRR27421013.272706	NC_012156.1	23629
SRR27421013.276463	NC_012156.1	10607
SRR27421013.43337	NC_012156.1	18880
SRR27421013.36231	NC_012156.1	14752
SRR27421013.49534	NC_012156.1	7677
SRR27421013.275312	NC_012156.1	32288
SRR27421013.70058	NC_012156.1	6590
SRR27421013.173866	NC_012156.1	32288
SRR27421013.193544	NC_012156.1	31780
SRR27421013.226468	NC_012156.1	28726
SRR27421013.213025	NC_012156.1	24086
SRR27421013.276001	NC_012156.1	7952
SRR27421013.198863	NC_012156.1	16785
SRR27421013.100666	NC_012156.1	23779
SRR27421013.280759	NC_012156.1	13190
SRR27421013.233069	NC_012156.1	12059
SRR27421013.140814	NC_012156.1	20826
SRR27421013.264944	NC_012156.1	29862
SRR27421013.286682	NC_012156.1	31845
SRR27421013.33389	NC_012156.1	9713
SRR27421013.220179	NC_012156.1	20392
SRR27421013.225813	NC_012156.1	10624
SRR27421013.266885	NC_012156.1	31687
SRR27421013.275998	NC_012156.1	31269
SRR27421013.150955	NC_012156.1	25817
SRR27421013.59571	NC_012156.1	10108
SRR27421013.57606	NC_012156.1	10066
SRR27421013.38876	NC_012156.1	31064
SRR27421013.147879	NC_012156.1	32007
SRR27421013.102369	NC_012156.1	31087
SRR27421013.39980	NC_012156.1	21967
SRR27421013.137669	NC_012156.1	25405
SRR27421013.28376	NC_012156.1	7476
SRR27421013.260255	NC_012156.1	6385
SRR27421013.81943	NC_012156.1	32322
SRR27421013.227668	NC_012156.1	22269
SRR27421013.59291	NC_012156.1	5678
SRR27421013.57974	NC_012156.1	10932
SRR27421013.217589	NC_012156.1	32223
SRR27421013.171002	NC_012156.1	17694
SRR27421013.191939	NC_012156.1	17285
SRR27421013.190823	NC_012156.1	17284
SRR27421013.63390	NC_012156.1	16998
SRR27421013.210650	NC_012156.1	16984
SRR27421013.273920	NC_012156.1	27865
SRR27421013.199066	NC_012156.1	16028
SRR27421013.101085	NC_012156.1	32523
SRR27421013.262650	NC_012156.1	32680
SRR27421013.262339	NC_012156.1	32773
SRR27421013.102431	NC_012156.1	31969
SRR27421013.55445	NC_012156.1	20168
SRR27421013.154501	NC_012156.1	31494
SRR27421013.153307	NC_012156.1	23887
SRR27421013.261501	NC_012156.1	31214
SRR27421013.195598	NC_012156.1	32029
SRR27421013.155116	NC_012156.1	31828
SRR27421013.144756	NC_012156.1	7098
SRR27421013.225794	NC_012156.1	32164
SRR27421013.209848	NC_012156.1	31569
SRR27421013.101137	NC_012156.1	32021
SRR27421013.72107	NC_012156.1	13034
SRR27421013.233222	NC_012156.1	16944
SRR27421013.8021	NC_012156.1	16841
SRR27421013.183797	NC_012156.1	9816
SRR27421013.40914	NC_012156.1	26233
SRR27421013.159040	NC_012156.1	10335
SRR27421013.162920	NC_012156.1	15490
SRR27421013.21613	NC_012156.1	24228
SRR27421013.106633	NC_012156.1	30101
SRR27421013.42501	NC_012156.1	31641
SRR27421013.105435	NC_012156.1	32232
SRR27421013.286587	NC_012156.1	11621
SRR27421013.120414	NC_012156.1	9381
SRR27421013.148041	NC_012156.1	5951
SRR27421013.223947	NC_012156.1	23587
SRR27421013.26512	NC_012156.1	24910
SRR27421013.120672	NC_012156.1	24454
SRR27421013.146086	NC_012156.1	23310
SRR27421013.129683	NC_012156.1	24554
SRR27421013.146877	NC_012156.1	5896
SRR27421013.106404	NC_012156.1	31397
SRR27421013.100537	NC_012156.1	31556
SRR27421013.278043	NC_012156.1	31726
SRR27421013.30048	NC_012156.1	31853
SRR27421013.265165	NC_012156.1	31890
SRR27421013.155466	NC_012156.1	23541
SRR27421013.8325	NC_012156.1	8094
SRR27421013.135670	NC_012156.1	32393
SRR27421013.69345	NC_012156.1	23547
SRR27421013.225954	NC_012156.1	6451
SRR27421013.180113	NC_012156.1	7765
SRR27421013.209500	NC_012156.1	47534
SRR27421013.57160	NC_012156.1	11558
SRR27421013.135711	NC_012156.1	13299
SRR27421013.147832	NC_012156.1	31535
SRR27421013.226344	NC_012156.1	5588
SRR27421013.128305	NC_012156.1	23688
SRR27421013.240055	NC_012156.1	23574
SRR27421013.256465	NC_012156.1	32023
SRR27421013.43505	NC_012156.1	24858
SRR27421013.24362	NC_012156.1	6498
SRR27421013.107456	NC_012156.1	25266
SRR27421013.148057	NC_012156.1	18845
SRR27421013.125006	NC_012156.1	31639
SRR27421013.239874	NC_012156.1	7514
SRR27421013.242415	NC_012156.1	24407
SRR27421013.195258	NC_012156.1	31552
SRR27421013.3333	NC_012156.1	23441
SRR27421013.27541	NC_012156.1	32136
SRR27421013.188160	NC_012156.1	5477
SRR27421013.28799	NC_012156.1	18473
SRR27421013.231172	NC_012156.1	24945
SRR27421013.118455	NC_012156.1	5022
SRR27421013.156099	NC_012156.1	13592
SRR27421013.283191	NC_012156.1	10779
SRR27421013.242230	NC_012156.1	8318
SRR27421013.220100	NC_012156.1	15787
SRR27421013.57947	NC_012156.1	12236
SRR27421013.211541	NC_012156.1	31701
SRR27421013.239296	NC_012156.1	6370
SRR27421013.112339	NC_012156.1	17307
SRR27421013.202519	NC_012156.1	30878
SRR27421013.213391	NC_012156.1	32519
SRR27421013.155166	NC_012156.1	25408
SRR27421013.262265	NC_012156.1	28426
SRR27421013.106382	NC_012156.1	31648
SRR27421013.213675	NC_012156.1	13422
SRR27421013.287543	NC_012156.1	31285
SRR27421013.36143	NC_012156.1	23192
SRR27421013.74583	NC_012156.1	31758
SRR27421013.222782	NC_012156.1	16362
SRR27421013.152155	NC_012156.1	23116
SRR27421013.236354	NC_012156.1	21044
SRR27421013.17221	NC_012156.1	11268
SRR27421013.278022	NC_012156.1	32766
SRR27421013.224374	NC_012156.1	25838
SRR27421013.122449	NC_012156.1	31519
SRR27421013.229960	NC_012156.1	21929
SRR27421013.263360	NC_012156.1	31172
SRR27421013.1489	NC_012156.1	7608
SRR27421013.175373	NC_012156.1	31379
SRR27421013.37898	NC_012156.1	13769
SRR27421013.13813	NC_012156.1	5342
SRR27421013.85390	NC_012156.1	12844
SRR27421013.221586	NC_012156.1	15222
SRR27421013.217619	NC_012156.1	32225
SRR27421013.99023	NC_012156.1	14007
SRR27421013.249070	NC_012156.1	5980
SRR27421013.156987	NC_012156.1	31675
SRR27421013.41927	NC_012156.1	32731
SRR27421013.33269	NC_012156.1	27086
SRR27421013.102752	NC_012156.1	31737
SRR27421013.40910	NC_012156.1	17213
SRR27421013.103077	NC_012156.1	27396
SRR27421013.144490	NC_012156.1	14332
SRR27421013.211146	NC_012156.1	27649
SRR27421013.157036	NC_012156.1	5186
SRR27421013.183761	NC_012156.1	24893
SRR27421013.39180	NC_012156.1	22801
SRR27421013.260479	NC_012156.1	31017
SRR27421013.37790	NC_012156.1	32182
SRR27421013.227053	NC_012156.1	31044
SRR27421013.32433	NC_012156.1	5946
SRR27421013.258001	NC_012156.1	32300
SRR27421013.1806	NC_012156.1	24856
SRR27421013.176968	NC_012156.1	5858
SRR27421013.195722	NC_012156.1	12710
SRR27421013.4313	NC_012156.1	12727
SRR27421013.145467	NC_012156.1	22854
SRR27421013.234512	NC_012156.1	31358
SRR27421013.95676	NC_012156.1	23240
SRR27421013.107045	NC_012156.1	32235
SRR27421013.256059	NC_012156.1	31841
SRR27421013.158187	NC_012156.1	22611
SRR27421013.192941	NC_012156.1	31804
SRR27421013.95675	NC_012156.1	23237
SRR27421013.180461	NC_012156.1	5030
SRR27421013.34340	NC_012156.1	22861
SRR27421013.90156	NC_012156.1	9930
SRR27421013.285389	NC_012156.1	10316
SRR27421013.273205	NC_012156.1	7887
SRR27421013.174399	NC_012156.1	26508
SRR27421013.141433	NC_012156.1	7263
SRR27421013.214480	NC_012156.1	22817
SRR27421013.236753	NC_012156.1	31729
SRR27421013.285084	NC_012156.1	15730
SRR27421013.76427	NC_012156.1	29081
SRR27421013.192021	NC_012156.1	22839
SRR27421013.286034	NC_012156.1	32334
SRR27421013.183928	NC_012156.1	15052
SRR27421013.105490	NC_012156.1	5761
SRR27421013.280889	NC_012156.1	22953
SRR27421013.131383	NC_012156.1	29551
SRR27421013.211048	NC_012156.1	31507
SRR27421013.212075	NC_012156.1	31541
SRR27421013.192998	NC_012156.1	31286
SRR27421013.166962	NC_012156.1	12875
SRR27421013.168583	NC_012156.1	8780
SRR27421013.170058	NC_012156.1	22778
SRR27421013.240188	NC_012156.1	26706
SRR27421013.70850	NC_012156.1	25803
SRR27421013.212264	NC_012156.1	31415
SRR27421013.55041	NC_012156.1	13315
SRR27421013.211771	NC_012156.1	31554
SRR27421013.286036	NC_012156.1	17222
SRR27421013.8378	NC_012156.1	31923
SRR27421013.222142	NC_012156.1	22674
SRR27421013.213372	NC_012156.1	38487
SRR27421013.38027	NC_012156.1	31871
SRR27421013.83618	NC_012156.1	31283
SRR27421013.7783	NC_012156.1	18816
SRR27421013.212383	NC_012156.1	6137
SRR27421013.275360	NC_012156.1	5896
SRR27421013.232648	NC_012156.1	6820
SRR27421013.146003	NC_012156.1	48927
SRR27421013.232647	NC_012156.1	7764
SRR27421013.83907	NC_012156.1	5510
SRR27421013.189658	NC_012156.1	8793
SRR27421013.153882	NC_012156.1	27779
SRR27421013.117266	NC_012156.1	22423
SRR27421013.209870	NC_012156.1	31475
SRR27421013.188414	NC_012156.1	7201
SRR27421013.41544	NC_012156.1	15653
SRR27421013.124691	NC_012156.1	8301
SRR27421013.13893	NC_012156.1	22649
SRR27421013.98985	NC_012156.1	31203
SRR27421013.282830	NC_012156.1	6543
SRR27421013.164095	NC_012156.1	19468
SRR27421013.96933	NC_012156.1	31530
SRR27421013.195433	NC_012156.1	7465
SRR27421013.195879	NC_012156.1	14256
SRR27421013.43200	NC_012156.1	10692
SRR27421013.226760	NC_012156.1	31024
SRR27421013.63028	NC_012156.1	14288
SRR27421013.165325	NC_012156.1	31959
SRR27421013.180424	NC_012156.1	32650
SRR27421013.144573	NC_012156.1	8215
SRR27421013.277293	NC_012156.1	32229
SRR27421013.29231	NC_012156.1	31805
SRR27421013.62180	NC_012156.1	8412
SRR27421013.2393	NC_012156.1	22316
SRR27421013.77179	NC_012156.1	16278
SRR27421013.105486	NC_012156.1	5435
SRR27421013.209459	NC_012156.1	20843
SRR27421013.3437	NC_012156.1	6342
SRR27421013.60868	NC_012156.1	10523
SRR27421013.96783	NC_012156.1	24602
SRR27421013.265777	NC_012156.1	10350
SRR27421013.121490	NC_012156.1	6061
SRR27421013.182660	NC_012156.1	5752
SRR27421013.106504	NC_012156.1	8464
SRR27421013.200593	NC_012156.1	16709
SRR27421013.108013	NC_012156.1	60682
SRR27421013.258640	NC_012156.1	37120
SRR27421013.29458	NC_012156.1	31793
SRR27421013.156683	NC_012156.1	5745
SRR27421013.199115	NC_012156.1	16938
SRR27421013.50360	NC_012156.1	5312
SRR27421013.196755	NC_012156.1	16899
SRR27421013.236882	NC_012156.1	9416
SRR27421013.193763	NC_012156.1	31812
SRR27421013.195671	NC_012156.1	24206
SRR27421013.152973	NC_012156.1	22169
SRR27421013.147912	NC_012156.1	32311
SRR27421013.69564	NC_012156.1	12417
SRR27421013.77636	NC_012156.1	7176
SRR27421013.197079	NC_012156.1	10936
SRR27421013.281978	NC_012156.1	13029
SRR27421013.27296	NC_012156.1	20602
SRR27421013.228358	NC_012156.1	23223
SRR27421013.24564	NC_012156.1	12060
SRR27421013.236785	NC_012156.1	31736
SRR27421013.75494	NC_012156.1	18796
SRR27421013.113072	NC_012156.1	23305
SRR27421013.180351	NC_012156.1	32317
SRR27421013.96610	NC_012156.1	31925
SRR27421013.201940	NC_012156.1	14005
SRR27421013.75691	NC_012156.1	26026
SRR27421013.163627	NC_012156.1	27588
SRR27421013.202386	NC_012156.1	10788
SRR27421013.39046	NC_012156.1	32484
SRR27421013.158324	NC_012156.1	9739
SRR27421013.169239	NC_012156.1	23167
SRR27421013.105517	NC_012156.1	12712
SRR27421013.190649	NC_012156.1	7655
SRR27421013.249037	NC_012156.1	24420
SRR27421013.181958	NC_012156.1	17697
SRR27421013.93793	NC_012156.1	5252
SRR27421013.170132	NC_012156.1	23763
SRR27421013.219834	NC_012156.1	24219
SRR27421013.27597	NC_012156.1	31526
SRR27421013.272502	NC_012156.1	22002
SRR27421013.29653	NC_012156.1	21980
SRR27421013.175955	NC_012156.1	11570
SRR27421013.36392	NC_012156.1	22641
SRR27421013.281563	NC_012156.1	16459
SRR27421013.224413	NC_012156.1	38549
SRR27421013.271377	NC_012156.1	31837
SRR27421013.211857	NC_012156.1	32048
SRR27421013.79805	NC_012156.1	9247
SRR27421013.243464	NC_012156.1	24809
SRR27421013.124772	NC_012156.1	34076
SRR27421013.184265	NC_012156.1	5448
SRR27421013.248898	NC_012156.1	33674
SRR27421013.101622	NC_012156.1	32002
SRR27421013.196611	NC_012156.1	5183
SRR27421013.262936	NC_012156.1	31594
SRR27421013.100010	NC_012156.1	5297
SRR27421013.235299	NC_012156.1	31234
SRR27421013.172378	NC_012156.1	25336
SRR27421013.61605	NC_012156.1	7175
SRR27421013.119002	NC_012156.1	30938
SRR27421013.224411	NC_012156.1	30927
SRR27421013.94981	NC_012156.1	10921
SRR27421013.213134	NC_012156.1	32662
SRR27421013.280955	NC_012156.1	20685
SRR27421013.194041	NC_012156.1	31267
SRR27421013.234750	NC_012156.1	14614
SRR27421013.263404	NC_012156.1	21901
SRR27421013.211711	NC_012156.1	31312
SRR27421013.61249	NC_012156.1	10810
SRR27421013.221515	NC_012156.1	21946
SRR27421013.103416	NC_012156.1	5083
SRR27421013.179700	NC_012156.1	26580
SRR27421013.237295	NC_012156.1	6818
SRR27421013.48326	NC_012156.1	32230
SRR27421013.195321	NC_012156.1	32552
SRR27421013.83326	NC_012156.1	31523
SRR27421013.60644	NC_012156.1	21498
SRR27421013.180	NC_012156.1	17835
SRR27421013.123770	NC_012156.1	25687
SRR27421013.81662	NC_012156.1	31964
SRR27421013.121466	NC_012156.1	21728
SRR27421013.249063	NC_012156.1	8827
SRR27421013.282673	NC_012156.1	25499
SRR27421013.266490	NC_012156.1	9729
SRR27421013.66767	NC_012156.1	7520
SRR27421013.149197	NC_012156.1	8692
SRR27421013.178428	NC_012156.1	14938
SRR27421013.184859	NC_012156.1	8033
SRR27421013.256197	NC_012156.1	18052
SRR27421013.202482	NC_012156.1	31162
SRR27421013.194914	NC_012156.1	32104
SRR27421013.234666	NC_012156.1	31304
SRR27421013.268708	NC_012156.1	9853
SRR27421013.49789	NC_012156.1	31978
SRR27421013.207492	NC_012156.1	5363
SRR27421013.123340	NC_012156.1	8292
SRR27421013.192842	NC_012156.1	25951
SRR27421013.32190	NC_012156.1	13598
SRR27421013.288264	NC_012156.1	31756
SRR27421013.210667	NC_012156.1	24915
SRR27421013.212458	NC_012156.1	31777
SRR27421013.258722	NC_012156.1	20560
SRR27421013.115765	NC_012156.1	9171
SRR27421013.114891	NC_012156.1	26562
SRR27421013.246963	NC_012156.1	5888
SRR27421013.146237	NC_012156.1	20743
SRR27421013.180948	NC_012156.1	32359
SRR27421013.200713	NC_012156.1	5725
SRR27421013.156266	NC_012156.1	16087
SRR27421013.37751	NC_012156.1	28197
SRR27421013.237886	NC_012156.1	21529
SRR27421013.238964	NC_012156.1	31258
SRR27421013.263044	NC_012156.1	21444
SRR27421013.148419	NC_012156.1	31203
SRR27421013.121841	NC_012156.1	32013
SRR27421013.235425	NC_012156.1	19573
SRR27421013.142120	NC_012156.1	20314
SRR27421013.40873	NC_012156.1	11337
SRR27421013.136005	NC_012156.1	5990
SRR27421013.279870	NC_012156.1	22934
SRR27421013.136539	NC_012156.1	13326
SRR27421013.84548	NC_012156.1	7031
SRR27421013.173260	NC_012156.1	27025
SRR27421013.123744	NC_012156.1	29717
SRR27421013.249064	NC_012156.1	22891
SRR27421013.211672	NC_012156.1	31442
SRR27421013.125495	NC_012156.1	30745
SRR27421013.225863	NC_012156.1	31129
SRR27421013.196032	NC_012156.1	7222
SRR27421013.266832	NC_012156.1	25980
SRR27421013.153151	NC_012156.1	30911
SRR27421013.100050	NC_012156.1	14015
SRR27421013.211190	NC_012156.1	13774
SRR27421013.87029	NC_012156.1	22968
SRR27421013.217908	NC_012156.1	5147
SRR27421013.100917	NC_012156.1	25393
SRR27421013.3951	NC_012156.1	8068
SRR27421013.123675	NC_012156.1	32288
SRR27421013.193771	NC_012156.1	28437
SRR27421013.101375	NC_012156.1	5430
SRR27421013.82165	NC_012156.1	27411
SRR27421013.146432	NC_012156.1	24420
SRR27421013.24262	NC_012156.1	8251
SRR27421013.107794	NC_012156.1	27598
SRR27421013.186837	NC_012156.1	21096
SRR27421013.6228	NC_012156.1	7469
SRR27421013.276039	NC_012156.1	31087
SRR27421013.173199	NC_012156.1	31976
SRR27421013.48154	NC_012156.1	20965
SRR27421013.48092	NC_012156.1	15372
SRR27421013.206039	NC_012156.1	9668
SRR27421013.29520	NC_012156.1	5765
SRR27421013.40517	NC_012156.1	21899
SRR27421013.210013	NC_012156.1	31814
SRR27421013.280932	NC_012156.1	23682
SRR27421013.148379	NC_012156.1	31116
SRR27421013.170965	NC_012156.1	27950
SRR27421013.259477	NC_012156.1	13179
SRR27421013.234713	NC_012156.1	8039
SRR27421013.143549	NC_012156.1	21049
SRR27421013.51063	NC_012156.1	24242
SRR27421013.219718	NC_012156.1	5058
SRR27421013.203299	NC_012156.1	5096
SRR27421013.209748	NC_012156.1	22790
SRR27421013.50143	NC_012156.1	10658
SRR27421013.119233	NC_012156.1	6092
SRR27421013.164586	NC_012156.1	21789
SRR27421013.162728	NC_012156.1	14487
SRR27421013.122310	NC_012156.1	31322
SRR27421013.158668	NC_012156.1	7675
SRR27421013.248761	NC_012156.1	25236
SRR27421013.276344	NC_012156.1	30461
SRR27421013.226523	NC_012156.1	25636
SRR27421013.153449	NC_012156.1	20866
SRR27421013.105916	NC_012156.1	21884
SRR27421013.33232	NC_012156.1	21076
SRR27421013.16207	NC_012156.1	10988
SRR27421013.57218	NC_012156.1	21635
SRR27421013.267467	NC_012156.1	18293
SRR27421013.147586	NC_012156.1	29626
SRR27421013.259114	NC_012156.1	31450
SRR27421013.84883	NC_012156.1	13463
SRR27421013.259478	NC_012156.1	30530
SRR27421013.76393	NC_012156.1	27126
SRR27421013.123539	NC_012156.1	8797
SRR27421013.207594	NC_012156.1	32522
SRR27421013.104550	NC_012156.1	8502
SRR27421013.103847	NC_012156.1	30837
SRR27421013.272658	NC_012156.1	7065
SRR27421013.103756	NC_012156.1	6156
SRR27421013.162425	NC_012156.1	31383
SRR27421013.125094	NC_012156.1	31565
SRR27421013.147823	NC_012156.1	5250
SRR27421013.174794	NC_012156.1	9482
SRR27421013.159252	NC_012156.1	32428
SRR27421013.268046	NC_012156.1	13717
SRR27421013.83938	NC_012156.1	13164
SRR27421013.49272	NC_012156.1	31245
SRR27421013.135493	NC_012156.1	31675
SRR27421013.28271	NC_012156.1	31627
SRR27421013.205854	NC_012156.1	6926
SRR27421013.222529	NC_012156.1	22840
SRR27421013.125132	NC_012156.1	20724
SRR27421013.242747	NC_012156.1	8272
SRR27421013.168343	NC_012156.1	27928
SRR27421013.27782	NC_012156.1	23483
SRR27421013.101369	NC_012156.1	30854
SRR27421013.69444	NC_012156.1	32392
SRR27421013.83541	NC_012156.1	30678
SRR27421013.73442	NC_012156.1	13773
SRR27421013.119894	NC_012156.1	30333
SRR27421013.224142	NC_012156.1	28921
SRR27421013.235252	NC_012156.1	31603
SRR27421013.9826	NC_012156.1	6486
SRR27421013.16315	NC_012156.1	5666
SRR27421013.195561	NC_012156.1	15598
SRR27421013.276032	NC_012156.1	30967
SRR27421013.184310	NC_012156.1	11263
SRR27421013.174856	NC_012156.1	10896
SRR27421013.226276	NC_012156.1	32131
SRR27421013.98413	NC_012156.1	27075
SRR27421013.129399	NC_012156.1	5100
SRR27421013.129109	NC_012156.1	5127
SRR27421013.72538	NC_012156.1	21634
SRR27421013.84035	NC_012156.1	25152
SRR27421013.260753	NC_012156.1	22818
SRR27421013.148905	NC_012156.1	8619
SRR27421013.145859	NC_012156.1	31818
SRR27421013.100631	NC_012156.1	32415
SRR27421013.16564	NC_012156.1	25610
SRR27421013.38435	NC_012156.1	19698
SRR27421013.136301	NC_012156.1	21153
SRR27421013.199122	NC_012156.1	5752
SRR27421013.104168	NC_012156.1	8806
SRR27421013.245813	NC_012156.1	7630
SRR27421013.207220	NC_012156.1	10304
SRR27421013.12538	NC_012156.1	5245
SRR27421013.74522	NC_012156.1	31784
SRR27421013.100575	NC_012156.1	22159
SRR27421013.231376	NC_012156.1	6254
SRR27421013.178129	NC_012156.1	20674
SRR27421013.158835	NC_012156.1	5176
SRR27421013.11858	NC_012156.1	12949
SRR27421013.5257	NC_012156.1	20026
SRR27421013.171341	NC_012156.1	19769
SRR27421013.226412	NC_012156.1	7729
SRR27421013.49158	NC_012156.1	21515
SRR27421013.30184	NC_012156.1	31106
SRR27421013.30183	NC_012156.1	31057
SRR27421013.261355	NC_012156.1	8665
SRR27421013.247583	NC_012156.1	5900
SRR27421013.103644	NC_012156.1	25116
SRR27421013.26882	NC_012156.1	6509
SRR27421013.165582	NC_012156.1	11285
SRR27421013.61974	NC_012156.1	6627
SRR27421013.157444	NC_012156.1	20704
SRR27421013.131828	NC_012156.1	19915
SRR27421013.156886	NC_012156.1	29448
SRR27421013.125650	NC_012156.1	20919
SRR27421013.203773	NC_012156.1	21369
SRR27421013.100638	NC_012156.1	31618
SRR27421013.64378	NC_012156.1	16716
SRR27421013.143005	NC_012156.1	19228
SRR27421013.156015	NC_012156.1	13750
SRR27421013.256868	NC_012156.1	32427
SRR27421013.179309	NC_012156.1	30898
SRR27421013.109178	NC_012156.1	7215
SRR27421013.141167	NC_012156.1	17475
SRR27421013.60605	NC_012156.1	20124
SRR27421013.175019	NC_012156.1	32049
SRR27421013.82064	NC_012156.1	32347
SRR27421013.21172	NC_012156.1	19814
SRR27421013.173197	NC_012156.1	19770
SRR27421013.236614	NC_012156.1	32137
SRR27421013.83346	NC_012156.1	31963
SRR27421013.120546	NC_012156.1	19801
SRR27421013.225359	NC_012156.1	31670
SRR27421013.277649	NC_012156.1	31979
SRR27421013.80827	NC_012156.1	6907
SRR27421013.276	NC_012156.1	19837
SRR27421013.100443	NC_012156.1	19698
SRR27421013.212474	NC_012156.1	31761
SRR27421013.39066	NC_012156.1	32666
SRR27421013.211727	NC_012156.1	31645
SRR27421013.277606	NC_012156.1	38111
SRR27421013.12786	NC_012156.1	6324
SRR27421013.160128	NC_012156.1	5345
SRR27421013.219272	NC_012156.1	8180
SRR27421013.211775	NC_012156.1	28026
SRR27421013.41214	NC_012156.1	25742
SRR27421013.74443	NC_012156.1	31865
SRR27421013.218023	NC_012156.1	32448
SRR27421013.180142	NC_012156.1	11941
SRR27421013.110251	NC_012156.1	22703
SRR27421013.257879	NC_012156.1	32362
SRR27421013.74722	NC_012156.1	32021
SRR27421013.95102	NC_012156.1	25755
SRR27421013.256067	NC_012156.1	32339
SRR27421013.87807	NC_012156.1	5954
SRR27421013.43411	NC_012156.1	21761
SRR27421013.18891	NC_012156.1	9768
SRR27421013.122838	NC_012156.1	21920
SRR27421013.265706	NC_012156.1	31139
SRR27421013.49412	NC_012156.1	19451
SRR27421013.54091	NC_012156.1	6400
SRR27421013.237697	NC_012156.1	9793
SRR27421013.130171	NC_012156.1	31765
SRR27421013.61183	NC_012156.1	23288
SRR27421013.68225	NC_012156.1	5385
SRR27421013.182030	NC_012156.1	9406
SRR27421013.28193	NC_012156.1	31729
SRR27421013.46841	NC_012156.1	13843
SRR27421013.33725	NC_012156.1	5641
SRR27421013.200793	NC_012156.1	22077
SRR27421013.228147	NC_012156.1	6700
SRR27421013.82639	NC_012156.1	32122
SRR27421013.224609	NC_012156.1	28399
SRR27421013.215702	NC_012156.1	13947
SRR27421013.257695	NC_012156.1	31967
SRR27421013.122268	NC_012156.1	12760
SRR27421013.64635	NC_012156.1	11474
SRR27421013.178395	NC_012156.1	13196
SRR27421013.246057	NC_012156.1	5642
SRR27421013.265567	NC_012156.1	5169
SRR27421013.25697	NC_012156.1	13306
SRR27421013.146765	NC_012156.1	25372
SRR27421013.254684	NC_012156.1	26085
SRR27421013.287300	NC_012156.1	32059
SRR27421013.256616	NC_012156.1	21859
SRR27421013.173397	NC_012156.1	28354
SRR27421013.13204	NC_012156.1	20312
SRR27421013.255990	NC_012156.1	11526
SRR27421013.245993	NC_012156.1	20659
SRR27421013.193262	NC_012156.1	31614
SRR27421013.105819	NC_012156.1	6622
SRR27421013.28658	NC_012156.1	18406
SRR27421013.123761	NC_012156.1	20890
SRR27421013.173957	NC_012156.1	33414
SRR27421013.172592	NC_012156.1	20509
SRR27421013.164574	NC_012156.1	9457
SRR27421013.215484	NC_012156.1	10904
SRR27421013.26959	NC_012156.1	5853
SRR27421013.7837	NC_012156.1	10098
SRR27421013.193095	NC_012156.1	5577
SRR27421013.243001	NC_012156.1	18616
SRR27421013.149196	NC_012156.1	20647
SRR27421013.188670	NC_012156.1	19576
SRR27421013.94891	NC_012156.1	29850
SRR27421013.54690	NC_012156.1	18879
SRR27421013.136498	NC_012156.1	31486
SRR27421013.275506	NC_012156.1	7108
SRR27421013.2756	NC_012156.1	7215
SRR27421013.274845	NC_012156.1	25629
SRR27421013.210178	NC_012156.1	7440
SRR27421013.2767	NC_012156.1	10795
SRR27421013.26668	NC_012156.1	6435
SRR27421013.165182	NC_012156.1	20010
SRR27421013.210145	NC_012156.1	29291
SRR27421013.257366	NC_012156.1	31467
SRR27421013.136416	NC_012156.1	31406
SRR27421013.117115	NC_012156.1	21581
SRR27421013.42408	NC_012156.1	31241
SRR27421013.180151	NC_012156.1	32029
SRR27421013.136090	NC_012156.1	7372
SRR27421013.195158	NC_012156.1	31576
SRR27421013.196323	NC_012156.1	18688
SRR27421013.100412	NC_012156.1	31436
SRR27421013.162427	NC_012156.1	8875
SRR27421013.123399	NC_012156.1	10809
SRR27421013.256134	NC_012156.1	31606
SRR27421013.213149	NC_012156.1	47352
SRR27421013.203770	NC_012156.1	9810
SRR27421013.124363	NC_012156.1	7349
SRR27421013.255037	NC_012156.1	5861
SRR27421013.222452	NC_012156.1	6960
SRR27421013.122726	NC_012156.1	7894
SRR27421013.157313	NC_012156.1	24819
SRR27421013.121108	NC_012156.1	31791
SRR27421013.157281	NC_012156.1	6724
SRR27421013.229015	NC_012156.1	21635
SRR27421013.224555	NC_012156.1	32827
SRR27421013.43047	NC_012156.1	31600
SRR27421013.42955	NC_012156.1	31533
SRR27421013.140436	NC_012156.1	11194
SRR27421013.75628	NC_012156.1	64430
SRR27421013.126542	NC_012156.1	24965
SRR27421013.235723	NC_012156.1	32004
SRR27421013.245221	NC_012156.1	18394
SRR27421013.55870	NC_012156.1	23460
SRR27421013.15127	NC_012156.1	18378
SRR27421013.209636	NC_012156.1	22152
SRR27421013.157016	NC_012156.1	24641
SRR27421013.262604	NC_012156.1	31895
SRR27421013.155375	NC_012156.1	31462
SRR27421013.209637	NC_012156.1	22054
SRR27421013.157478	NC_012156.1	18426
SRR27421013.67985	NC_012156.1	32045
SRR27421013.274743	NC_012156.1	6484
SRR27421013.236100	NC_012156.1	31686
SRR27421013.237197	NC_012156.1	8202
SRR27421013.226069	NC_012156.1	26899
SRR27421013.50887	NC_012156.1	5239
SRR27421013.141814	NC_012156.1	7664
SRR27421013.278027	NC_012156.1	32309
SRR27421013.141885	NC_012156.1	19324
SRR27421013.218857	NC_012156.1	7224
SRR27421013.171066	NC_012156.1	21084
SRR27421013.125185	NC_012156.1	21430
SRR27421013.146019	NC_012156.1	31949
SRR27421013.217128	NC_012156.1	5691
SRR27421013.102942	NC_012156.1	5098
SRR27421013.39887	NC_012156.1	21798
SRR27421013.273539	NC_012156.1	5369
SRR27421013.222210	NC_012156.1	17854
SRR27421013.102880	NC_012156.1	22113
SRR27421013.179942	NC_012156.1	6611
SRR27421013.72101	NC_012156.1	8459
SRR27421013.169093	NC_012156.1	24084
SRR27421013.278035	NC_012156.1	19248
SRR27421013.254188	NC_012156.1	20141
SRR27421013.94527	NC_012156.1	21940
SRR27421013.137452	NC_012156.1	19074
SRR27421013.147056	NC_012156.1	22189
SRR27421013.43691	NC_012156.1	32627
SRR27421013.91565	NC_012156.1	9297
SRR27421013.209381	NC_012156.1	18963
SRR27421013.186600	NC_012156.1	19254
SRR27421013.73024	NC_012156.1	13395
SRR27421013.124688	NC_012156.1	17985
SRR27421013.156477	NC_012156.1	30215
SRR27421013.278034	NC_012156.1	19262
SRR27421013.284322	NC_012156.1	12485
SRR27421013.25568	NC_012156.1	18075
SRR27421013.25977	NC_012156.1	19900
SRR27421013.105930	NC_012156.1	32457
SRR27421013.240502	NC_012156.1	19126
SRR27421013.170454	NC_012156.1	7072
SRR27421013.101417	NC_012156.1	11762
SRR27421013.16861	NC_012156.1	8228
SRR27421013.261381	NC_012156.1	26239
SRR27421013.151134	NC_012156.1	16448
SRR27421013.267701	NC_012156.1	5134
SRR27421013.232811	NC_012156.1	31054
SRR27421013.198245	NC_012156.1	8531
SRR27421013.131294	NC_012156.1	32369
SRR27421013.82627	NC_012156.1	32098
SRR27421013.218719	NC_012156.1	8240
SRR27421013.261751	NC_012156.1	16705
SRR27421013.173711	NC_012156.1	27576
SRR27421013.80677	NC_012156.1	7077
SRR27421013.104897	NC_012156.1	10326
SRR27421013.17133	NC_012156.1	8447
SRR27421013.135322	NC_012156.1	21514
SRR27421013.150952	NC_012156.1	20246
SRR27421013.227276	NC_012156.1	5893
SRR27421013.231401	NC_012156.1	18128
SRR27421013.220110	NC_012156.1	30992
SRR27421013.146774	NC_012156.1	31983
SRR27421013.141049	NC_012156.1	9892
SRR27421013.209560	NC_012156.1	31484
SRR27421013.50147	NC_012156.1	18417
SRR27421013.237511	NC_012156.1	30999
SRR27421013.220704	NC_012156.1	5226
SRR27421013.194108	NC_012156.1	49497
SRR27421013.203985	NC_012156.1	20021
SRR27421013.41817	NC_012156.1	33832
SRR27421013.100314	NC_012156.1	31850
SRR27421013.194825	NC_012156.1	31696
SRR27421013.138352	NC_012156.1	17298
SRR27421013.223355	NC_012156.1	32022
SRR27421013.108335	NC_012156.1	18838
SRR27421013.13264	NC_012156.1	18210
SRR27421013.77866	NC_012156.1	8265
SRR27421013.138555	NC_012156.1	17098
SRR27421013.215850	NC_012156.1	10727
SRR27421013.89602	NC_012156.1	10663
SRR27421013.104684	NC_012156.1	6953
SRR27421013.61519	NC_012156.1	25334
SRR27421013.172297	NC_012156.1	19453
SRR27421013.280962	NC_012156.1	7706
SRR27421013.243956	NC_012156.1	20793
SRR27421013.264471	NC_012156.1	5900
SRR27421013.149939	NC_012156.1	18217
SRR27421013.247401	NC_012156.1	17080
SRR27421013.190345	NC_012156.1	17104
SRR27421013.150697	NC_012156.1	16973
SRR27421013.136422	NC_012156.1	32069
SRR27421013.1545	NC_012156.1	14814
SRR27421013.197397	NC_012156.1	17455
SRR27421013.154512	NC_012156.1	28936
SRR27421013.237165	NC_012156.1	10708
SRR27421013.236094	NC_012156.1	10713
SRR27421013.277853	NC_012156.1	35630
SRR27421013.29217	NC_012156.1	22012
SRR27421013.137979	NC_012156.1	8446
SRR27421013.75476	NC_012156.1	15440
SRR27421013.282996	NC_012156.1	12091
SRR27421013.140030	NC_012156.1	6943
SRR27421013.98604	NC_012156.1	21187
SRR27421013.37984	NC_012156.1	13445
SRR27421013.148574	NC_012156.1	18137
SRR27421013.157945	NC_012156.1	16628
SRR27421013.2946	NC_012156.1	16303
SRR27421013.37958	NC_012156.1	24502
SRR27421013.170164	NC_012156.1	7076
SRR27421013.134442	NC_012156.1	7062
SRR27421013.149346	NC_012156.1	5761
SRR27421013.100129	NC_012156.1	16448
SRR27421013.132542	NC_012156.1	22615
SRR27421013.106672	NC_012156.1	16558
SRR27421013.226821	NC_012156.1	22919
SRR27421013.269746	NC_012156.1	16202
SRR27421013.118620	NC_012156.1	24538
SRR27421013.267819	NC_012156.1	7807
SRR27421013.218949	NC_012156.1	22596
SRR27421013.3224	NC_012156.1	17557
SRR27421013.163401	NC_012156.1	5057
SRR27421013.194980	NC_012156.1	23531
SRR27421013.130167	NC_012156.1	32351
SRR27421013.50027	NC_012156.1	15322
SRR27421013.286739	NC_012156.1	18897
SRR27421013.38384	NC_012156.1	32009
SRR27421013.214458	NC_012156.1	7205
SRR27421013.59688	NC_012156.1	7501
SRR27421013.166459	NC_012156.1	16252
SRR27421013.225111	NC_012156.1	30996
SRR27421013.48126	NC_012156.1	32425
SRR27421013.225853	NC_012156.1	24432
SRR27421013.226149	NC_012156.1	32124
SRR27421013.67903	NC_012156.1	22654
SRR27421013.40981	NC_012156.1	31843
SRR27421013.164135	NC_012156.1	16093
SRR27421013.199092	NC_012156.1	32136
SRR27421013.24604	NC_012156.1	7876
SRR27421013.75062	NC_012156.1	20076
SRR27421013.26712	NC_012156.1	17759
SRR27421013.243675	NC_012156.1	5320
SRR27421013.210470	NC_012156.1	28989
SRR27421013.225235	NC_012156.1	19557
SRR27421013.29296	NC_012156.1	31867
SRR27421013.72337	NC_012156.1	9101
SRR27421013.147271	NC_012156.1	32779
SRR27421013.8460	NC_012156.1	17287
SRR27421013.160738	NC_012156.1	18920
SRR27421013.135890	NC_012156.1	10510
SRR27421013.71401	NC_012156.1	19370
SRR27421013.27102	NC_012156.1	15123
SRR27421013.271892	NC_012156.1	6892
SRR27421013.24331	NC_012156.1	6166
SRR27421013.26602	NC_012156.1	6156
SRR27421013.235588	NC_012156.1	22268
SRR27421013.191690	NC_012156.1	16277
SRR27421013.119	NC_012156.1	18072
SRR27421013.105801	NC_012156.1	14505
SRR27421013.226813	NC_012156.1	18960
SRR27421013.218071	NC_012156.1	26772
SRR27421013.15566	NC_012156.1	5060
SRR27421013.23402	NC_012156.1	17293
SRR27421013.48556	NC_012156.1	30951
SRR27421013.103395	NC_012156.1	15746
SRR27421013.49437	NC_012156.1	6230
SRR27421013.152927	NC_012156.1	38087
SRR27421013.29249	NC_012156.1	31543
SRR27421013.80892	NC_012156.1	17631
SRR27421013.162540	NC_012156.1	30411
SRR27421013.96176	NC_012156.1	5472
SRR27421013.97427	NC_012156.1	5478
SRR27421013.13913	NC_012156.1	7063
SRR27421013.42479	NC_012156.1	31291
SRR27421013.109530	NC_012156.1	20445
SRR27421013.230542	NC_012156.1	8247
SRR27421013.105659	NC_012156.1	32086
SRR27421013.278934	NC_012156.1	18867
SRR27421013.121037	NC_012156.1	30618
SRR27421013.219781	NC_012156.1	8846
SRR27421013.137329	NC_012156.1	13410
SRR27421013.280524	NC_012156.1	26181
SRR27421013.262571	NC_012156.1	31880
SRR27421013.176001	NC_012156.1	20830
SRR27421013.286728	NC_012156.1	32262
SRR27421013.215567	NC_012156.1	18744
SRR27421013.228167	NC_012156.1	20747
SRR27421013.104099	NC_012156.1	31420
SRR27421013.262732	NC_012156.1	43138
SRR27421013.192212	NC_012156.1	20964
SRR27421013.128334	NC_012156.1	16316
SRR27421013.52634	NC_012156.1	19650
SRR27421013.105666	NC_012156.1	15316
SRR27421013.146737	NC_012156.1	31591
SRR27421013.67491	NC_012156.1	7077
SRR27421013.105951	NC_012156.1	18805
SRR27421013.211906	NC_012156.1	32851
SRR27421013.137707	NC_012156.1	31243
SRR27421013.267577	NC_012156.1	18444
SRR27421013.286314	NC_012156.1	32129
SRR27421013.121428	NC_012156.1	30084
SRR27421013.210221	NC_012156.1	15244
SRR27421013.107094	NC_012156.1	32073
SRR27421013.178298	NC_012156.1	16386
SRR27421013.284328	NC_012156.1	9269
SRR27421013.155768	NC_012156.1	9494
SRR27421013.231182	NC_012156.1	16059
SRR27421013.51323	NC_012156.1	27832
SRR27421013.181199	NC_012156.1	32553
SRR27421013.248384	NC_012156.1	19883
SRR27421013.222250	NC_012156.1	20740
SRR27421013.212444	NC_012156.1	32143
SRR27421013.62705	NC_012156.1	17375
SRR27421013.119059	NC_012156.1	31759
SRR27421013.136544	NC_012156.1	31713
SRR27421013.213113	NC_012156.1	16589
SRR27421013.152394	NC_012156.1	15183
SRR27421013.20139	NC_012156.1	15470
SRR27421013.82914	NC_012156.1	22399
SRR27421013.17132	NC_012156.1	15451
SRR27421013.137809	NC_012156.1	14716
SRR27421013.100568	NC_012156.1	31703
SRR27421013.258429	NC_012156.1	14148
SRR27421013.97807	NC_012156.1	31945
SRR27421013.269837	NC_012156.1	15834
SRR27421013.191976	NC_012156.1	7629
SRR27421013.128330	NC_012156.1	7638
SRR27421013.256502	NC_012156.1	12316
SRR27421013.14076	NC_012156.1	14349
SRR27421013.59881	NC_012156.1	15055
SRR27421013.60406	NC_012156.1	18826
SRR27421013.262011	NC_012156.1	32114
SRR27421013.224680	NC_012156.1	7024
SRR27421013.183226	NC_012156.1	5579
SRR27421013.29902	NC_012156.1	35730
SRR27421013.263889	NC_012156.1	30652
SRR27421013.19800	NC_012156.1	20227
SRR27421013.33873	NC_012156.1	18704
SRR27421013.17877	NC_012156.1	5231
SRR27421013.224938	NC_012156.1	23148
SRR27421013.121764	NC_012156.1	31393
SRR27421013.36241	NC_012156.1	26275
SRR27421013.169761	NC_012156.1	5100
SRR27421013.85319	NC_012156.1	8125
SRR27421013.218602	NC_012156.1	44538
SRR27421013.185971	NC_012156.1	7047
SRR27421013.1423	NC_012156.1	16633
SRR27421013.265023	NC_012156.1	31956
SRR27421013.51726	NC_012156.1	19519
SRR27421013.67865	NC_012156.1	20170
SRR27421013.231111	NC_012156.1	18979
SRR27421013.232763	NC_012156.1	21391
SRR27421013.185970	NC_012156.1	6956
SRR27421013.70623	NC_012156.1	20153
SRR27421013.92391	NC_012156.1	15039
SRR27421013.262734	NC_012156.1	19836
SRR27421013.39290	NC_012156.1	13517
SRR27421013.107958	NC_012156.1	15510
SRR27421013.245952	NC_012156.1	25216
SRR27421013.245999	NC_012156.1	24829
SRR27421013.255166	NC_012156.1	20820
SRR27421013.141400	NC_012156.1	20658
SRR27421013.162205	NC_012156.1	15260
SRR27421013.58301	NC_012156.1	14225
SRR27421013.204181	NC_012156.1	19598
SRR27421013.227100	NC_012156.1	28629
SRR27421013.101940	NC_012156.1	17260
SRR27421013.239066	NC_012156.1	14545
SRR27421013.194681	NC_012156.1	18687
SRR27421013.96971	NC_012156.1	26168
SRR27421013.58009	NC_012156.1	13714
SRR27421013.264401	NC_012156.1	13611
SRR27421013.120463	NC_012156.1	8821
SRR27421013.240393	NC_012156.1	6329
SRR27421013.234214	NC_012156.1	16139
SRR27421013.41486	NC_012156.1	15844
SRR27421013.56222	NC_012156.1	16907
SRR27421013.196464	NC_012156.1	14350
SRR27421013.275919	NC_012156.1	31965
SRR27421013.141800	NC_012156.1	19645
SRR27421013.19995	NC_012156.1	15335
SRR27421013.279987	NC_012156.1	13600
SRR27421013.4852	NC_012156.1	10640
SRR27421013.8291	NC_012156.1	13283
SRR27421013.145085	NC_012156.1	31803
SRR27421013.61711	NC_012156.1	13125
SRR27421013.263595	NC_012156.1	6490
SRR27421013.110977	NC_012156.1	25922
SRR27421013.112155	NC_012156.1	13012
SRR27421013.263469	NC_012156.1	16798
SRR27421013.116837	NC_012156.1	14730
SRR27421013.97439	NC_012156.1	19788
SRR27421013.262725	NC_012156.1	16024
SRR27421013.169852	NC_012156.1	12946
SRR27421013.268990	NC_012156.1	5387
SRR27421013.29267	NC_012156.1	9136
SRR27421013.173987	NC_012156.1	31584
SRR27421013.236237	NC_012156.1	14757
SRR27421013.211540	NC_012156.1	31386
SRR27421013.125499	NC_012156.1	12949
SRR27421013.245198	NC_012156.1	21394
SRR27421013.266039	NC_012156.1	13900
SRR27421013.112210	NC_012156.1	14284
SRR27421013.214095	NC_012156.1	19250
SRR27421013.142230	NC_012156.1	10651
SRR27421013.118748	NC_012156.1	13255
SRR27421013.173638	NC_012156.1	26959
SRR27421013.37931	NC_012156.1	31852
SRR27421013.159922	NC_012156.1	6097
SRR27421013.61730	NC_012156.1	17002
SRR27421013.95860	NC_012156.1	9979
SRR27421013.184815	NC_012156.1	13298
SRR27421013.136964	NC_012156.1	15405
SRR27421013.67708	NC_012156.1	14622
SRR27421013.111298	NC_012156.1	9013
SRR27421013.108883	NC_012156.1	9026
SRR27421013.258021	NC_012156.1	14662
SRR27421013.209667	NC_012156.1	16300
SRR27421013.81086	NC_012156.1	13351
SRR27421013.197690	NC_012156.1	16982
SRR27421013.116323	NC_012156.1	13508
SRR27421013.123365	NC_012156.1	5580
SRR27421013.238891	NC_012156.1	7411
SRR27421013.214407	NC_012156.1	9120
SRR27421013.39203	NC_012156.1	13087
SRR27421013.60126	NC_012156.1	16664
SRR27421013.151837	NC_012156.1	16830
SRR27421013.267973	NC_012156.1	6917
SRR27421013.167360	NC_012156.1	18083
SRR27421013.256088	NC_012156.1	30994
SRR27421013.135504	NC_012156.1	5206
SRR27421013.134118	NC_012156.1	18480
SRR27421013.114774	NC_012156.1	13578
SRR27421013.145700	NC_012156.1	15196
SRR27421013.91954	NC_012156.1	11701
SRR27421013.195662	NC_012156.1	19116
SRR27421013.102274	NC_012156.1	19741
SRR27421013.255731	NC_012156.1	12863
SRR27421013.98852	NC_012156.1	26220
SRR27421013.154173	NC_012156.1	12524
SRR27421013.146747	NC_012156.1	11546
SRR27421013.42835	NC_012156.1	18336
SRR27421013.73778	NC_012156.1	11638
SRR27421013.14020	NC_012156.1	16893
SRR27421013.13765	NC_012156.1	16806
SRR27421013.118472	NC_012156.1	6271
SRR27421013.175140	NC_012156.1	8450
SRR27421013.106423	NC_012156.1	12629
SRR27421013.266498	NC_012156.1	19341
SRR27421013.148338	NC_012156.1	11472
SRR27421013.256604	NC_012156.1	11331
SRR27421013.238821	NC_012156.1	18148
SRR27421013.180255	NC_012156.1	11765
SRR27421013.95288	NC_012156.1	19716
SRR27421013.78697	NC_012156.1	21531
SRR27421013.74310	NC_012156.1	14280
SRR27421013.44120	NC_012156.1	13252
SRR27421013.142977	NC_012156.1	6125
SRR27421013.255500	NC_012156.1	15363
SRR27421013.133101	NC_012156.1	13538
SRR27421013.124099	NC_012156.1	34299
SRR27421013.176112	NC_012156.1	13969
SRR27421013.97813	NC_012156.1	10978
SRR27421013.136997	NC_012156.1	24102
SRR27421013.77315	NC_012156.1	10753
SRR27421013.75647	NC_012156.1	23400
SRR27421013.215003	NC_012156.1	13992
SRR27421013.92008	NC_012156.1	12888
SRR27421013.7262	NC_012156.1	19952
SRR27421013.59587	NC_012156.1	12127
SRR27421013.33655	NC_012156.1	10744
SRR27421013.135807	NC_012156.1	10652
SRR27421013.196039	NC_012156.1	10864
SRR27421013.152056	NC_012156.1	21212
SRR27421013.14005	NC_012156.1	12428
SRR27421013.133740	NC_012156.1	10739
SRR27421013.229773	NC_012156.1	17732
SRR27421013.259292	NC_012156.1	12294
SRR27421013.225097	NC_012156.1	15985
SRR27421013.169667	NC_012156.1	11893
SRR27421013.144477	NC_012156.1	10149
SRR27421013.100975	NC_012156.1	7011
SRR27421013.101220	NC_012156.1	7046
SRR27421013.133574	NC_012156.1	11165
SRR27421013.7103	NC_012156.1	10136
SRR27421013.255585	NC_012156.1	11033
SRR27421013.257677	NC_012156.1	11034
SRR27421013.205434	NC_012156.1	18224
SRR27421013.144057	NC_012156.1	10539
SRR27421013.5050	NC_012156.1	12650
SRR27421013.8910	NC_012156.1	10132
SRR27421013.200668	NC_012156.1	21298
SRR27421013.106035	NC_012156.1	12933
SRR27421013.5090	NC_012156.1	14720
SRR27421013.78223	NC_012156.1	23144
SRR27421013.177342	NC_012156.1	11029
SRR27421013.173776	NC_012156.1	18519
SRR27421013.142423	NC_012156.1	10540
SRR27421013.105025	NC_012156.1	24357
SRR27421013.101675	NC_012156.1	21179
SRR27421013.126552	NC_012156.1	11505
SRR27421013.193059	NC_012156.1	25103
SRR27421013.209309	NC_012156.1	9710
SRR27421013.147964	NC_012156.1	6701
SRR27421013.44368	NC_012156.1	21075
SRR27421013.178319	NC_012156.1	6526
SRR27421013.112371	NC_012156.1	13375
SRR27421013.48709	NC_012156.1	24052
SRR27421013.97032	NC_012156.1	10793
SRR27421013.144333	NC_012156.1	11361
SRR27421013.275165	NC_012156.1	17167
SRR27421013.36107	NC_012156.1	23769
SRR27421013.90058	NC_012156.1	9693
SRR27421013.115904	NC_012156.1	16904
SRR27421013.272322	NC_012156.1	10800
SRR27421013.84258	NC_012156.1	10598
SRR27421013.226956	NC_012156.1	10787
SRR27421013.204149	NC_012156.1	14424
SRR27421013.238086	NC_012156.1	9377
SRR27421013.267768	NC_012156.1	6390
SRR27421013.232908	NC_012156.1	14739
SRR27421013.154440	NC_012156.1	13857
SRR27421013.270531	NC_012156.1	11833
SRR27421013.10543	NC_012156.1	13140
SRR27421013.140767	NC_012156.1	13032
SRR27421013.264533	NC_012156.1	15026
SRR27421013.250691	NC_012156.1	19770
SRR27421013.160914	NC_012156.1	16704
SRR27421013.13127	NC_012156.1	16294
SRR27421013.74964	NC_012156.1	9402
SRR27421013.36502	NC_012156.1	11334
SRR27421013.182204	NC_012156.1	14486
SRR27421013.185692	NC_012156.1	6885
SRR27421013.126648	NC_012156.1	13104
SRR27421013.248000	NC_012156.1	14227
SRR27421013.140674	NC_012156.1	11663
SRR27421013.139437	NC_012156.1	11617
SRR27421013.162546	NC_012156.1	10545
SRR27421013.71565	NC_012156.1	13230
SRR27421013.27465	NC_012156.1	13492
SRR27421013.104227	NC_012156.1	8248
SRR27421013.136084	NC_012156.1	12482
SRR27421013.218108	NC_012156.1	9910
SRR27421013.72449	NC_012156.1	10923
SRR27421013.153826	NC_012156.1	11013
SRR27421013.40795	NC_012156.1	10396
SRR27421013.32255	NC_012156.1	14683
SRR27421013.63325	NC_012156.1	16205
SRR27421013.247633	NC_012156.1	16908
SRR27421013.190104	NC_012156.1	15327
SRR27421013.62599	NC_012156.1	9305
SRR27421013.192321	NC_012156.1	9773
SRR27421013.115927	NC_012156.1	10399
SRR27421013.243915	NC_012156.1	13139
SRR27421013.288534	NC_012156.1	9247
SRR27421013.216955	NC_012156.1	8847
SRR27421013.249389	NC_012156.1	11698
SRR27421013.221199	NC_012156.1	8686
SRR27421013.56908	NC_012156.1	16077
SRR27421013.212864	NC_012156.1	13958
SRR27421013.110280	NC_012156.1	15710
SRR27421013.89150	NC_012156.1	9981
SRR27421013.13234	NC_012156.1	10658
SRR27421013.160615	NC_012156.1	20521
SRR27421013.61979	NC_012156.1	8666
SRR27421013.233017	NC_012156.1	13829
SRR27421013.17886	NC_012156.1	13356
SRR27421013.274603	NC_012156.1	12354
SRR27421013.121189	NC_012156.1	9382
SRR27421013.124971	NC_012156.1	8298
SRR27421013.279578	NC_012156.1	9928
SRR27421013.168737	NC_012156.1	9432
SRR27421013.110295	NC_012156.1	12807
SRR27421013.276137	NC_012156.1	11473
SRR27421013.287873	NC_012156.1	13541
SRR27421013.160536	NC_012156.1	8296
SRR27421013.112955	NC_012156.1	10052
SRR27421013.205512	NC_012156.1	8199
SRR27421013.184786	NC_012156.1	9227
SRR27421013.210794	NC_012156.1	13729
SRR27421013.213398	NC_012156.1	18733
SRR27421013.60961	NC_012156.1	16435
SRR27421013.23372	NC_012156.1	14234
SRR27421013.256192	NC_012156.1	8297
SRR27421013.78387	NC_012156.1	17765
SRR27421013.7842	NC_012156.1	11702
SRR27421013.202169	NC_012156.1	8170
SRR27421013.65416	NC_012156.1	8835
SRR27421013.12010	NC_012156.1	7876
SRR27421013.195847	NC_012156.1	14344
SRR27421013.210899	NC_012156.1	37286
SRR27421013.219367	NC_012156.1	8015
SRR27421013.78970	NC_012156.1	7822
SRR27421013.80022	NC_012156.1	9126
SRR27421013.50364	NC_012156.1	16207
SRR27421013.47333	NC_012156.1	16195
SRR27421013.4676	NC_012156.1	21963
SRR27421013.151516	NC_012156.1	7902
SRR27421013.249426	NC_012156.1	8375
SRR27421013.164767	NC_012156.1	10152
SRR27421013.163611	NC_012156.1	10118
SRR27421013.215852	NC_012156.1	15193
SRR27421013.2188	NC_012156.1	17165
SRR27421013.248805	NC_012156.1	8361
SRR27421013.146697	NC_012156.1	11855
SRR27421013.79789	NC_012156.1	11598
SRR27421013.92042	NC_012156.1	12963
SRR27421013.184216	NC_012156.1	11151
SRR27421013.202492	NC_012156.1	10641
SRR27421013.160529	NC_012156.1	15701
SRR27421013.35700	NC_012156.1	19004
SRR27421013.268065	NC_012156.1	7673
SRR27421013.155729	NC_012156.1	8100
SRR27421013.209488	NC_012156.1	10963
SRR27421013.116113	NC_012156.1	8393
SRR27421013.106231	NC_012156.1	6499
SRR27421013.217654	NC_012156.1	7557
SRR27421013.75303	NC_012156.1	12253
SRR27421013.282909	NC_012156.1	12742
SRR27421013.231471	NC_012156.1	9525
SRR27421013.246495	NC_012156.1	14543
SRR27421013.7161	NC_012156.1	15459
SRR27421013.281032	NC_012156.1	8084
SRR27421013.12387	NC_012156.1	11942
SRR27421013.135029	NC_012156.1	11355
SRR27421013.147326	NC_012156.1	7030
SRR27421013.228698	NC_012156.1	10098
SRR27421013.27532	NC_012156.1	7282
SRR27421013.76596	NC_012156.1	16216
SRR27421013.259606	NC_012156.1	8592
SRR27421013.78578	NC_012156.1	12369
SRR27421013.192686	NC_012156.1	11024
SRR27421013.160831	NC_012156.1	7031
SRR27421013.178712	NC_012156.1	23217
SRR27421013.99879	NC_012156.1	9623
SRR27421013.33052	NC_012156.1	11074
SRR27421013.141560	NC_012156.1	10160
SRR27421013.287812	NC_012156.1	11199
SRR27421013.36177	NC_012156.1	13097
SRR27421013.19133	NC_012156.1	11597
SRR27421013.106730	NC_012156.1	7252
SRR27421013.58336	NC_012156.1	8738
SRR27421013.129955	NC_012156.1	15339
SRR27421013.269373	NC_012156.1	8353
SRR27421013.42192	NC_012156.1	7877
SRR27421013.159099	NC_012156.1	8013
SRR27421013.47306	NC_012156.1	10635
SRR27421013.111756	NC_012156.1	8994
SRR27421013.275547	NC_012156.1	13777
SRR27421013.224191	NC_012156.1	32717
SRR27421013.8963	NC_012156.1	7979
SRR27421013.90538	NC_012156.1	8765
SRR27421013.256074	NC_012156.1	10756
SRR27421013.138669	NC_012156.1	7144
SRR27421013.213468	NC_012156.1	7117
SRR27421013.262485	NC_012156.1	7917
SRR27421013.114022	NC_012156.1	17447
SRR27421013.124770	NC_012156.1	7160
SRR27421013.239957	NC_012156.1	12833
SRR27421013.13456	NC_012156.1	10687
SRR27421013.78316	NC_012156.1	11164
SRR27421013.35425	NC_012156.1	15932
SRR27421013.206474	NC_012156.1	7288
SRR27421013.106660	NC_012156.1	7812
SRR27421013.245696	NC_012156.1	11101
SRR27421013.254942	NC_012156.1	7413
SRR27421013.72848	NC_012156.1	11051
SRR27421013.229528	NC_012156.1	16856
SRR27421013.47928	NC_012156.1	16350
SRR27421013.216047	NC_012156.1	7396
SRR27421013.124007	NC_012156.1	10968
SRR27421013.70635	NC_012156.1	7749
SRR27421013.235046	NC_012156.1	16330
SRR27421013.213818	NC_012156.1	6538
SRR27421013.36045	NC_012156.1	7167
SRR27421013.102441	NC_012156.1	7328
SRR27421013.89836	NC_012156.1	7444
SRR27421013.23715	NC_012156.1	11698
SRR27421013.196871	NC_012156.1	15332
SRR27421013.284417	NC_012156.1	6550
SRR27421013.47836	NC_012156.1	5898
SRR27421013.262822	NC_012156.1	22827
SRR27421013.188351	NC_012156.1	6408
SRR27421013.149785	NC_012156.1	6665
SRR27421013.235385	NC_012156.1	9560
SRR27421013.111435	NC_012156.1	15498
SRR27421013.265147	NC_012156.1	6360
SRR27421013.172100	NC_012156.1	14891
SRR27421013.246233	NC_012156.1	9015
SRR27421013.258373	NC_012156.1	9804
SRR27421013.144309	NC_012156.1	6792
SRR27421013.223253	NC_012156.1	6250
SRR27421013.22659	NC_012156.1	7259
SRR27421013.138602	NC_012156.1	21794
SRR27421013.265775	NC_012156.1	6228
SRR27421013.205398	NC_012156.1	10779
SRR27421013.97038	NC_012156.1	11920
SRR27421013.232737	NC_012156.1	7909
SRR27421013.149866	NC_012156.1	6339
SRR27421013.169670	NC_012156.1	6110
SRR27421013.14482	NC_012156.1	12877
SRR27421013.34705	NC_012156.1	15177
SRR27421013.127224	NC_012156.1	13043
SRR27421013.209216	NC_012156.1	12629
SRR27421013.185808	NC_012156.1	10442
SRR27421013.83283	NC_012156.1	10559
SRR27421013.103842	NC_012156.1	12170
SRR27421013.208636	NC_012156.1	6248
SRR27421013.34669	NC_012156.1	9685
SRR27421013.280678	NC_012156.1	10176
SRR27421013.234409	NC_012156.1	9446
SRR27421013.193761	NC_012156.1	13282
SRR27421013.246474	NC_012156.1	6434
SRR27421013.201956	NC_012156.1	7237
SRR27421013.43320	NC_012156.1	5896
SRR27421013.83277	NC_012156.1	12123
SRR27421013.15857	NC_012156.1	12201
SRR27421013.77621	NC_012156.1	8565
SRR27421013.74827	NC_012156.1	8529
SRR27421013.149653	NC_012156.1	5947
SRR27421013.190659	NC_012156.1	15226
SRR27421013.265242	NC_012156.1	10971
SRR27421013.101834	NC_012156.1	6087
SRR27421013.222537	NC_012156.1	6716
SRR27421013.48479	NC_012156.1	11967
SRR27421013.70551	NC_012156.1	7785
SRR27421013.16441	NC_012156.1	5690
SRR27421013.24892	NC_012156.1	13371
SRR27421013.21013	NC_012156.1	5572
SRR27421013.100172	NC_012156.1	14666
SRR27421013.203472	NC_012156.1	14248
SRR27421013.110062	NC_012156.1	16467
SRR27421013.203084	NC_012156.1	14371
SRR27421013.204592	NC_012156.1	6904
SRR27421013.100625	NC_012156.1	5311
SRR27421013.237764	NC_012156.1	16646
SRR27421013.200880	NC_012156.1	6493
SRR27421013.116024	NC_012156.1	8309
SRR27421013.204557	NC_012156.1	7992
SRR27421013.202681	NC_012156.1	7979
SRR27421013.12623	NC_012156.1	13801
SRR27421013.169188	NC_012156.1	8005
SRR27421013.103228	NC_012156.1	15504
SRR27421013.215494	NC_012156.1	6124
SRR27421013.1018	NC_012156.1	7667
SRR27421013.15829	NC_012156.1	6144
SRR27421013.125026	NC_012156.1	11502
SRR27421013.161291	NC_012156.1	10060
SRR27421013.179452	NC_012156.1	6997
SRR27421013.175587	NC_012156.1	6412
SRR27421013.134148	NC_012156.1	5572
SRR27421013.265029	NC_012156.1	7477
SRR27421013.148460	NC_012156.1	5177
SRR27421013.131428	NC_012156.1	6724
SRR27421013.132597	NC_012156.1	11801
SRR27421013.145203	NC_012156.1	13633
SRR27421013.113400	NC_012156.1	7911
SRR27421013.156079	NC_012156.1	8065
SRR27421013.237853	NC_012156.1	12222
SRR27421013.94914	NC_012156.1	10928
SRR27421013.283236	NC_012156.1	13752
SRR27421013.281595	NC_012156.1	5039
SRR27421013.200212	NC_012156.1	7749
SRR27421013.279680	NC_012156.1	10041
SRR27421013.272937	NC_012156.1	11607
SRR27421013.109704	NC_012156.1	13130
SRR27421013.280108	NC_012156.1	5047
SRR27421013.136837	NC_012156.1	6480
SRR27421013.257467	NC_012156.1	10159
SRR27421013.88524	NC_012156.1	11334
SRR27421013.263829	NC_012156.1	7615
SRR27421013.243354	NC_012156.1	6635
SRR27421013.38572	NC_012156.1	8963
SRR27421013.16926	NC_012156.1	6917
SRR27421013.75209	NC_012156.1	6568
SRR27421013.233930	NC_012156.1	9662
SRR27421013.18310	NC_012156.1	13911
SRR27421013.122774	NC_012156.1	6352
SRR27421013.143498	NC_012156.1	5354
SRR27421013.250857	NC_012156.1	10672
SRR27421013.254036	NC_012156.1	7981
SRR27421013.249853	NC_012156.1	5709
SRR27421013.52691	NC_012156.1	5962
SRR27421013.210125	NC_012156.1	8672
SRR27421013.276199	NC_012156.1	8835
SRR27421013.204625	NC_012156.1	5961
SRR27421013.73911	NC_012156.1	12386
SRR27421013.246042	NC_012156.1	6929
SRR27421013.58682	NC_012156.1	12471
SRR27421013.255725	NC_012156.1	12542
SRR27421013.2351	NC_012156.1	11993
SRR27421013.58519	NC_012156.1	6071
SRR27421013.262229	NC_012156.1	7124
SRR27421013.112102	NC_012156.1	7081
SRR27421013.85144	NC_012156.1	5249
SRR27421013.137180	NC_012156.1	8906
SRR27421013.158128	NC_012156.1	6847
SRR27421013.79378	NC_012156.1	5035
SRR27421013.159823	NC_012156.1	12651
SRR27421013.177914	NC_012156.1	6200
SRR27421013.173080	NC_012156.1	7011
SRR27421013.103742	NC_012156.1	13363
SRR27421013.8033	NC_012156.1	5397
SRR27421013.127891	NC_012156.1	8584
SRR27421013.220321	NC_012156.1	12287
SRR27421013.233039	NC_012156.1	11187
SRR27421013.73359	NC_012156.1	11113
SRR27421013.51981	NC_012156.1	12875
SRR27421013.249346	NC_012156.1	5472
SRR27421013.166670	NC_012156.1	10231
SRR27421013.23300	NC_012156.1	5514
SRR27421013.251419	NC_012156.1	8322
SRR27421013.26694	NC_012156.1	6121
SRR27421013.16923	NC_012156.1	11728
SRR27421013.57884	NC_012156.1	6896
SRR27421013.54543	NC_012156.1	6049
SRR27421013.246475	NC_012156.1	11237
SRR27421013.127193	NC_012156.1	9497
SRR27421013.257694	NC_012156.1	7600
SRR27421013.256513	NC_012156.1	7685
SRR27421013.218483	NC_012156.1	11332
SRR27421013.165471	NC_012156.1	12377
SRR27421013.167806	NC_012156.1	12305
SRR27421013.87146	NC_012156.1	11123
SRR27421013.244437	NC_012156.1	5755
SRR27421013.78602	NC_012156.1	7964
SRR27421013.154626	NC_012156.1	7822
SRR27421013.178874	NC_012156.1	8822
SRR27421013.191221	NC_012156.1	12531
SRR27421013.250403	NC_012156.1	12200
SRR27421013.77678	NC_012156.1	7546
SRR27421013.273713	NC_012156.1	7537
SRR27421013.82389	NC_012156.1	12219
SRR27421013.7633	NC_012156.1	12805
SRR27421013.280361	NC_012156.1	8757
SRR27421013.157347	NC_012156.1	7644
SRR27421013.131515	NC_012156.1	5819
SRR27421013.18292	NC_012156.1	7034
SRR27421013.284671	NC_012156.1	6453
SRR27421013.219757	NC_012156.1	9823
SRR27421013.97779	NC_012156.1	8023
SRR27421013.34435	NC_012156.1	11262
SRR27421013.142198	NC_012156.1	8515
SRR27421013.199023	NC_012156.1	5815
SRR27421013.273339	NC_012156.1	7933
SRR27421013.57367	NC_012156.1	5934
SRR27421013.138587	NC_012156.1	8158
SRR27421013.203324	NC_012156.1	5391
SRR27421013.242660	NC_012156.1	9176
SRR27421013.40054	NC_012156.1	5593
SRR27421013.137358	NC_012156.1	8286
SRR27421013.240555	NC_012156.1	8973
SRR27421013.137447	NC_012156.1	9825
SRR27421013.166155	NC_012156.1	6932
SRR27421013.41661	NC_012156.1	7760
SRR27421013.197582	NC_012156.1	9104
SRR27421013.29858	NC_012156.1	7970
SRR27421013.93992	NC_012156.1	5070
SRR27421013.191992	NC_012156.1	5734
SRR27421013.48577	NC_012156.1	6181
SRR27421013.136189	NC_012156.1	5863
SRR27421013.198317	NC_012156.1	7900
SRR27421013.25305	NC_012156.1	7684
SRR27421013.25514	NC_012156.1	7694
SRR27421013.238686	NC_012156.1	7644
SRR27421013.80473	NC_012156.1	7106
SRR27421013.210527	NC_012156.1	9792
SRR27421013.22583	NC_012156.1	5099
SRR27421013.209326	NC_012156.1	9019
SRR27421013.29373	NC_012156.1	7368
SRR27421013.120911	NC_012156.1	6304
SRR27421013.233627	NC_012156.1	6027
SRR27421013.50115	NC_012156.1	8773
SRR27421013.147001	NC_012156.1	5629
SRR27421013.109878	NC_012156.1	5861
SRR27421013.80964	NC_012156.1	5115
SRR27421013.34573	NC_012156.1	8318
SRR27421013.55194	NC_012156.1	5493
SRR27421013.208060	NC_012156.1	8186
SRR27421013.221183	NC_012156.1	6273
SRR27421013.144685	NC_012156.1	7448
SRR27421013.150521	NC_012156.1	7704
SRR27421013.149244	NC_012156.1	5136
SRR27421013.11238	NC_012156.1	6573
SRR27421013.200516	NC_012156.1	6507
SRR27421013.167980	NC_012156.1	6411
SRR27421013.126064	NC_012156.1	5430
SRR27421013.160660	NC_012156.1	6540
SRR27421013.278322	NC_012156.1	8373
SRR27421013.163064	NC_012156.1	5632
SRR27421013.164522	NC_012156.1	5645
SRR27421013.79868	NC_012156.1	8396
SRR27421013.256685	NC_012156.1	7775
SRR27421013.202387	NC_012156.1	6731
SRR27421013.253629	NC_012156.1	7348
SRR27421013.224169	NC_012156.1	5255
SRR27421013.41686	NC_012156.1	6562
SRR27421013.59555	NC_012156.1	5717
SRR27421013.210678	NC_012156.1	7267
SRR27421013.254259	NC_012156.1	5523
SRR27421013.58675	NC_012156.1	8056
SRR27421013.205541	NC_012156.1	5984
SRR27421013.90650	NC_012156.1	5326
SRR27421013.66457	NC_012156.1	5545
SRR27421013.115356	NC_012156.1	5392
SRR27421013.7770	NC_012156.1	5604
SRR27421013.130077	NC_012156.1	5412
SRR27421013.190072	NC_012156.1	5342
SRR27421013.161141	NC_012156.1	5309
SRR27421013.185628	NC_012156.1	5301
SRR27421013.37136	NC_012156.1	5428
SRR27421013.244205	NC_012156.1	5192
SRR27421013.284947	NC_012156.1	5215
SRR27421013.195	NC_012154.1	26002
SRR27421013.514	NC_012154.1	18617
SRR27421013.1063	NC_012154.1	24942
SRR27421013.1259	NC_012154.1	6380
SRR27421013.1589	NC_012154.1	6893
SRR27421013.1784	NC_012154.1	14469
SRR27421013.1964	NC_012154.1	7391
SRR27421013.2061	NC_012154.1	31535
SRR27421013.2509	NC_012154.1	24789
SRR27421013.2583	NC_012154.1	7125
SRR27421013.2866	NC_012154.1	28713
SRR27421013.2950	NC_012154.1	10431
SRR27421013.3021	NC_012154.1	13460
SRR27421013.3099	NC_012154.1	10761
SRR27421013.3188	NC_012154.1	31454
SRR27421013.3330	NC_012154.1	31193
SRR27421013.3518	NC_012154.1	13510
SRR27421013.3650	NC_012154.1	19707
SRR27421013.3694	NC_012154.1	21242
SRR27421013.4498	NC_012154.1	7826
SRR27421013.5428	NC_012154.1	7556
SRR27421013.5622	NC_012154.1	14946
SRR27421013.6149	NC_012154.1	10339
SRR27421013.6423	NC_012154.1	12706
SRR27421013.6453	NC_012154.1	11117
SRR27421013.7151	NC_012154.1	10663
SRR27421013.7530	NC_012154.1	15314
SRR27421013.7570	NC_012154.1	10517
SRR27421013.7941	NC_012154.1	23019
SRR27421013.8392	NC_012154.1	8730
SRR27421013.8429	NC_012154.1	13677
SRR27421013.8565	NC_012154.1	12909
SRR27421013.8581	NC_012154.1	12119
SRR27421013.8630	NC_012154.1	26009
SRR27421013.9106	NC_012154.1	26701
SRR27421013.9184	NC_012154.1	17211
SRR27421013.9211	NC_012154.1	23067
SRR27421013.9630	NC_012154.1	14473
SRR27421013.9876	NC_012154.1	14812
SRR27421013.10782	NC_012154.1	11408
SRR27421013.10952	NC_012154.1	9981
SRR27421013.11389	NC_012154.1	10237
SRR27421013.11543	NC_012154.1	20422
SRR27421013.11800	NC_012154.1	18502
SRR27421013.11891	NC_012154.1	23861
SRR27421013.11968	NC_012154.1	15061
SRR27421013.12220	NC_012154.1	13533
SRR27421013.12266	NC_012154.1	8902
SRR27421013.12274	NC_012154.1	8835
SRR27421013.12961	NC_012154.1	8384
SRR27421013.12963	NC_012154.1	31361
SRR27421013.13129	NC_012154.1	18672
SRR27421013.13742	NC_012154.1	10240
SRR27421013.13952	NC_012154.1	8320
SRR27421013.14419	NC_012154.1	14689
SRR27421013.15122	NC_012154.1	6418
SRR27421013.15331	NC_012154.1	13018
SRR27421013.15765	NC_012154.1	12371
SRR27421013.16625	NC_012154.1	13560
SRR27421013.16690	NC_012154.1	5094
SRR27421013.16873	NC_012154.1	19698
SRR27421013.16962	NC_012154.1	8268
SRR27421013.17017	NC_012154.1	9834
SRR27421013.17551	NC_012154.1	11657
SRR27421013.17991	NC_012154.1	6572
SRR27421013.18059	NC_012154.1	7033
SRR27421013.18071	NC_012154.1	9480
SRR27421013.18180	NC_012154.1	18041
SRR27421013.18477	NC_012154.1	24208
SRR27421013.18579	NC_012154.1	22373
SRR27421013.18748	NC_012154.1	10078
SRR27421013.18850	NC_012154.1	19609
SRR27421013.19429	NC_012154.1	15229
SRR27421013.19867	NC_012154.1	9358
SRR27421013.20005	NC_012154.1	16693
SRR27421013.20843	NC_012154.1	7445
SRR27421013.21341	NC_012154.1	27059
SRR27421013.21345	NC_012154.1	9637
SRR27421013.21347	NC_012154.1	11045
SRR27421013.22981	NC_012154.1	10706
SRR27421013.23043	NC_012154.1	14531
SRR27421013.23176	NC_012154.1	32411
SRR27421013.23199	NC_012154.1	10229
SRR27421013.23585	NC_012154.1	18398
SRR27421013.23603	NC_012154.1	23308
SRR27421013.23655	NC_012154.1	22336
SRR27421013.23764	NC_012154.1	14456
SRR27421013.24344	NC_012154.1	17365
SRR27421013.25726	NC_012154.1	10760
SRR27421013.25828	NC_012154.1	13828
SRR27421013.25846	NC_012154.1	17570
SRR27421013.26026	NC_012154.1	13251
SRR27421013.26154	NC_012154.1	21635
SRR27421013.26321	NC_012154.1	31167
SRR27421013.26451	NC_012154.1	11707
SRR27421013.26461	NC_012154.1	7975
SRR27421013.26657	NC_012154.1	14672
SRR27421013.26676	NC_012154.1	11513
SRR27421013.26822	NC_012154.1	5108
SRR27421013.27010	NC_012154.1	31442
SRR27421013.27398	NC_012154.1	27668
SRR27421013.27420	NC_012154.1	27667
SRR27421013.27436	NC_012154.1	29279
SRR27421013.27460	NC_012154.1	27024
SRR27421013.27538	NC_012154.1	30350
SRR27421013.27590	NC_012154.1	32001
SRR27421013.27785	NC_012154.1	30214
SRR27421013.27819	NC_012154.1	27698
SRR27421013.27874	NC_012154.1	30516
SRR27421013.27937	NC_012154.1	11039
SRR27421013.28094	NC_012154.1	30260
SRR27421013.28134	NC_012154.1	31374
SRR27421013.28142	NC_012154.1	20924
SRR27421013.28247	NC_012154.1	6454
SRR27421013.28358	NC_012154.1	5229
SRR27421013.28474	NC_012154.1	28072
SRR27421013.28510	NC_012154.1	6746
SRR27421013.28533	NC_012154.1	31738
SRR27421013.28645	NC_012154.1	31422
SRR27421013.28657	NC_012154.1	12774
SRR27421013.28672	NC_012154.1	19503
SRR27421013.28730	NC_012154.1	39584
SRR27421013.28770	NC_012154.1	13415
SRR27421013.29009	NC_012154.1	25493
SRR27421013.29176	NC_012154.1	6815
SRR27421013.29375	NC_012154.1	31742
SRR27421013.29510	NC_012154.1	23753
SRR27421013.29597	NC_012154.1	28434
SRR27421013.29727	NC_012154.1	20881
SRR27421013.30581	NC_012154.1	31670
SRR27421013.30828	NC_012154.1	14669
SRR27421013.31135	NC_012154.1	16402
SRR27421013.31293	NC_012154.1	24993
SRR27421013.31480	NC_012154.1	16948
SRR27421013.31865	NC_012154.1	13517
SRR27421013.32037	NC_012154.1	12077
SRR27421013.32250	NC_012154.1	5955
SRR27421013.32488	NC_012154.1	18620
SRR27421013.32768	NC_012154.1	6540
SRR27421013.32913	NC_012154.1	7585
SRR27421013.32919	NC_012154.1	12475
SRR27421013.33053	NC_012154.1	6231
SRR27421013.33792	NC_012154.1	7065
SRR27421013.33876	NC_012154.1	12180
SRR27421013.33974	NC_012154.1	7083
SRR27421013.35205	NC_012154.1	13686
SRR27421013.35709	NC_012154.1	8450
SRR27421013.35779	NC_012154.1	10680
SRR27421013.36333	NC_012154.1	12299
SRR27421013.36451	NC_012154.1	20235
SRR27421013.36670	NC_012154.1	15838
SRR27421013.36742	NC_012154.1	9287
SRR27421013.36921	NC_012154.1	31450
SRR27421013.37131	NC_012154.1	6235
SRR27421013.37273	NC_012154.1	17058
SRR27421013.37403	NC_012154.1	5258
SRR27421013.37434	NC_012154.1	31616
SRR27421013.37467	NC_012154.1	6048
SRR27421013.37714	NC_012154.1	32529
SRR27421013.37743	NC_012154.1	9314
SRR27421013.37810	NC_012154.1	6686
SRR27421013.37913	NC_012154.1	28057
SRR27421013.38060	NC_012154.1	31506
SRR27421013.38097	NC_012154.1	65119
SRR27421013.38303	NC_012154.1	31020
SRR27421013.38320	NC_012154.1	24186
SRR27421013.38483	NC_012154.1	41847
SRR27421013.38490	NC_012154.1	17467
SRR27421013.38494	NC_012154.1	30881
SRR27421013.38506	NC_012154.1	27166
SRR27421013.38529	NC_012154.1	14526
SRR27421013.38682	NC_012154.1	9249
SRR27421013.38783	NC_012154.1	32109
SRR27421013.39020	NC_012154.1	7892
SRR27421013.39144	NC_012154.1	21796
SRR27421013.39434	NC_012154.1	32717
SRR27421013.39529	NC_012154.1	32146
SRR27421013.39536	NC_012154.1	30335
SRR27421013.39566	NC_012154.1	11704
SRR27421013.39668	NC_012154.1	23473
SRR27421013.39681	NC_012154.1	27251
SRR27421013.39703	NC_012154.1	5081
SRR27421013.39905	NC_012154.1	37906
SRR27421013.39947	NC_012154.1	32552
SRR27421013.40135	NC_012154.1	21546
SRR27421013.40583	NC_012154.1	30349
SRR27421013.40609	NC_012154.1	5929
SRR27421013.41083	NC_012154.1	19212
SRR27421013.41101	NC_012154.1	28235
SRR27421013.41257	NC_012154.1	13651
SRR27421013.41428	NC_012154.1	15350
SRR27421013.41470	NC_012154.1	32083
SRR27421013.41473	NC_012154.1	9208
SRR27421013.41498	NC_012154.1	31800
SRR27421013.41508	NC_012154.1	24056
SRR27421013.41586	NC_012154.1	30544
SRR27421013.42033	NC_012154.1	22667
SRR27421013.42149	NC_012154.1	5649
SRR27421013.42167	NC_012154.1	31498
SRR27421013.42232	NC_012154.1	32444
SRR27421013.42538	NC_012154.1	32468
SRR27421013.42615	NC_012154.1	28127
SRR27421013.42696	NC_012154.1	31967
SRR27421013.42769	NC_012154.1	32347
SRR27421013.42821	NC_012154.1	12566
SRR27421013.42834	NC_012154.1	14467
SRR27421013.42991	NC_012154.1	20310
SRR27421013.43212	NC_012154.1	31218
SRR27421013.43216	NC_012154.1	31601
SRR27421013.43321	NC_012154.1	31663
SRR27421013.43326	NC_012154.1	11294
SRR27421013.43414	NC_012154.1	14642
SRR27421013.43498	NC_012154.1	32351
SRR27421013.43609	NC_012154.1	11088
SRR27421013.43640	NC_012154.1	31859
SRR27421013.43641	NC_012154.1	32263
SRR27421013.44343	NC_012154.1	11616
SRR27421013.46158	NC_012154.1	12151
SRR27421013.46256	NC_012154.1	5239
SRR27421013.47238	NC_012154.1	27433
SRR27421013.47290	NC_012154.1	31804
SRR27421013.47327	NC_012154.1	5622
SRR27421013.47401	NC_012154.1	25706
SRR27421013.47407	NC_012154.1	16440
SRR27421013.47422	NC_012154.1	29263
SRR27421013.47431	NC_012154.1	30641
SRR27421013.47564	NC_012154.1	21015
SRR27421013.47702	NC_012154.1	30956
SRR27421013.47764	NC_012154.1	30529
SRR27421013.47819	NC_012154.1	32487
SRR27421013.47837	NC_012154.1	30427
SRR27421013.47839	NC_012154.1	11523
SRR27421013.48124	NC_012154.1	26799
SRR27421013.48260	NC_012154.1	11663
SRR27421013.48302	NC_012154.1	13420
SRR27421013.48317	NC_012154.1	10736
SRR27421013.48519	NC_012154.1	30722
SRR27421013.48646	NC_012154.1	16972
SRR27421013.48648	NC_012154.1	32316
SRR27421013.48680	NC_012154.1	31841
SRR27421013.48781	NC_012154.1	17928
SRR27421013.48792	NC_012154.1	30584
SRR27421013.48812	NC_012154.1	11922
SRR27421013.48814	NC_012154.1	26588
SRR27421013.48912	NC_012154.1	31335
SRR27421013.48962	NC_012154.1	41804
SRR27421013.49081	NC_012154.1	32951
SRR27421013.49177	NC_012154.1	28677
SRR27421013.49347	NC_012154.1	27675
SRR27421013.49458	NC_012154.1	24617
SRR27421013.49469	NC_012154.1	30396
SRR27421013.49956	NC_012154.1	17272
SRR27421013.50125	NC_012154.1	30547
SRR27421013.50491	NC_012154.1	5983
SRR27421013.50544	NC_012154.1	31983
SRR27421013.50589	NC_012154.1	30900
SRR27421013.50798	NC_012154.1	14449
SRR27421013.51062	NC_012154.1	18535
SRR27421013.51319	NC_012154.1	17358
SRR27421013.51329	NC_012154.1	13298
SRR27421013.51373	NC_012154.1	11561
SRR27421013.52070	NC_012154.1	16370
SRR27421013.52213	NC_012154.1	12782
SRR27421013.52316	NC_012154.1	9906
SRR27421013.52487	NC_012154.1	6912
SRR27421013.52999	NC_012154.1	14050
SRR27421013.53159	NC_012154.1	6961
SRR27421013.53287	NC_012154.1	6903
SRR27421013.53374	NC_012154.1	31467
SRR27421013.53421	NC_012154.1	17454
SRR27421013.56046	NC_012154.1	8374
SRR27421013.57726	NC_012154.1	16561
SRR27421013.57805	NC_012154.1	8111
SRR27421013.58259	NC_012154.1	7439
SRR27421013.58279	NC_012154.1	20256
SRR27421013.59045	NC_012154.1	15359
SRR27421013.59482	NC_012154.1	16232
SRR27421013.59538	NC_012154.1	13575
SRR27421013.59568	NC_012154.1	17192
SRR27421013.59722	NC_012154.1	6798
SRR27421013.60009	NC_012154.1	9889
SRR27421013.60250	NC_012154.1	8265
SRR27421013.60345	NC_012154.1	16189
SRR27421013.60663	NC_012154.1	9804
SRR27421013.60758	NC_012154.1	10738
SRR27421013.61281	NC_012154.1	18980
SRR27421013.61501	NC_012154.1	11000
SRR27421013.62323	NC_012154.1	8298
SRR27421013.62443	NC_012154.1	17791
SRR27421013.62639	NC_012154.1	17012
SRR27421013.62873	NC_012154.1	9717
SRR27421013.62938	NC_012154.1	31237
SRR27421013.62939	NC_012154.1	13127
SRR27421013.63481	NC_012154.1	7317
SRR27421013.65144	NC_012154.1	12283
SRR27421013.65615	NC_012154.1	12125
SRR27421013.65978	NC_012154.1	7275
SRR27421013.67857	NC_012154.1	32232
SRR27421013.68282	NC_012154.1	28459
SRR27421013.68740	NC_012154.1	8299
SRR27421013.69427	NC_012154.1	16183
SRR27421013.69494	NC_012154.1	17654
SRR27421013.69812	NC_012154.1	6747
SRR27421013.69846	NC_012154.1	14491
SRR27421013.71398	NC_012154.1	13872
SRR27421013.71464	NC_012154.1	6796
SRR27421013.71882	NC_012154.1	8735
SRR27421013.71918	NC_012154.1	10172
SRR27421013.71950	NC_012154.1	21368
SRR27421013.72047	NC_012154.1	20576
SRR27421013.72469	NC_012154.1	18123
SRR27421013.72964	NC_012154.1	8370
SRR27421013.73605	NC_012154.1	19183
SRR27421013.73890	NC_012154.1	32074
SRR27421013.73972	NC_012154.1	10625
SRR27421013.74017	NC_012154.1	31406
SRR27421013.74157	NC_012154.1	21158
SRR27421013.74743	NC_012154.1	29029
SRR27421013.74815	NC_012154.1	30607
SRR27421013.74892	NC_012154.1	31875
SRR27421013.75238	NC_012154.1	31747
SRR27421013.75328	NC_012154.1	19458
SRR27421013.75357	NC_012154.1	30527
SRR27421013.75378	NC_012154.1	30331
SRR27421013.75450	NC_012154.1	33171
SRR27421013.75597	NC_012154.1	6154
SRR27421013.75712	NC_012154.1	32384
SRR27421013.75875	NC_012154.1	7010
SRR27421013.76200	NC_012154.1	28160
SRR27421013.76301	NC_012154.1	31542
SRR27421013.76449	NC_012154.1	10289
SRR27421013.76572	NC_012154.1	31360
SRR27421013.76663	NC_012154.1	31527
SRR27421013.76669	NC_012154.1	27347
SRR27421013.76722	NC_012154.1	32333
SRR27421013.76865	NC_012154.1	12083
SRR27421013.76924	NC_012154.1	31642
SRR27421013.77206	NC_012154.1	31841
SRR27421013.77469	NC_012154.1	32646
SRR27421013.77543	NC_012154.1	38504
SRR27421013.78017	NC_012154.1	13078
SRR27421013.78137	NC_012154.1	29070
SRR27421013.78594	NC_012154.1	6130
SRR27421013.79142	NC_012154.1	15801
SRR27421013.79688	NC_012154.1	10206
SRR27421013.80048	NC_012154.1	8308
SRR27421013.80314	NC_012154.1	10640
SRR27421013.80401	NC_012154.1	7926
SRR27421013.80608	NC_012154.1	20343
SRR27421013.81217	NC_012154.1	30516
SRR27421013.81273	NC_012154.1	28513
SRR27421013.81296	NC_012154.1	31602
SRR27421013.81680	NC_012154.1	31083
SRR27421013.82068	NC_012154.1	31453
SRR27421013.82345	NC_012154.1	31992
SRR27421013.82480	NC_012154.1	7263
SRR27421013.82507	NC_012154.1	28995
SRR27421013.82623	NC_012154.1	38669
SRR27421013.82703	NC_012154.1	40926
SRR27421013.82924	NC_012154.1	31538
SRR27421013.83080	NC_012154.1	17052
SRR27421013.83248	NC_012154.1	31469
SRR27421013.83310	NC_012154.1	14383
SRR27421013.83595	NC_012154.1	31027
SRR27421013.83673	NC_012154.1	15587
SRR27421013.83800	NC_012154.1	5790
SRR27421013.83816	NC_012154.1	32339
SRR27421013.83823	NC_012154.1	32007
SRR27421013.83892	NC_012154.1	29552
SRR27421013.84212	NC_012154.1	30389
SRR27421013.84256	NC_012154.1	32339
SRR27421013.84619	NC_012154.1	12270
SRR27421013.85125	NC_012154.1	20727
SRR27421013.85701	NC_012154.1	5385
SRR27421013.86220	NC_012154.1	7902
SRR27421013.86327	NC_012154.1	12936
SRR27421013.86662	NC_012154.1	8610
SRR27421013.86710	NC_012154.1	17262
SRR27421013.87218	NC_012154.1	23573
SRR27421013.87880	NC_012154.1	29940
SRR27421013.88156	NC_012154.1	23439
SRR27421013.89216	NC_012154.1	16325
SRR27421013.89466	NC_012154.1	20638
SRR27421013.89620	NC_012154.1	23969
SRR27421013.89710	NC_012154.1	31386
SRR27421013.90041	NC_012154.1	14719
SRR27421013.90321	NC_012154.1	13565
SRR27421013.90894	NC_012154.1	20520
SRR27421013.90947	NC_012154.1	32397
SRR27421013.91033	NC_012154.1	8068
SRR27421013.91072	NC_012154.1	16223
SRR27421013.91173	NC_012154.1	15100
SRR27421013.92775	NC_012154.1	10198
SRR27421013.93426	NC_012154.1	12683
SRR27421013.94191	NC_012154.1	10845
SRR27421013.94232	NC_012154.1	20597
SRR27421013.94768	NC_012154.1	32296
SRR27421013.94816	NC_012154.1	7097
SRR27421013.94832	NC_012154.1	16259
SRR27421013.95098	NC_012154.1	32101
SRR27421013.95160	NC_012154.1	32383
SRR27421013.95206	NC_012154.1	7177
SRR27421013.95350	NC_012154.1	29074
SRR27421013.95464	NC_012154.1	21950
SRR27421013.95467	NC_012154.1	27663
SRR27421013.95512	NC_012154.1	26304
SRR27421013.95835	NC_012154.1	13095
SRR27421013.96555	NC_012154.1	31804
SRR27421013.96725	NC_012154.1	31067
SRR27421013.96777	NC_012154.1	31593
SRR27421013.96859	NC_012154.1	31776
SRR27421013.97156	NC_012154.1	34443
SRR27421013.97173	NC_012154.1	32033
SRR27421013.97224	NC_012154.1	31875
SRR27421013.97270	NC_012154.1	6234
SRR27421013.97485	NC_012154.1	21334
SRR27421013.97608	NC_012154.1	31854
SRR27421013.97705	NC_012154.1	20002
SRR27421013.97781	NC_012154.1	62524
SRR27421013.97793	NC_012154.1	40991
SRR27421013.97809	NC_012154.1	27270
SRR27421013.98208	NC_012154.1	31938
SRR27421013.98403	NC_012154.1	32207
SRR27421013.98493	NC_012154.1	11397
SRR27421013.98755	NC_012154.1	31398
SRR27421013.98870	NC_012154.1	31573
SRR27421013.98885	NC_012154.1	21283
SRR27421013.98928	NC_012154.1	31626
SRR27421013.98929	NC_012154.1	31114
SRR27421013.98939	NC_012154.1	8050
SRR27421013.99271	NC_012154.1	31834
SRR27421013.99308	NC_012154.1	31393
SRR27421013.99660	NC_012154.1	12399
SRR27421013.99823	NC_012154.1	40314
SRR27421013.99835	NC_012154.1	31908
SRR27421013.99864	NC_012154.1	32057
SRR27421013.99918	NC_012154.1	31626
SRR27421013.99968	NC_012154.1	30837
SRR27421013.100235	NC_012154.1	32871
SRR27421013.100348	NC_012154.1	19701
SRR27421013.100374	NC_012154.1	31900
SRR27421013.100582	NC_012154.1	31752
SRR27421013.100606	NC_012154.1	33098
SRR27421013.100873	NC_012154.1	9236
SRR27421013.101014	NC_012154.1	32223
SRR27421013.101311	NC_012154.1	29930
SRR27421013.101455	NC_012154.1	32359
SRR27421013.101533	NC_012154.1	31048
SRR27421013.101592	NC_012154.1	23438
SRR27421013.101721	NC_012154.1	26391
SRR27421013.101829	NC_012154.1	31933
SRR27421013.101842	NC_012154.1	27699
SRR27421013.101974	NC_012154.1	30416
SRR27421013.102043	NC_012154.1	7334
SRR27421013.102093	NC_012154.1	17656
SRR27421013.102347	NC_012154.1	27862
SRR27421013.102375	NC_012154.1	11209
SRR27421013.102687	NC_012154.1	10808
SRR27421013.102944	NC_012154.1	21308
SRR27421013.103128	NC_012154.1	32378
SRR27421013.103474	NC_012154.1	31993
SRR27421013.103523	NC_012154.1	21156
SRR27421013.103577	NC_012154.1	32058
SRR27421013.103719	NC_012154.1	7211
SRR27421013.103745	NC_012154.1	31324
SRR27421013.104263	NC_012154.1	32050
SRR27421013.104297	NC_012154.1	31014
SRR27421013.104442	NC_012154.1	27186
SRR27421013.104519	NC_012154.1	30847
SRR27421013.104829	NC_012154.1	26869
SRR27421013.104908	NC_012154.1	17653
SRR27421013.105317	NC_012154.1	11162
SRR27421013.105520	NC_012154.1	8519
SRR27421013.105527	NC_012154.1	27935
SRR27421013.105540	NC_012154.1	27988
SRR27421013.105577	NC_012154.1	28515
SRR27421013.105714	NC_012154.1	10472
SRR27421013.105760	NC_012154.1	30511
SRR27421013.105815	NC_012154.1	31041
SRR27421013.105890	NC_012154.1	10930
SRR27421013.105924	NC_012154.1	32032
SRR27421013.105947	NC_012154.1	15419
SRR27421013.105979	NC_012154.1	31895
SRR27421013.106046	NC_012154.1	31437
SRR27421013.106145	NC_012154.1	30401
SRR27421013.106347	NC_012154.1	32407
SRR27421013.106432	NC_012154.1	32420
SRR27421013.106493	NC_012154.1	30397
SRR27421013.106579	NC_012154.1	32637
SRR27421013.106599	NC_012154.1	9062
SRR27421013.106686	NC_012154.1	32112
SRR27421013.106806	NC_012154.1	27977
SRR27421013.106949	NC_012154.1	32361
SRR27421013.107167	NC_012154.1	31915
SRR27421013.107255	NC_012154.1	30484
SRR27421013.107280	NC_012154.1	31843
SRR27421013.107287	NC_012154.1	32571
SRR27421013.107400	NC_012154.1	29154
SRR27421013.107501	NC_012154.1	32036
SRR27421013.107570	NC_012154.1	30306
SRR27421013.107674	NC_012154.1	27639
SRR27421013.107706	NC_012154.1	19169
SRR27421013.107780	NC_012154.1	21748
SRR27421013.107825	NC_012154.1	26946
SRR27421013.107872	NC_012154.1	24104
SRR27421013.107911	NC_012154.1	41955
SRR27421013.107981	NC_012154.1	63700
SRR27421013.108051	NC_012154.1	31809
SRR27421013.108309	NC_012154.1	6863
SRR27421013.108312	NC_012154.1	7946
SRR27421013.109235	NC_012154.1	12927
SRR27421013.109831	NC_012154.1	31790
SRR27421013.109890	NC_012154.1	23708
SRR27421013.110629	NC_012154.1	7627
SRR27421013.110814	NC_012154.1	7785
SRR27421013.110845	NC_012154.1	14403
SRR27421013.112265	NC_012154.1	8808
SRR27421013.112581	NC_012154.1	10113
SRR27421013.113384	NC_012154.1	14297
SRR27421013.114124	NC_012154.1	10240
SRR27421013.114390	NC_012154.1	17118
SRR27421013.114830	NC_012154.1	15675
SRR27421013.115874	NC_012154.1	15495
SRR27421013.116521	NC_012154.1	8003
SRR27421013.117716	NC_012154.1	8402
SRR27421013.118708	NC_012154.1	30948
SRR27421013.118734	NC_012154.1	31248
SRR27421013.118779	NC_012154.1	33769
SRR27421013.118904	NC_012154.1	30412
SRR27421013.119298	NC_012154.1	23399
SRR27421013.119560	NC_012154.1	16084
SRR27421013.119565	NC_012154.1	12046
SRR27421013.119853	NC_012154.1	31079
SRR27421013.119928	NC_012154.1	21566
SRR27421013.120159	NC_012154.1	31504
SRR27421013.120503	NC_012154.1	14465
SRR27421013.120564	NC_012154.1	31566
SRR27421013.120590	NC_012154.1	31900
SRR27421013.120606	NC_012154.1	13815
SRR27421013.120818	NC_012154.1	28136
SRR27421013.120852	NC_012154.1	31927
SRR27421013.120857	NC_012154.1	23882
SRR27421013.121057	NC_012154.1	32572
SRR27421013.121086	NC_012154.1	32861
SRR27421013.121199	NC_012154.1	32901
SRR27421013.121266	NC_012154.1	28273
SRR27421013.121458	NC_012154.1	30751
SRR27421013.121525	NC_012154.1	25576
SRR27421013.121651	NC_012154.1	28310
SRR27421013.121811	NC_012154.1	23365
SRR27421013.121898	NC_012154.1	18734
SRR27421013.121910	NC_012154.1	5750
SRR27421013.121933	NC_012154.1	25145
SRR27421013.121959	NC_012154.1	31912
SRR27421013.122141	NC_012154.1	28263
SRR27421013.122229	NC_012154.1	32185
SRR27421013.122465	NC_012154.1	21465
SRR27421013.122617	NC_012154.1	32417
SRR27421013.122728	NC_012154.1	18858
SRR27421013.122995	NC_012154.1	27717
SRR27421013.123196	NC_012154.1	29409
SRR27421013.123251	NC_012154.1	32183
SRR27421013.123330	NC_012154.1	33694
SRR27421013.123347	NC_012154.1	28229
SRR27421013.123459	NC_012154.1	28613
SRR27421013.123601	NC_012154.1	29786
SRR27421013.123632	NC_012154.1	16586
SRR27421013.123738	NC_012154.1	26864
SRR27421013.123778	NC_012154.1	27621
SRR27421013.123840	NC_012154.1	29477
SRR27421013.123939	NC_012154.1	28536
SRR27421013.123969	NC_012154.1	32005
SRR27421013.124002	NC_012154.1	12999
SRR27421013.124132	NC_012154.1	8317
SRR27421013.124348	NC_012154.1	19359
SRR27421013.124511	NC_012154.1	30777
SRR27421013.124612	NC_012154.1	31607
SRR27421013.124730	NC_012154.1	29402
SRR27421013.124738	NC_012154.1	5077
SRR27421013.124962	NC_012154.1	30383
SRR27421013.125135	NC_012154.1	30354
SRR27421013.125232	NC_012154.1	13911
SRR27421013.125301	NC_012154.1	37075
SRR27421013.125930	NC_012154.1	20459
SRR27421013.126076	NC_012154.1	17771
SRR27421013.126112	NC_012154.1	14861
SRR27421013.126395	NC_012154.1	10603
SRR27421013.126906	NC_012154.1	12128
SRR27421013.127006	NC_012154.1	14058
SRR27421013.127147	NC_012154.1	13393
SRR27421013.127155	NC_012154.1	31452
SRR27421013.127435	NC_012154.1	8813
SRR27421013.127568	NC_012154.1	16886
SRR27421013.128086	NC_012154.1	15919
SRR27421013.128514	NC_012154.1	13101
SRR27421013.128776	NC_012154.1	31631
SRR27421013.128794	NC_012154.1	12828
SRR27421013.128841	NC_012154.1	31961
SRR27421013.129154	NC_012154.1	31730
SRR27421013.129328	NC_012154.1	32226
SRR27421013.129354	NC_012154.1	32289
SRR27421013.129477	NC_012154.1	32080
SRR27421013.130028	NC_012154.1	28636
SRR27421013.130079	NC_012154.1	17200
SRR27421013.130426	NC_012154.1	10647
SRR27421013.130568	NC_012154.1	32246
SRR27421013.130579	NC_012154.1	31243
SRR27421013.130647	NC_012154.1	43598
SRR27421013.130693	NC_012154.1	30375
SRR27421013.130791	NC_012154.1	18814
SRR27421013.130964	NC_012154.1	23642
SRR27421013.131009	NC_012154.1	6244
SRR27421013.131100	NC_012154.1	32450
SRR27421013.131167	NC_012154.1	33309
SRR27421013.131337	NC_012154.1	32108
SRR27421013.131525	NC_012154.1	31892
SRR27421013.131716	NC_012154.1	32294
SRR27421013.131738	NC_012154.1	30517
SRR27421013.131754	NC_012154.1	7095
SRR27421013.131810	NC_012154.1	31714
SRR27421013.131818	NC_012154.1	24635
SRR27421013.131994	NC_012154.1	12407
SRR27421013.132155	NC_012154.1	19942
SRR27421013.132431	NC_012154.1	14037
SRR27421013.132827	NC_012154.1	11696
SRR27421013.132884	NC_012154.1	23107
SRR27421013.133361	NC_012154.1	6522
SRR27421013.133875	NC_012154.1	14680
SRR27421013.134226	NC_012154.1	10384
SRR27421013.134636	NC_012154.1	8226
SRR27421013.135176	NC_012154.1	16932
SRR27421013.135538	NC_012154.1	22979
SRR27421013.135637	NC_012154.1	26318
SRR27421013.135894	NC_012154.1	20152
SRR27421013.136059	NC_012154.1	30951
SRR27421013.136160	NC_012154.1	32059
SRR27421013.136227	NC_012154.1	30421
SRR27421013.136243	NC_012154.1	55086
SRR27421013.136481	NC_012154.1	23636
SRR27421013.136495	NC_012154.1	32146
SRR27421013.136836	NC_012154.1	13792
SRR27421013.136935	NC_012154.1	5486
SRR27421013.136952	NC_012154.1	9786
SRR27421013.137002	NC_012154.1	27554
SRR27421013.137037	NC_012154.1	27188
SRR27421013.137064	NC_012154.1	41663
SRR27421013.137133	NC_012154.1	27756
SRR27421013.137220	NC_012154.1	32064
SRR27421013.137308	NC_012154.1	30437
SRR27421013.137321	NC_012154.1	28310
SRR27421013.137419	NC_012154.1	9211
SRR27421013.137435	NC_012154.1	31403
SRR27421013.137580	NC_012154.1	48542
SRR27421013.137654	NC_012154.1	31397
SRR27421013.137699	NC_012154.1	31549
SRR27421013.137739	NC_012154.1	30428
SRR27421013.137783	NC_012154.1	31837
SRR27421013.138008	NC_012154.1	31918
SRR27421013.138186	NC_012154.1	6378
SRR27421013.138283	NC_012154.1	25311
SRR27421013.138461	NC_012154.1	22179
SRR27421013.138939	NC_012154.1	22472
SRR27421013.139030	NC_012154.1	12452
SRR27421013.139067	NC_012154.1	12023
SRR27421013.140340	NC_012154.1	22259
SRR27421013.140867	NC_012154.1	13747
SRR27421013.141631	NC_012154.1	16948
SRR27421013.141849	NC_012154.1	17929
SRR27421013.142023	NC_012154.1	11353
SRR27421013.142075	NC_012154.1	8766
SRR27421013.142325	NC_012154.1	21689
SRR27421013.142459	NC_012154.1	15036
SRR27421013.142685	NC_012154.1	8558
SRR27421013.142743	NC_012154.1	9519
SRR27421013.142845	NC_012154.1	11000
SRR27421013.143246	NC_012154.1	5683
SRR27421013.143305	NC_012154.1	8963
SRR27421013.143535	NC_012154.1	13111
SRR27421013.144126	NC_012154.1	10278
SRR27421013.144702	NC_012154.1	14987
SRR27421013.144709	NC_012154.1	27555
SRR27421013.144781	NC_012154.1	11095
SRR27421013.144898	NC_012154.1	20799
SRR27421013.144964	NC_012154.1	9521
SRR27421013.145035	NC_012154.1	19893
SRR27421013.145389	NC_012154.1	32151
SRR27421013.145427	NC_012154.1	14029
SRR27421013.145664	NC_012154.1	19694
SRR27421013.145670	NC_012154.1	31782
SRR27421013.145775	NC_012154.1	32173
SRR27421013.145777	NC_012154.1	38524
SRR27421013.145821	NC_012154.1	31631
SRR27421013.145839	NC_012154.1	32202
SRR27421013.145867	NC_012154.1	46637
SRR27421013.145908	NC_012154.1	30218
SRR27421013.145910	NC_012154.1	27810
SRR27421013.145957	NC_012154.1	19911
SRR27421013.145972	NC_012154.1	15583
SRR27421013.146042	NC_012154.1	32355
SRR27421013.146109	NC_012154.1	22198
SRR27421013.146117	NC_012154.1	32159
SRR27421013.146122	NC_012154.1	27851
SRR27421013.146215	NC_012154.1	32078
SRR27421013.146250	NC_012154.1	31798
SRR27421013.146377	NC_012154.1	13295
SRR27421013.146866	NC_012154.1	9090
SRR27421013.146872	NC_012154.1	28273
SRR27421013.146944	NC_012154.1	30943
SRR27421013.146960	NC_012154.1	10476
SRR27421013.146972	NC_012154.1	33022
SRR27421013.147090	NC_012154.1	24313
SRR27421013.147099	NC_012154.1	25246
SRR27421013.147115	NC_012154.1	28570
SRR27421013.147191	NC_012154.1	28258
SRR27421013.147366	NC_012154.1	32527
SRR27421013.147368	NC_012154.1	26685
SRR27421013.147420	NC_012154.1	32345
SRR27421013.147493	NC_012154.1	32619
SRR27421013.147514	NC_012154.1	41478
SRR27421013.147576	NC_012154.1	27770
SRR27421013.147601	NC_012154.1	30487
SRR27421013.147627	NC_012154.1	7437
SRR27421013.147648	NC_012154.1	28028
SRR27421013.147725	NC_012154.1	32420
SRR27421013.147803	NC_012154.1	30041
SRR27421013.147896	NC_012154.1	27151
SRR27421013.147920	NC_012154.1	30492
SRR27421013.147946	NC_012154.1	27119
SRR27421013.147950	NC_012154.1	39032
SRR27421013.147985	NC_012154.1	9315
SRR27421013.147986	NC_012154.1	69702
SRR27421013.148029	NC_012154.1	32648
SRR27421013.148108	NC_012154.1	30566
SRR27421013.148122	NC_012154.1	29508
SRR27421013.148188	NC_012154.1	25231
SRR27421013.148233	NC_012154.1	35746
SRR27421013.148287	NC_012154.1	27308
SRR27421013.148339	NC_012154.1	32491
SRR27421013.148340	NC_012154.1	27360
SRR27421013.148402	NC_012154.1	7707
SRR27421013.148426	NC_012154.1	31161
SRR27421013.148445	NC_012154.1	10379
SRR27421013.148516	NC_012154.1	31801
SRR27421013.148602	NC_012154.1	27584
SRR27421013.148605	NC_012154.1	23832
SRR27421013.148711	NC_012154.1	10254
SRR27421013.148743	NC_012154.1	18329
SRR27421013.149071	NC_012154.1	17833
SRR27421013.149156	NC_012154.1	11506
SRR27421013.149483	NC_012154.1	8354
SRR27421013.149648	NC_012154.1	7084
SRR27421013.149688	NC_012154.1	9144
SRR27421013.150105	NC_012154.1	10445
SRR27421013.150644	NC_012154.1	6470
SRR27421013.151376	NC_012154.1	22832
SRR27421013.151755	NC_012154.1	7623
SRR27421013.152020	NC_012154.1	9071
SRR27421013.152938	NC_012154.1	6236
SRR27421013.154116	NC_012154.1	31111
SRR27421013.154278	NC_012154.1	19520
SRR27421013.154908	NC_012154.1	11301
SRR27421013.154943	NC_012154.1	32025
SRR27421013.155326	NC_012154.1	11176
SRR27421013.155526	NC_012154.1	10385
SRR27421013.155669	NC_012154.1	31814
SRR27421013.155772	NC_012154.1	29422
SRR27421013.155935	NC_012154.1	32507
SRR27421013.155936	NC_012154.1	28444
SRR27421013.155990	NC_012154.1	31535
SRR27421013.156013	NC_012154.1	29317
SRR27421013.156168	NC_012154.1	27982
SRR27421013.156226	NC_012154.1	9126
SRR27421013.156281	NC_012154.1	14543
SRR27421013.156413	NC_012154.1	8297
SRR27421013.156421	NC_012154.1	28553
SRR27421013.156502	NC_012154.1	30366
SRR27421013.156544	NC_012154.1	15717
SRR27421013.156562	NC_012154.1	15734
SRR27421013.156654	NC_012154.1	30997
SRR27421013.156700	NC_012154.1	31887
SRR27421013.157225	NC_012154.1	9392
SRR27421013.157331	NC_012154.1	10029
SRR27421013.157380	NC_012154.1	27730
SRR27421013.158204	NC_012154.1	30484
SRR27421013.158260	NC_012154.1	10886
SRR27421013.158301	NC_012154.1	28330
SRR27421013.158651	NC_012154.1	16640
SRR27421013.158887	NC_012154.1	6225
SRR27421013.159126	NC_012154.1	15669
SRR27421013.159741	NC_012154.1	14023
SRR27421013.160098	NC_012154.1	18277
SRR27421013.160254	NC_012154.1	10623
SRR27421013.160376	NC_012154.1	18471
SRR27421013.160700	NC_012154.1	6648
SRR27421013.160730	NC_012154.1	17435
SRR27421013.160739	NC_012154.1	17362
SRR27421013.160880	NC_012154.1	15265
SRR27421013.161356	NC_012154.1	7325
SRR27421013.161381	NC_012154.1	24771
SRR27421013.161414	NC_012154.1	32094
SRR27421013.161510	NC_012154.1	9825
SRR27421013.161562	NC_012154.1	7730
SRR27421013.161671	NC_012154.1	7652
SRR27421013.161906	NC_012154.1	12870
SRR27421013.162012	NC_012154.1	8168
SRR27421013.162060	NC_012154.1	30446
SRR27421013.162095	NC_012154.1	5658
SRR27421013.162146	NC_012154.1	25118
SRR27421013.162221	NC_012154.1	32476
SRR27421013.162271	NC_012154.1	28102
SRR27421013.162424	NC_012154.1	31870
SRR27421013.162563	NC_012154.1	31868
SRR27421013.162678	NC_012154.1	27381
SRR27421013.162783	NC_012154.1	31891
SRR27421013.162789	NC_012154.1	18824
SRR27421013.162912	NC_012154.1	30583
SRR27421013.163018	NC_012154.1	25280
SRR27421013.163050	NC_012154.1	28438
SRR27421013.163277	NC_012154.1	32329
SRR27421013.163642	NC_012154.1	31976
SRR27421013.163674	NC_012154.1	30684
SRR27421013.163752	NC_012154.1	32342
SRR27421013.163806	NC_012154.1	28547
SRR27421013.164036	NC_012154.1	20320
SRR27421013.164116	NC_012154.1	28204
SRR27421013.164171	NC_012154.1	24798
SRR27421013.164305	NC_012154.1	7195
SRR27421013.164324	NC_012154.1	32099
SRR27421013.164357	NC_012154.1	26821
SRR27421013.164387	NC_012154.1	35298
SRR27421013.164507	NC_012154.1	28446
SRR27421013.164575	NC_012154.1	31844
SRR27421013.164619	NC_012154.1	17971
SRR27421013.164692	NC_012154.1	26902
SRR27421013.164838	NC_012154.1	27021
SRR27421013.164925	NC_012154.1	36740
SRR27421013.165125	NC_012154.1	26237
SRR27421013.165147	NC_012154.1	27018
SRR27421013.165154	NC_012154.1	32641
SRR27421013.166015	NC_012154.1	11099
SRR27421013.166094	NC_012154.1	11134
SRR27421013.166432	NC_012154.1	16072
SRR27421013.166531	NC_012154.1	16128
SRR27421013.166557	NC_012154.1	11734
SRR27421013.166684	NC_012154.1	23836
SRR27421013.167038	NC_012154.1	10819
SRR27421013.167391	NC_012154.1	22310
SRR27421013.167977	NC_012154.1	8563
SRR27421013.168176	NC_012154.1	20113
SRR27421013.168270	NC_012154.1	19943
SRR27421013.168296	NC_012154.1	19079
SRR27421013.169040	NC_012154.1	9705
SRR27421013.169618	NC_012154.1	7120
SRR27421013.169752	NC_012154.1	25122
SRR27421013.171035	NC_012154.1	12370
SRR27421013.171089	NC_012154.1	21129
SRR27421013.171279	NC_012154.1	14030
SRR27421013.171316	NC_012154.1	5695
SRR27421013.172039	NC_012154.1	5379
SRR27421013.172110	NC_012154.1	28523
SRR27421013.172118	NC_012154.1	29252
SRR27421013.172189	NC_012154.1	5547
SRR27421013.172248	NC_012154.1	32422
SRR27421013.172453	NC_012154.1	29605
SRR27421013.172470	NC_012154.1	31631
SRR27421013.172739	NC_012154.1	15433
SRR27421013.172763	NC_012154.1	24748
SRR27421013.172870	NC_012154.1	28066
SRR27421013.172907	NC_012154.1	31717
SRR27421013.173046	NC_012154.1	14090
SRR27421013.173116	NC_012154.1	24878
SRR27421013.173151	NC_012154.1	7491
SRR27421013.173187	NC_012154.1	13643
SRR27421013.173666	NC_012154.1	21637
SRR27421013.173707	NC_012154.1	30679
SRR27421013.173911	NC_012154.1	58054
SRR27421013.174043	NC_012154.1	24872
SRR27421013.174064	NC_012154.1	21770
SRR27421013.174368	NC_012154.1	33338
SRR27421013.174398	NC_012154.1	27686
SRR27421013.174421	NC_012154.1	14487
SRR27421013.174557	NC_012154.1	31616
SRR27421013.174566	NC_012154.1	31815
SRR27421013.174638	NC_012154.1	23174
SRR27421013.174817	NC_012154.1	31982
SRR27421013.174881	NC_012154.1	23101
SRR27421013.174994	NC_012154.1	7821
SRR27421013.175203	NC_012154.1	14227
SRR27421013.175216	NC_012154.1	31133
SRR27421013.175225	NC_012154.1	11628
SRR27421013.175249	NC_012154.1	13290
SRR27421013.175374	NC_012154.1	31570
SRR27421013.175420	NC_012154.1	32332
SRR27421013.175704	NC_012154.1	14359
SRR27421013.175896	NC_012154.1	12553
SRR27421013.176187	NC_012154.1	13162
SRR27421013.177135	NC_012154.1	30347
SRR27421013.178063	NC_012154.1	17686
SRR27421013.178165	NC_012154.1	8642
SRR27421013.178551	NC_012154.1	13861
SRR27421013.178920	NC_012154.1	29819
SRR27421013.178989	NC_012154.1	31242
SRR27421013.179344	NC_012154.1	13738
SRR27421013.179396	NC_012154.1	36840
SRR27421013.180506	NC_012154.1	21744
SRR27421013.180633	NC_012154.1	7665
SRR27421013.180978	NC_012154.1	30673
SRR27421013.181092	NC_012154.1	26972
SRR27421013.181523	NC_012154.1	16254
SRR27421013.181943	NC_012154.1	28220
SRR27421013.182172	NC_012154.1	32674
SRR27421013.182970	NC_012154.1	8247
SRR27421013.183452	NC_012154.1	11032
SRR27421013.184704	NC_012154.1	28297
SRR27421013.185192	NC_012154.1	31826
SRR27421013.185550	NC_012154.1	13818
SRR27421013.185689	NC_012154.1	12544
SRR27421013.186433	NC_012154.1	7403
SRR27421013.186554	NC_012154.1	7079
SRR27421013.189141	NC_012154.1	6837
SRR27421013.189508	NC_012154.1	12044
SRR27421013.189742	NC_012154.1	21776
SRR27421013.189849	NC_012154.1	11250
SRR27421013.189915	NC_012154.1	11008
SRR27421013.189941	NC_012154.1	5552
SRR27421013.190182	NC_012154.1	13520
SRR27421013.190644	NC_012154.1	6571
SRR27421013.191147	NC_012154.1	31580
SRR27421013.191321	NC_012154.1	21175
SRR27421013.191364	NC_012154.1	11256
SRR27421013.191532	NC_012154.1	22612
SRR27421013.192015	NC_012154.1	6326
SRR27421013.192479	NC_012154.1	30529
SRR27421013.192526	NC_012154.1	38135
SRR27421013.192536	NC_012154.1	32309
SRR27421013.192603	NC_012154.1	9278
SRR27421013.192609	NC_012154.1	32235
SRR27421013.192756	NC_012154.1	31730
SRR27421013.192888	NC_012154.1	31694
SRR27421013.192921	NC_012154.1	32162
SRR27421013.192996	NC_012154.1	32329
SRR27421013.193067	NC_012154.1	31206
SRR27421013.193073	NC_012154.1	32401
SRR27421013.193074	NC_012154.1	31733
SRR27421013.193128	NC_012154.1	31412
SRR27421013.193140	NC_012154.1	32062
SRR27421013.193148	NC_012154.1	25572
SRR27421013.193290	NC_012154.1	27380
SRR27421013.193404	NC_012154.1	13047
SRR27421013.193540	NC_012154.1	31883
SRR27421013.193579	NC_012154.1	27258
SRR27421013.193606	NC_012154.1	23523
SRR27421013.193646	NC_012154.1	13108
SRR27421013.193650	NC_012154.1	36346
SRR27421013.193746	NC_012154.1	30555
SRR27421013.193750	NC_012154.1	32314
SRR27421013.193824	NC_012154.1	33441
SRR27421013.193845	NC_012154.1	31321
SRR27421013.193925	NC_012154.1	20412
SRR27421013.193954	NC_012154.1	27317
SRR27421013.193971	NC_012154.1	27821
SRR27421013.193990	NC_012154.1	28493
SRR27421013.194026	NC_012154.1	25383
SRR27421013.194058	NC_012154.1	31875
SRR27421013.194097	NC_012154.1	13070
SRR27421013.194140	NC_012154.1	31282
SRR27421013.194326	NC_012154.1	31475
SRR27421013.194371	NC_012154.1	27855
SRR27421013.194418	NC_012154.1	31496
SRR27421013.194445	NC_012154.1	27905
SRR27421013.194464	NC_012154.1	30467
SRR27421013.194615	NC_012154.1	32964
SRR27421013.194706	NC_012154.1	12764
SRR27421013.194773	NC_012154.1	27658
SRR27421013.194855	NC_012154.1	28050
SRR27421013.194992	NC_012154.1	28630
SRR27421013.195102	NC_012154.1	31663
SRR27421013.195130	NC_012154.1	28781
SRR27421013.195186	NC_012154.1	31535
SRR27421013.195203	NC_012154.1	20660
SRR27421013.195538	NC_012154.1	31997
SRR27421013.195575	NC_012154.1	14997
SRR27421013.195576	NC_012154.1	31707
SRR27421013.195836	NC_012154.1	33032
SRR27421013.195852	NC_012154.1	32640
SRR27421013.195880	NC_012154.1	32177
SRR27421013.195888	NC_012154.1	28632
SRR27421013.196109	NC_012154.1	13810
SRR27421013.196390	NC_012154.1	9466
SRR27421013.196478	NC_012154.1	10706
SRR27421013.197088	NC_012154.1	7487
SRR27421013.197119	NC_012154.1	17241
SRR27421013.197191	NC_012154.1	17678
SRR27421013.199185	NC_012154.1	32377
SRR27421013.199762	NC_012154.1	5680
SRR27421013.199859	NC_012154.1	11389
SRR27421013.199896	NC_012154.1	8510
SRR27421013.199936	NC_012154.1	23344
SRR27421013.200258	NC_012154.1	7589
SRR27421013.200750	NC_012154.1	20591
SRR27421013.201041	NC_012154.1	5647
SRR27421013.201286	NC_012154.1	28564
SRR27421013.201340	NC_012154.1	11910
SRR27421013.201627	NC_012154.1	20393
SRR27421013.201890	NC_012154.1	12858
SRR27421013.202314	NC_012154.1	6139
SRR27421013.202648	NC_012154.1	17483
SRR27421013.202972	NC_012154.1	12334
SRR27421013.203172	NC_012154.1	15127
SRR27421013.203532	NC_012154.1	9009
SRR27421013.203693	NC_012154.1	31189
SRR27421013.203834	NC_012154.1	20501
SRR27421013.204456	NC_012154.1	18881
SRR27421013.204713	NC_012154.1	16132
SRR27421013.204895	NC_012154.1	20816
SRR27421013.205560	NC_012154.1	6346
SRR27421013.206017	NC_012154.1	11858
SRR27421013.206203	NC_012154.1	14439
SRR27421013.206246	NC_012154.1	11795
SRR27421013.206364	NC_012154.1	14105
SRR27421013.206853	NC_012154.1	19541
SRR27421013.207536	NC_012154.1	18661
SRR27421013.207677	NC_012154.1	7180
SRR27421013.207733	NC_012154.1	16490
SRR27421013.207759	NC_012154.1	11466
SRR27421013.208187	NC_012154.1	11738
SRR27421013.208394	NC_012154.1	20309
SRR27421013.208418	NC_012154.1	10748
SRR27421013.208744	NC_012154.1	12503
SRR27421013.209272	NC_012154.1	29436
SRR27421013.209469	NC_012154.1	23578
SRR27421013.209554	NC_012154.1	32155
SRR27421013.209568	NC_012154.1	32029
SRR27421013.209691	NC_012154.1	30464
SRR27421013.209716	NC_012154.1	27506
SRR27421013.209745	NC_012154.1	31983
SRR27421013.209814	NC_012154.1	19470
SRR27421013.209942	NC_012154.1	30141
SRR27421013.210044	NC_012154.1	23338
SRR27421013.210122	NC_012154.1	25314
SRR27421013.210228	NC_012154.1	32654
SRR27421013.210279	NC_012154.1	21463
SRR27421013.210290	NC_012154.1	32241
SRR27421013.210332	NC_012154.1	32114
SRR27421013.210472	NC_012154.1	7673
SRR27421013.210512	NC_012154.1	23302
SRR27421013.210556	NC_012154.1	23212
SRR27421013.210699	NC_012154.1	27876
SRR27421013.210744	NC_012154.1	27974
SRR27421013.210950	NC_012154.1	31692
SRR27421013.211104	NC_012154.1	31278
SRR27421013.211348	NC_012154.1	31802
SRR27421013.211349	NC_012154.1	32124
SRR27421013.211398	NC_012154.1	31731
SRR27421013.211517	NC_012154.1	32505
SRR27421013.211591	NC_012154.1	31683
SRR27421013.211633	NC_012154.1	27800
SRR27421013.211651	NC_012154.1	18346
SRR27421013.211673	NC_012154.1	21575
SRR27421013.211703	NC_012154.1	28893
SRR27421013.211725	NC_012154.1	37812
SRR27421013.211726	NC_012154.1	21986
SRR27421013.211805	NC_012154.1	31209
SRR27421013.211907	NC_012154.1	29963
SRR27421013.211937	NC_012154.1	33027
SRR27421013.212063	NC_012154.1	32498
SRR27421013.212071	NC_012154.1	31656
SRR27421013.212159	NC_012154.1	24950
SRR27421013.212215	NC_012154.1	11346
SRR27421013.212251	NC_012154.1	28613
SRR27421013.212358	NC_012154.1	33211
SRR27421013.212366	NC_012154.1	31983
SRR27421013.212428	NC_012154.1	30480
SRR27421013.212776	NC_012154.1	27103
SRR27421013.212817	NC_012154.1	30252
SRR27421013.212834	NC_012154.1	28284
SRR27421013.212918	NC_012154.1	29250
SRR27421013.212940	NC_012154.1	15456
SRR27421013.212960	NC_012154.1	30031
SRR27421013.213034	NC_012154.1	31442
SRR27421013.213087	NC_012154.1	32509
SRR27421013.213311	NC_012154.1	31245
SRR27421013.213357	NC_012154.1	31432
SRR27421013.213361	NC_012154.1	31213
SRR27421013.213365	NC_012154.1	32676
SRR27421013.213628	NC_012154.1	22225
SRR27421013.214681	NC_012154.1	13927
SRR27421013.214800	NC_012154.1	5815
SRR27421013.215069	NC_012154.1	24508
SRR27421013.215090	NC_012154.1	15330
SRR27421013.215587	NC_012154.1	14777
SRR27421013.215823	NC_012154.1	18095
SRR27421013.216397	NC_012154.1	30368
SRR27421013.216404	NC_012154.1	18816
SRR27421013.216515	NC_012154.1	8992
SRR27421013.217193	NC_012154.1	24367
SRR27421013.217249	NC_012154.1	5479
SRR27421013.217342	NC_012154.1	32793
SRR27421013.217465	NC_012154.1	27553
SRR27421013.217535	NC_012154.1	31156
SRR27421013.217593	NC_012154.1	31647
SRR27421013.218055	NC_012154.1	27123
SRR27421013.218176	NC_012154.1	26846
SRR27421013.218221	NC_012154.1	16973
SRR27421013.218454	NC_012154.1	28059
SRR27421013.218473	NC_012154.1	10530
SRR27421013.218793	NC_012154.1	6545
SRR27421013.218819	NC_012154.1	22612
SRR27421013.218922	NC_012154.1	31954
SRR27421013.218965	NC_012154.1	31796
SRR27421013.218971	NC_012154.1	25233
SRR27421013.218988	NC_012154.1	32380
SRR27421013.219022	NC_012154.1	21542
SRR27421013.219265	NC_012154.1	62852
SRR27421013.219421	NC_012154.1	32775
SRR27421013.219606	NC_012154.1	32202
SRR27421013.219689	NC_012154.1	14184
SRR27421013.219704	NC_012154.1	16602
SRR27421013.219844	NC_012154.1	8185
SRR27421013.219846	NC_012154.1	32377
SRR27421013.219848	NC_012154.1	30409
SRR27421013.219863	NC_012154.1	37220
SRR27421013.219974	NC_012154.1	32477
SRR27421013.220012	NC_012154.1	30020
SRR27421013.220080	NC_012154.1	30385
SRR27421013.220138	NC_012154.1	31988
SRR27421013.220231	NC_012154.1	31438
SRR27421013.220269	NC_012154.1	32707
SRR27421013.220353	NC_012154.1	32035
SRR27421013.220529	NC_012154.1	27938
SRR27421013.220559	NC_012154.1	26713
SRR27421013.220576	NC_012154.1	15582
SRR27421013.220673	NC_012154.1	6071
SRR27421013.221204	NC_012154.1	14128
SRR27421013.221261	NC_012154.1	18341
SRR27421013.221330	NC_012154.1	18131
SRR27421013.221599	NC_012154.1	7514
SRR27421013.221854	NC_012154.1	20003
SRR27421013.222056	NC_012154.1	11061
SRR27421013.222268	NC_012154.1	9698
SRR27421013.222384	NC_012154.1	16580
SRR27421013.223302	NC_012154.1	23064
SRR27421013.223329	NC_012154.1	21248
SRR27421013.223502	NC_012154.1	18268
SRR27421013.223950	NC_012154.1	31945
SRR27421013.223955	NC_012154.1	30949
SRR27421013.224078	NC_012154.1	30892
SRR27421013.224157	NC_012154.1	31725
SRR27421013.224354	NC_012154.1	32179
SRR27421013.224437	NC_012154.1	24298
SRR27421013.224484	NC_012154.1	31322
SRR27421013.224501	NC_012154.1	32412
SRR27421013.224782	NC_012154.1	32390
SRR27421013.224914	NC_012154.1	32168
SRR27421013.225018	NC_012154.1	30397
SRR27421013.225112	NC_012154.1	30395
SRR27421013.225133	NC_012154.1	27549
SRR27421013.225186	NC_012154.1	24047
SRR27421013.225187	NC_012154.1	21792
SRR27421013.225319	NC_012154.1	30438
SRR27421013.225340	NC_012154.1	31380
SRR27421013.225385	NC_012154.1	32557
SRR27421013.225403	NC_012154.1	17404
SRR27421013.225422	NC_012154.1	31722
SRR27421013.225429	NC_012154.1	29397
SRR27421013.225437	NC_012154.1	28050
SRR27421013.225585	NC_012154.1	30486
SRR27421013.225630	NC_012154.1	27061
SRR27421013.225653	NC_012154.1	31278
SRR27421013.225683	NC_012154.1	28772
SRR27421013.225784	NC_012154.1	31915
SRR27421013.225818	NC_012154.1	31752
SRR27421013.225837	NC_012154.1	29808
SRR27421013.225873	NC_012154.1	32580
SRR27421013.225894	NC_012154.1	32572
SRR27421013.225964	NC_012154.1	32316
SRR27421013.226074	NC_012154.1	32261
SRR27421013.226151	NC_012154.1	31362
SRR27421013.226177	NC_012154.1	29292
SRR27421013.226180	NC_012154.1	31777
SRR27421013.226198	NC_012154.1	32244
SRR27421013.226279	NC_012154.1	30397
SRR27421013.226321	NC_012154.1	33454
SRR27421013.226371	NC_012154.1	25458
SRR27421013.226402	NC_012154.1	27278
SRR27421013.226438	NC_012154.1	31356
SRR27421013.226459	NC_012154.1	28653
SRR27421013.226475	NC_012154.1	22848
SRR27421013.226549	NC_012154.1	16564
SRR27421013.226587	NC_012154.1	25591
SRR27421013.226589	NC_012154.1	31716
SRR27421013.226647	NC_012154.1	30999
SRR27421013.226654	NC_012154.1	32004
SRR27421013.226664	NC_012154.1	39079
SRR27421013.226670	NC_012154.1	30588
SRR27421013.226671	NC_012154.1	32198
SRR27421013.226679	NC_012154.1	29002
SRR27421013.226720	NC_012154.1	27472
SRR27421013.226756	NC_012154.1	14473
SRR27421013.226836	NC_012154.1	30315
SRR27421013.226951	NC_012154.1	23954
SRR27421013.226966	NC_012154.1	31014
SRR27421013.226988	NC_012154.1	28088
SRR27421013.227066	NC_012154.1	30164
SRR27421013.227148	NC_012154.1	26159
SRR27421013.228652	NC_012154.1	6119
SRR27421013.230135	NC_012154.1	12928
SRR27421013.230866	NC_012154.1	7259
SRR27421013.231386	NC_012154.1	18480
SRR27421013.231545	NC_012154.1	13892
SRR27421013.231793	NC_012154.1	29110
SRR27421013.232052	NC_012154.1	31184
SRR27421013.233052	NC_012154.1	24904
SRR27421013.233516	NC_012154.1	10802
SRR27421013.233529	NC_012154.1	16697
SRR27421013.234192	NC_012154.1	24497
SRR27421013.234395	NC_012154.1	11762
SRR27421013.234410	NC_012154.1	8990
SRR27421013.234475	NC_012154.1	31682
SRR27421013.234941	NC_012154.1	32281
SRR27421013.235039	NC_012154.1	29505
SRR27421013.235116	NC_012154.1	28099
SRR27421013.235143	NC_012154.1	31390
SRR27421013.235304	NC_012154.1	13552
SRR27421013.235459	NC_012154.1	23422
SRR27421013.235532	NC_012154.1	32014
SRR27421013.235599	NC_012154.1	32421
SRR27421013.235628	NC_012154.1	21386
SRR27421013.235635	NC_012154.1	31963
SRR27421013.235961	NC_012154.1	27643
SRR27421013.236140	NC_012154.1	9576
SRR27421013.236201	NC_012154.1	17077
SRR27421013.236208	NC_012154.1	28021
SRR27421013.236211	NC_012154.1	9571
SRR27421013.236239	NC_012154.1	27125
SRR27421013.236267	NC_012154.1	27715
SRR27421013.236304	NC_012154.1	20848
SRR27421013.236526	NC_012154.1	10175
SRR27421013.236538	NC_012154.1	13473
SRR27421013.237170	NC_012154.1	30449
SRR27421013.237204	NC_012154.1	31896
SRR27421013.237286	NC_012154.1	30515
SRR27421013.237512	NC_012154.1	31253
SRR27421013.237628	NC_012154.1	31836
SRR27421013.238550	NC_012154.1	11591
SRR27421013.239374	NC_012154.1	8103
SRR27421013.239441	NC_012154.1	6661
SRR27421013.239728	NC_012154.1	18043
SRR27421013.239730	NC_012154.1	10770
SRR27421013.239907	NC_012154.1	10206
SRR27421013.239941	NC_012154.1	5272
SRR27421013.240156	NC_012154.1	5726
SRR27421013.240187	NC_012154.1	5778
SRR27421013.240263	NC_012154.1	11897
SRR27421013.240556	NC_012154.1	15650
SRR27421013.240719	NC_012154.1	5303
SRR27421013.241073	NC_012154.1	6629
SRR27421013.241548	NC_012154.1	8249
SRR27421013.242704	NC_012154.1	7099
SRR27421013.242755	NC_012154.1	7578
SRR27421013.243096	NC_012154.1	16773
SRR27421013.243964	NC_012154.1	24214
SRR27421013.244537	NC_012154.1	10370
SRR27421013.244620	NC_012154.1	31495
SRR27421013.245122	NC_012154.1	6086
SRR27421013.245129	NC_012154.1	21761
SRR27421013.245179	NC_012154.1	6900
SRR27421013.245497	NC_012154.1	15825
SRR27421013.245510	NC_012154.1	10648
SRR27421013.245820	NC_012154.1	15201
SRR27421013.246045	NC_012154.1	31768
SRR27421013.246182	NC_012154.1	7664
SRR27421013.246405	NC_012154.1	6330
SRR27421013.247300	NC_012154.1	9519
SRR27421013.247715	NC_012154.1	5862
SRR27421013.247782	NC_012154.1	5050
SRR27421013.247994	NC_012154.1	6807
SRR27421013.248053	NC_012154.1	7990
SRR27421013.248541	NC_012154.1	16336
SRR27421013.248916	NC_012154.1	6476
SRR27421013.249144	NC_012154.1	23212
SRR27421013.249425	NC_012154.1	14908
SRR27421013.250756	NC_012154.1	11286
SRR27421013.250786	NC_012154.1	32919
SRR27421013.250849	NC_012154.1	8154
SRR27421013.250890	NC_012154.1	19692
SRR27421013.251232	NC_012154.1	30711
SRR27421013.251482	NC_012154.1	12286
SRR27421013.251611	NC_012154.1	13772
SRR27421013.251652	NC_012154.1	28106
SRR27421013.251736	NC_012154.1	12437
SRR27421013.252187	NC_012154.1	21259
SRR27421013.252249	NC_012154.1	8174
SRR27421013.252250	NC_012154.1	20506
SRR27421013.252715	NC_012154.1	20870
SRR27421013.252756	NC_012154.1	28644
SRR27421013.252952	NC_012154.1	10210
SRR27421013.253135	NC_012154.1	18724
SRR27421013.253160	NC_012154.1	12789
SRR27421013.253239	NC_012154.1	21061
SRR27421013.253471	NC_012154.1	12410
SRR27421013.253586	NC_012154.1	8703
SRR27421013.253666	NC_012154.1	11507
SRR27421013.253888	NC_012154.1	22769
SRR27421013.254076	NC_012154.1	7343
SRR27421013.254426	NC_012154.1	12473
SRR27421013.254945	NC_012154.1	17350
SRR27421013.254966	NC_012154.1	28184
SRR27421013.255026	NC_012154.1	31053
SRR27421013.255077	NC_012154.1	31952
SRR27421013.255100	NC_012154.1	13554
SRR27421013.255131	NC_012154.1	32019
SRR27421013.255207	NC_012154.1	6731
SRR27421013.255244	NC_012154.1	23526
SRR27421013.255359	NC_012154.1	43265
SRR27421013.255373	NC_012154.1	31915
SRR27421013.255537	NC_012154.1	57945
SRR27421013.255674	NC_012154.1	30314
SRR27421013.255698	NC_012154.1	13686
SRR27421013.255854	NC_012154.1	31661
SRR27421013.255880	NC_012154.1	29589
SRR27421013.256152	NC_012154.1	11621
SRR27421013.256268	NC_012154.1	30490
SRR27421013.256468	NC_012154.1	31952
SRR27421013.256480	NC_012154.1	31220
SRR27421013.256741	NC_012154.1	32244
SRR27421013.257103	NC_012154.1	8979
SRR27421013.257398	NC_012154.1	31645
SRR27421013.257478	NC_012154.1	17518
SRR27421013.257509	NC_012154.1	6086
SRR27421013.257642	NC_012154.1	22651
SRR27421013.257658	NC_012154.1	23357
SRR27421013.257797	NC_012154.1	30341
SRR27421013.257826	NC_012154.1	21191
SRR27421013.257841	NC_012154.1	14276
SRR27421013.257845	NC_012154.1	10901
SRR27421013.257936	NC_012154.1	23577
SRR27421013.258086	NC_012154.1	31787
SRR27421013.258112	NC_012154.1	29765
SRR27421013.258327	NC_012154.1	31700
SRR27421013.258332	NC_012154.1	31930
SRR27421013.258367	NC_012154.1	30361
SRR27421013.258871	NC_012154.1	22054
SRR27421013.258880	NC_012154.1	8261
SRR27421013.259123	NC_012154.1	28391
SRR27421013.259242	NC_012154.1	39719
SRR27421013.259269	NC_012154.1	10930
SRR27421013.259304	NC_012154.1	50027
SRR27421013.259475	NC_012154.1	31559
SRR27421013.259529	NC_012154.1	27622
SRR27421013.259548	NC_012154.1	32163
SRR27421013.259581	NC_012154.1	32431
SRR27421013.259602	NC_012154.1	31353
SRR27421013.259668	NC_012154.1	34378
SRR27421013.259723	NC_012154.1	27823
SRR27421013.259890	NC_012154.1	23580
SRR27421013.260006	NC_012154.1	27261
SRR27421013.260191	NC_012154.1	8255
SRR27421013.260235	NC_012154.1	6235
SRR27421013.260245	NC_012154.1	26797
SRR27421013.260779	NC_012154.1	22093
SRR27421013.260813	NC_012154.1	26182
SRR27421013.260819	NC_012154.1	30918
SRR27421013.261000	NC_012154.1	30363
SRR27421013.261010	NC_012154.1	31623
SRR27421013.261199	NC_012154.1	27912
SRR27421013.261258	NC_012154.1	30449
SRR27421013.261313	NC_012154.1	29165
SRR27421013.261362	NC_012154.1	31736
SRR27421013.261464	NC_012154.1	6866
SRR27421013.261886	NC_012154.1	7263
SRR27421013.262140	NC_012154.1	6293
SRR27421013.262514	NC_012154.1	32020
SRR27421013.262911	NC_012154.1	30880
SRR27421013.262927	NC_012154.1	31845
SRR27421013.262928	NC_012154.1	7130
SRR27421013.262997	NC_012154.1	30999
SRR27421013.263045	NC_012154.1	30769
SRR27421013.263077	NC_012154.1	31249
SRR27421013.263296	NC_012154.1	28028
SRR27421013.263515	NC_012154.1	38311
SRR27421013.263573	NC_012154.1	9753
SRR27421013.263836	NC_012154.1	31048
SRR27421013.263921	NC_012154.1	29556
SRR27421013.264054	NC_012154.1	36498
SRR27421013.264408	NC_012154.1	38930
SRR27421013.264560	NC_012154.1	20919
SRR27421013.264615	NC_012154.1	29855
SRR27421013.264646	NC_012154.1	30512
SRR27421013.264870	NC_012154.1	9404
SRR27421013.264873	NC_012154.1	32158
SRR27421013.264984	NC_012154.1	17605
SRR27421013.265002	NC_012154.1	8071
SRR27421013.265380	NC_012154.1	28780
SRR27421013.265400	NC_012154.1	31342
SRR27421013.265501	NC_012154.1	7121
SRR27421013.265648	NC_012154.1	31974
SRR27421013.265688	NC_012154.1	32013
SRR27421013.265719	NC_012154.1	23992
SRR27421013.265945	NC_012154.1	20965
SRR27421013.266101	NC_012154.1	30558
SRR27421013.266122	NC_012154.1	32165
SRR27421013.266273	NC_012154.1	30889
SRR27421013.266295	NC_012154.1	11022
SRR27421013.266450	NC_012154.1	32183
SRR27421013.266617	NC_012154.1	21351
SRR27421013.266674	NC_012154.1	30403
SRR27421013.266733	NC_012154.1	21070
SRR27421013.266807	NC_012154.1	32071
SRR27421013.266818	NC_012154.1	27308
SRR27421013.266849	NC_012154.1	19718
SRR27421013.266966	NC_012154.1	31092
SRR27421013.266994	NC_012154.1	17326
SRR27421013.267046	NC_012154.1	28523
SRR27421013.267201	NC_012154.1	28716
SRR27421013.267292	NC_012154.1	18909
SRR27421013.267347	NC_012154.1	17298
SRR27421013.267460	NC_012154.1	31205
SRR27421013.267558	NC_012154.1	31468
SRR27421013.267588	NC_012154.1	26192
SRR27421013.267658	NC_012154.1	8773
SRR27421013.267736	NC_012154.1	5805
SRR27421013.267963	NC_012154.1	31953
SRR27421013.269013	NC_012154.1	28060
SRR27421013.269856	NC_012154.1	39501
SRR27421013.270077	NC_012154.1	7301
SRR27421013.270173	NC_012154.1	9149
SRR27421013.270428	NC_012154.1	8192
SRR27421013.270551	NC_012154.1	7827
SRR27421013.270667	NC_012154.1	14376
SRR27421013.271084	NC_012154.1	9738
SRR27421013.271446	NC_012154.1	6118
SRR27421013.271519	NC_012154.1	11621
SRR27421013.271718	NC_012154.1	10705
SRR27421013.272214	NC_012154.1	11113
SRR27421013.272313	NC_012154.1	7823
SRR27421013.273076	NC_012154.1	10450
SRR27421013.273148	NC_012154.1	6909
SRR27421013.273210	NC_012154.1	5971
SRR27421013.273274	NC_012154.1	10990
SRR27421013.273679	NC_012154.1	11428
SRR27421013.273929	NC_012154.1	11692
SRR27421013.273930	NC_012154.1	16047
SRR27421013.273940	NC_012154.1	7058
SRR27421013.274038	NC_012154.1	12748
SRR27421013.274068	NC_012154.1	8554
SRR27421013.274114	NC_012154.1	13664
SRR27421013.274221	NC_012154.1	13322
SRR27421013.274234	NC_012154.1	21748
SRR27421013.274380	NC_012154.1	8290
SRR27421013.274433	NC_012154.1	16727
SRR27421013.274966	NC_012154.1	15864
SRR27421013.274972	NC_012154.1	28469
SRR27421013.275035	NC_012154.1	32230
SRR27421013.275145	NC_012154.1	38631
SRR27421013.275178	NC_012154.1	76712
SRR27421013.275229	NC_012154.1	31267
SRR27421013.275350	NC_012154.1	30320
SRR27421013.275394	NC_012154.1	20214
SRR27421013.275421	NC_012154.1	38756
SRR27421013.275558	NC_012154.1	31498
SRR27421013.275570	NC_012154.1	32877
SRR27421013.275584	NC_012154.1	43879
SRR27421013.275613	NC_012154.1	32710
SRR27421013.275624	NC_012154.1	17757
SRR27421013.275716	NC_012154.1	19601
SRR27421013.275811	NC_012154.1	32399
SRR27421013.275934	NC_012154.1	32818
SRR27421013.275951	NC_012154.1	31959
SRR27421013.276051	NC_012154.1	31567
SRR27421013.276075	NC_012154.1	28633
SRR27421013.276087	NC_012154.1	31818
SRR27421013.276197	NC_012154.1	36375
SRR27421013.276208	NC_012154.1	8330
SRR27421013.276300	NC_012154.1	31213
SRR27421013.276360	NC_012154.1	21198
SRR27421013.276687	NC_012154.1	31500
SRR27421013.276696	NC_012154.1	32248
SRR27421013.277246	NC_012154.1	29229
SRR27421013.277381	NC_012154.1	32924
SRR27421013.277441	NC_012154.1	30679
SRR27421013.277508	NC_012154.1	19112
SRR27421013.277542	NC_012154.1	14475
SRR27421013.277554	NC_012154.1	9340
SRR27421013.277556	NC_012154.1	22142
SRR27421013.277687	NC_012154.1	12735
SRR27421013.277949	NC_012154.1	31069
SRR27421013.278081	NC_012154.1	32387
SRR27421013.278138	NC_012154.1	31601
SRR27421013.278266	NC_012154.1	13481
SRR27421013.278283	NC_012154.1	32637
SRR27421013.278328	NC_012154.1	46515
SRR27421013.278508	NC_012154.1	22747
SRR27421013.278554	NC_012154.1	9341
SRR27421013.279037	NC_012154.1	10957
SRR27421013.279254	NC_012154.1	20832
SRR27421013.279365	NC_012154.1	18673
SRR27421013.279521	NC_012154.1	13274
SRR27421013.280484	NC_012154.1	5847
SRR27421013.280530	NC_012154.1	15855
SRR27421013.280825	NC_012154.1	8908
SRR27421013.281124	NC_012154.1	15804
SRR27421013.281254	NC_012154.1	14046
SRR27421013.281348	NC_012154.1	7117
SRR27421013.281744	NC_012154.1	5319
SRR27421013.282044	NC_012154.1	14768
SRR27421013.282076	NC_012154.1	8693
SRR27421013.282514	NC_012154.1	16921
SRR27421013.282637	NC_012154.1	24045
SRR27421013.282716	NC_012154.1	8599
SRR27421013.282748	NC_012154.1	19922
SRR27421013.283055	NC_012154.1	16578
SRR27421013.283068	NC_012154.1	12311
SRR27421013.283459	NC_012154.1	9076
SRR27421013.283906	NC_012154.1	11242
SRR27421013.284992	NC_012154.1	20305
SRR27421013.285044	NC_012154.1	18008
SRR27421013.285142	NC_012154.1	8764
SRR27421013.285350	NC_012154.1	31712
SRR27421013.285491	NC_012154.1	32031
SRR27421013.285551	NC_012154.1	30214
SRR27421013.285656	NC_012154.1	32588
SRR27421013.286030	NC_012154.1	12974
SRR27421013.286056	NC_012154.1	28939
SRR27421013.286198	NC_012154.1	7408
SRR27421013.286453	NC_012154.1	32645
SRR27421013.286838	NC_012154.1	22399
SRR27421013.286888	NC_012154.1	11827
SRR27421013.286995	NC_012154.1	31375
SRR27421013.287214	NC_012154.1	31329
SRR27421013.287260	NC_012154.1	33278
SRR27421013.287279	NC_012154.1	5141
SRR27421013.287389	NC_012154.1	29763
SRR27421013.287533	NC_012154.1	31815
SRR27421013.287689	NC_012154.1	35327
SRR27421013.287716	NC_012154.1	26830
SRR27421013.287781	NC_012154.1	31570
SRR27421013.287934	NC_012154.1	31685
SRR27421013.287985	NC_012154.1	29610
SRR27421013.288012	NC_012154.1	28573
SRR27421013.288268	NC_012154.1	31778
SRR27421013.288399	NC_012154.1	29103
SRR27421013.288449	NC_012154.1	20672
SRR27421013.301	NC_012154.1	31554
SRR27421013.428	NC_012154.1	8588
SRR27421013.711	NC_012154.1	13790
SRR27421013.1009	NC_012154.1	7120
SRR27421013.1717	NC_012154.1	18976
SRR27421013.2365	NC_012154.1	14086
SRR27421013.2483	NC_012154.1	16147
SRR27421013.2897	NC_012154.1	7366
SRR27421013.3341	NC_012154.1	29965
SRR27421013.3901	NC_012154.1	15194
SRR27421013.4198	NC_012154.1	31908
SRR27421013.5850	NC_012154.1	15546
SRR27421013.7672	NC_012154.1	13719
SRR27421013.7993	NC_012154.1	11019
SRR27421013.8114	NC_012154.1	7890
SRR27421013.8285	NC_012154.1	8230
SRR27421013.8610	NC_012154.1	18091
SRR27421013.8693	NC_012154.1	21922
SRR27421013.8746	NC_012154.1	17623
SRR27421013.9674	NC_012154.1	19178
SRR27421013.9713	NC_012154.1	16135
SRR27421013.9806	NC_012154.1	5206
SRR27421013.10741	NC_012154.1	18360
SRR27421013.12772	NC_012154.1	5420
SRR27421013.13144	NC_012154.1	14891
SRR27421013.14475	NC_012154.1	16870
SRR27421013.14873	NC_012154.1	15798
SRR27421013.15037	NC_012154.1	17046
SRR27421013.15183	NC_012154.1	8711
SRR27421013.15430	NC_012154.1	14161
SRR27421013.16496	NC_012154.1	6136
SRR27421013.16913	NC_012154.1	22269
SRR27421013.17368	NC_012154.1	13298
SRR27421013.17485	NC_012154.1	14535
SRR27421013.17536	NC_012154.1	18899
SRR27421013.17638	NC_012154.1	19589
SRR27421013.17783	NC_012154.1	31633
SRR27421013.18770	NC_012154.1	12482
SRR27421013.19051	NC_012154.1	18526
SRR27421013.19079	NC_012154.1	12097
SRR27421013.20010	NC_012154.1	30447
SRR27421013.20194	NC_012154.1	31775
SRR27421013.21214	NC_012154.1	5805
SRR27421013.21382	NC_012154.1	15894
SRR27421013.21561	NC_012154.1	15991
SRR27421013.22058	NC_012154.1	17171
SRR27421013.22819	NC_012154.1	24417
SRR27421013.22885	NC_012154.1	8226
SRR27421013.23042	NC_012154.1	7470
SRR27421013.23207	NC_012154.1	23887
SRR27421013.23707	NC_012154.1	31093
SRR27421013.24057	NC_012154.1	7532
SRR27421013.24677	NC_012154.1	14239
SRR27421013.25391	NC_012154.1	32837
SRR27421013.25484	NC_012154.1	10006
SRR27421013.26148	NC_012154.1	13413
SRR27421013.26217	NC_012154.1	11044
SRR27421013.26526	NC_012154.1	31182
SRR27421013.27099	NC_012154.1	32054
SRR27421013.27150	NC_012154.1	32061
SRR27421013.27191	NC_012154.1	32279
SRR27421013.27214	NC_012154.1	10293
SRR27421013.27227	NC_012154.1	62104
SRR27421013.27256	NC_012154.1	31668
SRR27421013.27457	NC_012154.1	31526
SRR27421013.27735	NC_012154.1	17505
SRR27421013.27854	NC_012154.1	38298
SRR27421013.27903	NC_012154.1	63570
SRR27421013.27971	NC_012154.1	32577
SRR27421013.28001	NC_012154.1	9427
SRR27421013.28025	NC_012154.1	30753
SRR27421013.28224	NC_012154.1	31712
SRR27421013.28262	NC_012154.1	9853
SRR27421013.28305	NC_012154.1	31481
SRR27421013.28467	NC_012154.1	31105
SRR27421013.28629	NC_012154.1	31433
SRR27421013.28771	NC_012154.1	31336
SRR27421013.28841	NC_012154.1	32407
SRR27421013.29039	NC_012154.1	47983
SRR27421013.29101	NC_012154.1	31374
SRR27421013.29111	NC_012154.1	50556
SRR27421013.29293	NC_012154.1	11349
SRR27421013.29414	NC_012154.1	32097
SRR27421013.29427	NC_012154.1	32170
SRR27421013.29543	NC_012154.1	27405
SRR27421013.29556	NC_012154.1	31184
SRR27421013.29564	NC_012154.1	31812
SRR27421013.29592	NC_012154.1	32485
SRR27421013.29602	NC_012154.1	18613
SRR27421013.29862	NC_012154.1	31004
SRR27421013.29891	NC_012154.1	31401
SRR27421013.30062	NC_012154.1	15258
SRR27421013.30130	NC_012154.1	32430
SRR27421013.30137	NC_012154.1	31334
SRR27421013.30210	NC_012154.1	31345
SRR27421013.30259	NC_012154.1	32933
SRR27421013.30321	NC_012154.1	31433
SRR27421013.31615	NC_012154.1	19963
SRR27421013.32022	NC_012154.1	7224
SRR27421013.32270	NC_012154.1	17627
SRR27421013.32956	NC_012154.1	15107
SRR27421013.34234	NC_012154.1	13601
SRR27421013.34334	NC_012154.1	30689
SRR27421013.35987	NC_012154.1	14495
SRR27421013.36109	NC_012154.1	10931
SRR27421013.36340	NC_012154.1	16907
SRR27421013.36534	NC_012154.1	14786
SRR27421013.37054	NC_012154.1	32169
SRR27421013.37334	NC_012154.1	32067
SRR27421013.37412	NC_012154.1	14852
SRR27421013.37591	NC_012154.1	7313
SRR27421013.37715	NC_012154.1	32573
SRR27421013.37844	NC_012154.1	64081
SRR27421013.37969	NC_012154.1	31000
SRR27421013.38440	NC_012154.1	10547
SRR27421013.38821	NC_012154.1	17941
SRR27421013.38839	NC_012154.1	31352
SRR27421013.38935	NC_012154.1	5284
SRR27421013.38963	NC_012154.1	30856
SRR27421013.39204	NC_012154.1	32110
SRR27421013.39214	NC_012154.1	31635
SRR27421013.39226	NC_012154.1	31517
SRR27421013.39278	NC_012154.1	17409
SRR27421013.39528	NC_012154.1	32172
SRR27421013.39946	NC_012154.1	15193
SRR27421013.40285	NC_012154.1	31660
SRR27421013.40439	NC_012154.1	32228
SRR27421013.40452	NC_012154.1	13380
SRR27421013.40641	NC_012154.1	32775
SRR27421013.40653	NC_012154.1	33655
SRR27421013.40691	NC_012154.1	47452
SRR27421013.41026	NC_012154.1	32446
SRR27421013.41045	NC_012154.1	31855
SRR27421013.41353	NC_012154.1	37178
SRR27421013.41480	NC_012154.1	31176
SRR27421013.41501	NC_012154.1	32625
SRR27421013.41568	NC_012154.1	27277
SRR27421013.41860	NC_012154.1	31843
SRR27421013.41874	NC_012154.1	32125
SRR27421013.41988	NC_012154.1	31963
SRR27421013.42028	NC_012154.1	32031
SRR27421013.42045	NC_012154.1	32316
SRR27421013.42096	NC_012154.1	12768
SRR27421013.42264	NC_012154.1	31667
SRR27421013.42399	NC_012154.1	31991
SRR27421013.42581	NC_012154.1	32379
SRR27421013.42632	NC_012154.1	31848
SRR27421013.42700	NC_012154.1	32031
SRR27421013.42760	NC_012154.1	31809
SRR27421013.42893	NC_012154.1	32074
SRR27421013.42911	NC_012154.1	82531
SRR27421013.43372	NC_012154.1	62977
SRR27421013.43500	NC_012154.1	7852
SRR27421013.43625	NC_012154.1	32346
SRR27421013.43638	NC_012154.1	32492
SRR27421013.43647	NC_012154.1	31312
SRR27421013.43695	NC_012154.1	25083
SRR27421013.47363	NC_012154.1	31495
SRR27421013.47520	NC_012154.1	38208
SRR27421013.47793	NC_012154.1	31278
SRR27421013.48010	NC_012154.1	31088
SRR27421013.48091	NC_012154.1	22764
SRR27421013.48129	NC_012154.1	32051
SRR27421013.48264	NC_012154.1	30319
SRR27421013.48344	NC_012154.1	19513
SRR27421013.48435	NC_012154.1	15266
SRR27421013.48469	NC_012154.1	7111
SRR27421013.48474	NC_012154.1	31070
SRR27421013.48702	NC_012154.1	14373
SRR27421013.48704	NC_012154.1	31718
SRR27421013.48721	NC_012154.1	30337
SRR27421013.48811	NC_012154.1	12149
SRR27421013.48927	NC_012154.1	32025
SRR27421013.49003	NC_012154.1	10296
SRR27421013.49206	NC_012154.1	31592
SRR27421013.49304	NC_012154.1	27472
SRR27421013.49465	NC_012154.1	32002
SRR27421013.49650	NC_012154.1	31494
SRR27421013.49673	NC_012154.1	21916
SRR27421013.49678	NC_012154.1	31592
SRR27421013.49696	NC_012154.1	20993
SRR27421013.49761	NC_012154.1	31816
SRR27421013.50114	NC_012154.1	31438
SRR27421013.50116	NC_012154.1	6883
SRR27421013.50193	NC_012154.1	31804
SRR27421013.50314	NC_012154.1	43031
SRR27421013.50425	NC_012154.1	13662
SRR27421013.50554	NC_012154.1	34493
SRR27421013.50716	NC_012154.1	9213
SRR27421013.51202	NC_012154.1	14189
SRR27421013.52326	NC_012154.1	18601
SRR27421013.53295	NC_012154.1	9576
SRR27421013.55027	NC_012154.1	18089
SRR27421013.55187	NC_012154.1	23365
SRR27421013.55379	NC_012154.1	16186
SRR27421013.55456	NC_012154.1	16244
SRR27421013.56320	NC_012154.1	32433
SRR27421013.57767	NC_012154.1	11869
SRR27421013.57939	NC_012154.1	10203
SRR27421013.59010	NC_012154.1	10815
SRR27421013.59359	NC_012154.1	31761
SRR27421013.59983	NC_012154.1	15678
SRR27421013.60728	NC_012154.1	12234
SRR27421013.61241	NC_012154.1	28832
SRR27421013.61540	NC_012154.1	29306
SRR27421013.61846	NC_012154.1	8545
SRR27421013.61934	NC_012154.1	11194
SRR27421013.61986	NC_012154.1	17253
SRR27421013.62352	NC_012154.1	18784
SRR27421013.62382	NC_012154.1	8510
SRR27421013.62433	NC_012154.1	13386
SRR27421013.63564	NC_012154.1	16082
SRR27421013.64034	NC_012154.1	11132
SRR27421013.64697	NC_012154.1	7437
SRR27421013.65226	NC_012154.1	10391
SRR27421013.65710	NC_012154.1	13150
SRR27421013.66055	NC_012154.1	12076
SRR27421013.67468	NC_012154.1	12296
SRR27421013.67770	NC_012154.1	15188
SRR27421013.68054	NC_012154.1	17355
SRR27421013.69196	NC_012154.1	17980
SRR27421013.70515	NC_012154.1	15565
SRR27421013.71268	NC_012154.1	6858
SRR27421013.71400	NC_012154.1	8402
SRR27421013.71656	NC_012154.1	13712
SRR27421013.71856	NC_012154.1	31374
SRR27421013.72035	NC_012154.1	14483
SRR27421013.72338	NC_012154.1	8120
SRR27421013.72891	NC_012154.1	14164
SRR27421013.73058	NC_012154.1	6353
SRR27421013.73561	NC_012154.1	23663
SRR27421013.74349	NC_012154.1	31352
SRR27421013.74500	NC_012154.1	31908
SRR27421013.74587	NC_012154.1	31735
SRR27421013.74825	NC_012154.1	9230
SRR27421013.74924	NC_012154.1	31336
SRR27421013.74934	NC_012154.1	32248
SRR27421013.74970	NC_012154.1	32148
SRR27421013.75311	NC_012154.1	31971
SRR27421013.75422	NC_012154.1	31762
SRR27421013.75435	NC_012154.1	44506
SRR27421013.75601	NC_012154.1	31943
SRR27421013.75949	NC_012154.1	32084
SRR27421013.76209	NC_012154.1	31092
SRR27421013.76396	NC_012154.1	15380
SRR27421013.76454	NC_012154.1	32367
SRR27421013.76466	NC_012154.1	31484
SRR27421013.76483	NC_012154.1	16890
SRR27421013.76488	NC_012154.1	32211
SRR27421013.76674	NC_012154.1	32310
SRR27421013.76893	NC_012154.1	32909
SRR27421013.76909	NC_012154.1	31198
SRR27421013.76915	NC_012154.1	42010
SRR27421013.76943	NC_012154.1	9126
SRR27421013.76990	NC_012154.1	29458
SRR27421013.77313	NC_012154.1	25477
SRR27421013.77337	NC_012154.1	20152
SRR27421013.77347	NC_012154.1	31971
SRR27421013.77356	NC_012154.1	32128
SRR27421013.77366	NC_012154.1	31136
SRR27421013.77462	NC_012154.1	32185
SRR27421013.77665	NC_012154.1	14260
SRR27421013.77826	NC_012154.1	32349
SRR27421013.77873	NC_012154.1	32339
SRR27421013.77877	NC_012154.1	32356
SRR27421013.78082	NC_012154.1	18249
SRR27421013.78160	NC_012154.1	6993
SRR27421013.78287	NC_012154.1	21536
SRR27421013.79314	NC_012154.1	10268
SRR27421013.79725	NC_012154.1	21806
SRR27421013.79815	NC_012154.1	7513
SRR27421013.80247	NC_012154.1	31368
SRR27421013.80555	NC_012154.1	8303
SRR27421013.81288	NC_012154.1	20001
SRR27421013.81635	NC_012154.1	31594
SRR27421013.81676	NC_012154.1	15869
SRR27421013.81805	NC_012154.1	31944
SRR27421013.82154	NC_012154.1	31091
SRR27421013.82215	NC_012154.1	31994
SRR27421013.82216	NC_012154.1	32070
SRR27421013.82254	NC_012154.1	8794
SRR27421013.82330	NC_012154.1	32445
SRR27421013.82368	NC_012154.1	38847
SRR27421013.82516	NC_012154.1	31289
SRR27421013.82746	NC_012154.1	32139
SRR27421013.82848	NC_012154.1	18001
SRR27421013.82997	NC_012154.1	32791
SRR27421013.83032	NC_012154.1	34211
SRR27421013.83091	NC_012154.1	31996
SRR27421013.83257	NC_012154.1	31986
SRR27421013.83450	NC_012154.1	33316
SRR27421013.83557	NC_012154.1	32417
SRR27421013.83564	NC_012154.1	32614
SRR27421013.83650	NC_012154.1	30954
SRR27421013.84015	NC_012154.1	31924
SRR27421013.84106	NC_012154.1	16350
SRR27421013.84108	NC_012154.1	32408
SRR27421013.84146	NC_012154.1	31109
SRR27421013.84277	NC_012154.1	31423
SRR27421013.84470	NC_012154.1	33153
SRR27421013.84572	NC_012154.1	21065
SRR27421013.84732	NC_012154.1	32033
SRR27421013.85249	NC_012154.1	9732
SRR27421013.85457	NC_012154.1	8601
SRR27421013.87705	NC_012154.1	7896
SRR27421013.87720	NC_012154.1	15479
SRR27421013.88077	NC_012154.1	12573
SRR27421013.89207	NC_012154.1	11146
SRR27421013.89881	NC_012154.1	20206
SRR27421013.89914	NC_012154.1	9072
SRR27421013.90320	NC_012154.1	11142
SRR27421013.90341	NC_012154.1	11063
SRR27421013.90840	NC_012154.1	17593
SRR27421013.91375	NC_012154.1	22680
SRR27421013.93851	NC_012154.1	10977
SRR27421013.94959	NC_012154.1	32280
SRR27421013.95011	NC_012154.1	14119
SRR27421013.95065	NC_012154.1	31419
SRR27421013.95076	NC_012154.1	32314
SRR27421013.95081	NC_012154.1	5950
SRR27421013.95195	NC_012154.1	38236
SRR27421013.95244	NC_012154.1	29859
SRR27421013.95641	NC_012154.1	32284
SRR27421013.95706	NC_012154.1	32064
SRR27421013.95720	NC_012154.1	32675
SRR27421013.95995	NC_012154.1	31535
SRR27421013.96000	NC_012154.1	8734
SRR27421013.96238	NC_012154.1	31984
SRR27421013.96279	NC_012154.1	32341
SRR27421013.96342	NC_012154.1	32449
SRR27421013.96352	NC_012154.1	31416
SRR27421013.96378	NC_012154.1	20569
SRR27421013.96443	NC_012154.1	20499
SRR27421013.96452	NC_012154.1	31260
SRR27421013.96510	NC_012154.1	14105
SRR27421013.96642	NC_012154.1	31665
SRR27421013.96670	NC_012154.1	31745
SRR27421013.96794	NC_012154.1	14359
SRR27421013.96796	NC_012154.1	32076
SRR27421013.96856	NC_012154.1	16114
SRR27421013.96861	NC_012154.1	32351
SRR27421013.96952	NC_012154.1	8159
SRR27421013.97082	NC_012154.1	31411
SRR27421013.97099	NC_012154.1	62853
SRR27421013.97136	NC_012154.1	31167
SRR27421013.97274	NC_012154.1	15148
SRR27421013.97323	NC_012154.1	14539
SRR27421013.97443	NC_012154.1	34949
SRR27421013.97501	NC_012154.1	31488
SRR27421013.97609	NC_012154.1	31973
SRR27421013.97664	NC_012154.1	31367
SRR27421013.97742	NC_012154.1	16871
SRR27421013.97766	NC_012154.1	31225
SRR27421013.97903	NC_012154.1	23947
SRR27421013.98284	NC_012154.1	32109
SRR27421013.98309	NC_012154.1	31425
SRR27421013.98524	NC_012154.1	31750
SRR27421013.98658	NC_012154.1	20970
SRR27421013.98678	NC_012154.1	37831
SRR27421013.98688	NC_012154.1	31619
SRR27421013.98706	NC_012154.1	14970
SRR27421013.98798	NC_012154.1	31383
SRR27421013.99076	NC_012154.1	31475
SRR27421013.99124	NC_012154.1	31692
SRR27421013.99160	NC_012154.1	10216
SRR27421013.99164	NC_012154.1	32360
SRR27421013.99167	NC_012154.1	32152
SRR27421013.99233	NC_012154.1	31559
SRR27421013.99684	NC_012154.1	29090
SRR27421013.99755	NC_012154.1	32073
SRR27421013.99834	NC_012154.1	31851
SRR27421013.100089	NC_012154.1	30032
SRR27421013.100253	NC_012154.1	33188
SRR27421013.100462	NC_012154.1	32432
SRR27421013.100634	NC_012154.1	31212
SRR27421013.100704	NC_012154.1	32291
SRR27421013.100807	NC_012154.1	32524
SRR27421013.100824	NC_012154.1	31774
SRR27421013.100836	NC_012154.1	31955
SRR27421013.100866	NC_012154.1	31857
SRR27421013.101022	NC_012154.1	9592
SRR27421013.101387	NC_012154.1	9616
SRR27421013.101430	NC_012154.1	63889
SRR27421013.101530	NC_012154.1	10912
SRR27421013.101938	NC_012154.1	7426
SRR27421013.101957	NC_012154.1	32525
SRR27421013.102080	NC_012154.1	31293
SRR27421013.102087	NC_012154.1	8279
SRR27421013.102179	NC_012154.1	29978
SRR27421013.102181	NC_012154.1	31310
SRR27421013.102202	NC_012154.1	31204
SRR27421013.102267	NC_012154.1	32885
SRR27421013.102276	NC_012154.1	9814
SRR27421013.102528	NC_012154.1	32019
SRR27421013.103150	NC_012154.1	31312
SRR27421013.103265	NC_012154.1	18683
SRR27421013.103311	NC_012154.1	14962
SRR27421013.103552	NC_012154.1	20995
SRR27421013.103555	NC_012154.1	31498
SRR27421013.103576	NC_012154.1	10729
SRR27421013.103747	NC_012154.1	32182
SRR27421013.103988	NC_012154.1	30137
SRR27421013.104042	NC_012154.1	32237
SRR27421013.104073	NC_012154.1	32367
SRR27421013.104287	NC_012154.1	32061
SRR27421013.104296	NC_012154.1	31918
SRR27421013.104352	NC_012154.1	31542
SRR27421013.104547	NC_012154.1	32550
SRR27421013.104600	NC_012154.1	31929
SRR27421013.104667	NC_012154.1	31828
SRR27421013.104766	NC_012154.1	26284
SRR27421013.104820	NC_012154.1	31912
SRR27421013.104909	NC_012154.1	16377
SRR27421013.105050	NC_012154.1	32461
SRR27421013.105104	NC_012154.1	32457
SRR27421013.105115	NC_012154.1	32571
SRR27421013.105152	NC_012154.1	15938
SRR27421013.105351	NC_012154.1	31824
SRR27421013.105416	NC_012154.1	31751
SRR27421013.105437	NC_012154.1	32110
SRR27421013.105564	NC_012154.1	33121
SRR27421013.105711	NC_012154.1	32395
SRR27421013.105978	NC_012154.1	31007
SRR27421013.106172	NC_012154.1	32373
SRR27421013.106448	NC_012154.1	31086
SRR27421013.106481	NC_012154.1	31485
SRR27421013.106590	NC_012154.1	25723
SRR27421013.106799	NC_012154.1	9362
SRR27421013.107001	NC_012154.1	31294
SRR27421013.107217	NC_012154.1	31305
SRR27421013.107234	NC_012154.1	32191
SRR27421013.107269	NC_012154.1	5073
SRR27421013.107270	NC_012154.1	31089
SRR27421013.107372	NC_012154.1	31991
SRR27421013.107428	NC_012154.1	31645
SRR27421013.107580	NC_012154.1	24455
SRR27421013.107611	NC_012154.1	31909
SRR27421013.107621	NC_012154.1	31754
SRR27421013.107690	NC_012154.1	6310
SRR27421013.107757	NC_012154.1	31394
SRR27421013.107829	NC_012154.1	31423
SRR27421013.107855	NC_012154.1	32088
SRR27421013.107895	NC_012154.1	8362
SRR27421013.107902	NC_012154.1	32748
SRR27421013.107923	NC_012154.1	30705
SRR27421013.108212	NC_012154.1	10892
SRR27421013.109036	NC_012154.1	5933
SRR27421013.109884	NC_012154.1	13103
SRR27421013.110067	NC_012154.1	10449
SRR27421013.110371	NC_012154.1	7811
SRR27421013.111213	NC_012154.1	21430
SRR27421013.111689	NC_012154.1	9182
SRR27421013.112220	NC_012154.1	10078
SRR27421013.112805	NC_012154.1	24953
SRR27421013.113298	NC_012154.1	10422
SRR27421013.115436	NC_012154.1	17545
SRR27421013.118170	NC_012154.1	6674
SRR27421013.118624	NC_012154.1	23129
SRR27421013.119063	NC_012154.1	30700
SRR27421013.119074	NC_012154.1	38496
SRR27421013.119135	NC_012154.1	31934
SRR27421013.119264	NC_012154.1	31936
SRR27421013.119270	NC_012154.1	32287
SRR27421013.119377	NC_012154.1	32370
SRR27421013.119457	NC_012154.1	32326
SRR27421013.119460	NC_012154.1	13318
SRR27421013.119513	NC_012154.1	31021
SRR27421013.119534	NC_012154.1	32424
SRR27421013.119593	NC_012154.1	28162
SRR27421013.119668	NC_012154.1	32288
SRR27421013.119792	NC_012154.1	31972
SRR27421013.119793	NC_012154.1	31181
SRR27421013.119984	NC_012154.1	30356
SRR27421013.120184	NC_012154.1	31874
SRR27421013.120229	NC_012154.1	31167
SRR27421013.120430	NC_012154.1	31489
SRR27421013.120589	NC_012154.1	31978
SRR27421013.120695	NC_012154.1	32164
SRR27421013.120710	NC_012154.1	32509
SRR27421013.120837	NC_012154.1	32512
SRR27421013.120967	NC_012154.1	31791
SRR27421013.121478	NC_012154.1	31005
SRR27421013.121771	NC_012154.1	32825
SRR27421013.121778	NC_012154.1	31177
SRR27421013.122006	NC_012154.1	31704
SRR27421013.122055	NC_012154.1	32118
SRR27421013.122215	NC_012154.1	33832
SRR27421013.122295	NC_012154.1	31887
SRR27421013.122386	NC_012154.1	38761
SRR27421013.122443	NC_012154.1	31781
SRR27421013.122471	NC_012154.1	31323
SRR27421013.122544	NC_012154.1	32122
SRR27421013.122798	NC_012154.1	30618
SRR27421013.123055	NC_012154.1	32468
SRR27421013.123158	NC_012154.1	24313
SRR27421013.123242	NC_012154.1	32647
SRR27421013.123493	NC_012154.1	31818
SRR27421013.123517	NC_012154.1	30976
SRR27421013.123637	NC_012154.1	21945
SRR27421013.123798	NC_012154.1	32233
SRR27421013.124104	NC_012154.1	30976
SRR27421013.124193	NC_012154.1	32224
SRR27421013.124438	NC_012154.1	31940
SRR27421013.124671	NC_012154.1	15629
SRR27421013.124724	NC_012154.1	32022
SRR27421013.124755	NC_012154.1	31692
SRR27421013.125039	NC_012154.1	31094
SRR27421013.125554	NC_012154.1	16969
SRR27421013.126070	NC_012154.1	5517
SRR27421013.126427	NC_012154.1	9431
SRR27421013.126490	NC_012154.1	13423
SRR27421013.126778	NC_012154.1	22234
SRR27421013.127790	NC_012154.1	31801
SRR27421013.127824	NC_012154.1	5280
SRR27421013.128002	NC_012154.1	32218
SRR27421013.128765	NC_012154.1	32277
SRR27421013.128848	NC_012154.1	31871
SRR27421013.128931	NC_012154.1	33086
SRR27421013.128968	NC_012154.1	31694
SRR27421013.129249	NC_012154.1	13377
SRR27421013.129337	NC_012154.1	31474
SRR27421013.129350	NC_012154.1	32105
SRR27421013.129359	NC_012154.1	12128
SRR27421013.129372	NC_012154.1	11471
SRR27421013.129396	NC_012154.1	30832
SRR27421013.129555	NC_012154.1	21350
SRR27421013.129634	NC_012154.1	32779
SRR27421013.129812	NC_012154.1	42025
SRR27421013.129968	NC_012154.1	31891
SRR27421013.129995	NC_012154.1	31812
SRR27421013.130112	NC_012154.1	33087
SRR27421013.130296	NC_012154.1	30918
SRR27421013.130915	NC_012154.1	9815
SRR27421013.131144	NC_012154.1	11926
SRR27421013.131456	NC_012154.1	32395
SRR27421013.131481	NC_012154.1	31361
SRR27421013.131742	NC_012154.1	29661
SRR27421013.131811	NC_012154.1	19733
SRR27421013.131930	NC_012154.1	9540
SRR27421013.132505	NC_012154.1	12049
SRR27421013.132530	NC_012154.1	6213
SRR27421013.133149	NC_012154.1	8167
SRR27421013.133312	NC_012154.1	8785
SRR27421013.133325	NC_012154.1	9750
SRR27421013.133692	NC_012154.1	8502
SRR27421013.134181	NC_012154.1	32060
SRR27421013.134369	NC_012154.1	32036
SRR27421013.135134	NC_012154.1	30576
SRR27421013.135311	NC_012154.1	6286
SRR27421013.135320	NC_012154.1	31191
SRR27421013.135389	NC_012154.1	32191
SRR27421013.135451	NC_012154.1	16284
SRR27421013.135528	NC_012154.1	31140
SRR27421013.135575	NC_012154.1	31444
SRR27421013.135825	NC_012154.1	32015
SRR27421013.135909	NC_012154.1	38124
SRR27421013.135911	NC_012154.1	9917
SRR27421013.135976	NC_012154.1	10453
SRR27421013.136086	NC_012154.1	31991
SRR27421013.136215	NC_012154.1	5673
SRR27421013.136353	NC_012154.1	31495
SRR27421013.136453	NC_012154.1	31385
SRR27421013.136575	NC_012154.1	31908
SRR27421013.136629	NC_012154.1	32279
SRR27421013.136666	NC_012154.1	32624
SRR27421013.136829	NC_012154.1	31590
SRR27421013.137051	NC_012154.1	32410
SRR27421013.137117	NC_012154.1	88076
SRR27421013.137153	NC_012154.1	30796
SRR27421013.137161	NC_012154.1	31795
SRR27421013.137219	NC_012154.1	32258
SRR27421013.137323	NC_012154.1	7980
SRR27421013.137337	NC_012154.1	32508
SRR27421013.137404	NC_012154.1	32634
SRR27421013.137566	NC_012154.1	31934
SRR27421013.137598	NC_012154.1	31501
SRR27421013.137618	NC_012154.1	31879
SRR27421013.137647	NC_012154.1	31188
SRR27421013.137769	NC_012154.1	31547
SRR27421013.137964	NC_012154.1	31955
SRR27421013.138292	NC_012154.1	31846
SRR27421013.138328	NC_012154.1	31923
SRR27421013.138338	NC_012154.1	30572
SRR27421013.138497	NC_012154.1	20679
SRR27421013.138515	NC_012154.1	31151
SRR27421013.138536	NC_012154.1	32281
SRR27421013.138889	NC_012154.1	10391
SRR27421013.139066	NC_012154.1	13601
SRR27421013.139083	NC_012154.1	5412
SRR27421013.139596	NC_012154.1	8027
SRR27421013.141352	NC_012154.1	6838
SRR27421013.141565	NC_012154.1	5694
SRR27421013.142074	NC_012154.1	8790
SRR27421013.142495	NC_012154.1	12749
SRR27421013.142629	NC_012154.1	31638
SRR27421013.142754	NC_012154.1	17002
SRR27421013.143337	NC_012154.1	18142
SRR27421013.144030	NC_012154.1	22942
SRR27421013.144103	NC_012154.1	10299
SRR27421013.144139	NC_012154.1	13064
SRR27421013.145074	NC_012154.1	8059
SRR27421013.145127	NC_012154.1	9195
SRR27421013.145201	NC_012154.1	30690
SRR27421013.145324	NC_012154.1	17010
SRR27421013.145383	NC_012154.1	32127
SRR27421013.145434	NC_012154.1	31385
SRR27421013.145496	NC_012154.1	32599
SRR27421013.145542	NC_012154.1	31203
SRR27421013.145554	NC_012154.1	32314
SRR27421013.145560	NC_012154.1	31611
SRR27421013.145661	NC_012154.1	32181
SRR27421013.145676	NC_012154.1	12919
SRR27421013.145740	NC_012154.1	31732
SRR27421013.145809	NC_012154.1	63456
SRR27421013.145916	NC_012154.1	31026
SRR27421013.145927	NC_012154.1	19082
SRR27421013.146056	NC_012154.1	31609
SRR27421013.146280	NC_012154.1	31892
SRR27421013.146323	NC_012154.1	31402
SRR27421013.146396	NC_012154.1	32179
SRR27421013.146456	NC_012154.1	32305
SRR27421013.146739	NC_012154.1	32093
SRR27421013.146763	NC_012154.1	15426
SRR27421013.146769	NC_012154.1	31879
SRR27421013.146785	NC_012154.1	12801
SRR27421013.146959	NC_012154.1	9479
SRR27421013.147076	NC_012154.1	32044
SRR27421013.147193	NC_012154.1	30886
SRR27421013.147328	NC_012154.1	32787
SRR27421013.147356	NC_012154.1	32169
SRR27421013.147357	NC_012154.1	32425
SRR27421013.147396	NC_012154.1	30180
SRR27421013.147442	NC_012154.1	32406
SRR27421013.147511	NC_012154.1	32587
SRR27421013.147556	NC_012154.1	31938
SRR27421013.147561	NC_012154.1	33034
SRR27421013.147649	NC_012154.1	32403
SRR27421013.147910	NC_012154.1	31180
SRR27421013.147965	NC_012154.1	22847
SRR27421013.147972	NC_012154.1	64126
SRR27421013.147991	NC_012154.1	32116
SRR27421013.148068	NC_012154.1	17659
SRR27421013.148157	NC_012154.1	6280
SRR27421013.148214	NC_012154.1	31499
SRR27421013.148251	NC_012154.1	31159
SRR27421013.148268	NC_012154.1	32470
SRR27421013.148283	NC_012154.1	31809
SRR27421013.148315	NC_012154.1	85648
SRR27421013.148353	NC_012154.1	32380
SRR27421013.148444	NC_012154.1	31122
SRR27421013.148452	NC_012154.1	30764
SRR27421013.148610	NC_012154.1	31598
SRR27421013.148646	NC_012154.1	17097
SRR27421013.148693	NC_012154.1	32558
SRR27421013.148728	NC_012154.1	32685
SRR27421013.149044	NC_012154.1	20746
SRR27421013.149215	NC_012154.1	31916
SRR27421013.149279	NC_012154.1	6618
SRR27421013.149361	NC_012154.1	31826
SRR27421013.150274	NC_012154.1	13827
SRR27421013.150290	NC_012154.1	6522
SRR27421013.150624	NC_012154.1	31167
SRR27421013.150686	NC_012154.1	15845
SRR27421013.150817	NC_012154.1	30867
SRR27421013.151219	NC_012154.1	31261
SRR27421013.151632	NC_012154.1	5648
SRR27421013.151804	NC_012154.1	17226
SRR27421013.151806	NC_012154.1	8800
SRR27421013.152090	NC_012154.1	32741
SRR27421013.152173	NC_012154.1	15740
SRR27421013.152236	NC_012154.1	11730
SRR27421013.152871	NC_012154.1	32319
SRR27421013.153057	NC_012154.1	14544
SRR27421013.153062	NC_012154.1	31970
SRR27421013.153091	NC_012154.1	28784
SRR27421013.153152	NC_012154.1	32348
SRR27421013.153304	NC_012154.1	14851
SRR27421013.153369	NC_012154.1	12405
SRR27421013.153402	NC_012154.1	23583
SRR27421013.153554	NC_012154.1	31399
SRR27421013.153667	NC_012154.1	32317
SRR27421013.153691	NC_012154.1	31587
SRR27421013.153724	NC_012154.1	31979
SRR27421013.153789	NC_012154.1	31874
SRR27421013.153857	NC_012154.1	31370
SRR27421013.154870	NC_012154.1	31348
SRR27421013.155035	NC_012154.1	31850
SRR27421013.155600	NC_012154.1	31382
SRR27421013.155794	NC_012154.1	10027
SRR27421013.155847	NC_012154.1	30915
SRR27421013.155853	NC_012154.1	31914
SRR27421013.155884	NC_012154.1	6574
SRR27421013.155930	NC_012154.1	33099
SRR27421013.156104	NC_012154.1	32388
SRR27421013.156766	NC_012154.1	32036
SRR27421013.156933	NC_012154.1	16844
SRR27421013.157196	NC_012154.1	12187
SRR27421013.157327	NC_012154.1	32452
SRR27421013.157395	NC_012154.1	31589
SRR27421013.157411	NC_012154.1	17625
SRR27421013.157577	NC_012154.1	31466
SRR27421013.157606	NC_012154.1	32224
SRR27421013.157616	NC_012154.1	13120
SRR27421013.157690	NC_012154.1	31958
SRR27421013.157922	NC_012154.1	21879
SRR27421013.158114	NC_012154.1	13323
SRR27421013.158117	NC_012154.1	32003
SRR27421013.158256	NC_012154.1	31786
SRR27421013.158316	NC_012154.1	32223
SRR27421013.158555	NC_012154.1	20880
SRR27421013.158703	NC_012154.1	32043
SRR27421013.158883	NC_012154.1	14462
SRR27421013.159402	NC_012154.1	29886
SRR27421013.159558	NC_012154.1	24165
SRR27421013.160271	NC_012154.1	14840
SRR27421013.160483	NC_012154.1	17374
SRR27421013.160926	NC_012154.1	26082
SRR27421013.161395	NC_012154.1	20325
SRR27421013.162174	NC_012154.1	32334
SRR27421013.162253	NC_012154.1	31890
SRR27421013.162312	NC_012154.1	32366
SRR27421013.162376	NC_012154.1	9003
SRR27421013.162606	NC_012154.1	32595
SRR27421013.162621	NC_012154.1	32539
SRR27421013.162798	NC_012154.1	31998
SRR27421013.162806	NC_012154.1	32438
SRR27421013.162958	NC_012154.1	32058
SRR27421013.163008	NC_012154.1	32138
SRR27421013.163249	NC_012154.1	5322
SRR27421013.163288	NC_012154.1	31409
SRR27421013.163543	NC_012154.1	31624
SRR27421013.163722	NC_012154.1	5277
SRR27421013.163755	NC_012154.1	19113
SRR27421013.163956	NC_012154.1	27823
SRR27421013.164163	NC_012154.1	7466
SRR27421013.164296	NC_012154.1	32822
SRR27421013.164372	NC_012154.1	31530
SRR27421013.164492	NC_012154.1	8984
SRR27421013.164628	NC_012154.1	31798
SRR27421013.164731	NC_012154.1	28616
SRR27421013.164777	NC_012154.1	32168
SRR27421013.164895	NC_012154.1	32636
SRR27421013.164960	NC_012154.1	32306
SRR27421013.164989	NC_012154.1	31714
SRR27421013.165064	NC_012154.1	40535
SRR27421013.165251	NC_012154.1	30937
SRR27421013.165516	NC_012154.1	22244
SRR27421013.165736	NC_012154.1	11494
SRR27421013.165994	NC_012154.1	15706
SRR27421013.166055	NC_012154.1	11529
SRR27421013.166309	NC_012154.1	5975
SRR27421013.166405	NC_012154.1	10671
SRR27421013.166511	NC_012154.1	6249
SRR27421013.167235	NC_012154.1	23518
SRR27421013.167380	NC_012154.1	17680
SRR27421013.167506	NC_012154.1	11212
SRR27421013.167525	NC_012154.1	12301
SRR27421013.168330	NC_012154.1	8813
SRR27421013.168460	NC_012154.1	9934
SRR27421013.168550	NC_012154.1	9836
SRR27421013.171159	NC_012154.1	29857
SRR27421013.171844	NC_012154.1	6726
SRR27421013.172076	NC_012154.1	32296
SRR27421013.172233	NC_012154.1	30852
SRR27421013.172403	NC_012154.1	32045
SRR27421013.172625	NC_012154.1	31780
SRR27421013.172688	NC_012154.1	30612
SRR27421013.172935	NC_012154.1	31630
SRR27421013.172990	NC_012154.1	31989
SRR27421013.173041	NC_012154.1	31114
SRR27421013.173130	NC_012154.1	32653
SRR27421013.173131	NC_012154.1	14481
SRR27421013.173173	NC_012154.1	32401
SRR27421013.173257	NC_012154.1	31069
SRR27421013.173472	NC_012154.1	32071
SRR27421013.173481	NC_012154.1	32482
SRR27421013.173487	NC_012154.1	30767
SRR27421013.173536	NC_012154.1	31449
SRR27421013.173647	NC_012154.1	30251
SRR27421013.173780	NC_012154.1	31877
SRR27421013.173786	NC_012154.1	31795
SRR27421013.173812	NC_012154.1	32351
SRR27421013.173888	NC_012154.1	31580
SRR27421013.173919	NC_012154.1	28277
SRR27421013.173973	NC_012154.1	31882
SRR27421013.174268	NC_012154.1	16041
SRR27421013.174284	NC_012154.1	32733
SRR27421013.174319	NC_012154.1	31590
SRR27421013.174342	NC_012154.1	31410
SRR27421013.174344	NC_012154.1	32189
SRR27421013.174676	NC_012154.1	30641
SRR27421013.174691	NC_012154.1	31477
SRR27421013.174843	NC_012154.1	29865
SRR27421013.174971	NC_012154.1	32088
SRR27421013.175215	NC_012154.1	31075
SRR27421013.175363	NC_012154.1	31925
SRR27421013.175416	NC_012154.1	30781
SRR27421013.175428	NC_012154.1	13133
SRR27421013.175463	NC_012154.1	32140
SRR27421013.175472	NC_012154.1	31332
SRR27421013.179157	NC_012154.1	11516
SRR27421013.179924	NC_012154.1	31154
SRR27421013.180014	NC_012154.1	43446
SRR27421013.180050	NC_012154.1	32470
SRR27421013.180324	NC_012154.1	8859
SRR27421013.180350	NC_012154.1	9940
SRR27421013.180498	NC_012154.1	9313
SRR27421013.181483	NC_012154.1	31104
SRR27421013.181669	NC_012154.1	31278
SRR27421013.181816	NC_012154.1	31864
SRR27421013.182506	NC_012154.1	12688
SRR27421013.184517	NC_012154.1	16824
SRR27421013.184630	NC_012154.1	32038
SRR27421013.184944	NC_012154.1	21429
SRR27421013.185743	NC_012154.1	32075
SRR27421013.185825	NC_012154.1	18679
SRR27421013.186343	NC_012154.1	7027
SRR27421013.186629	NC_012154.1	18642
SRR27421013.187144	NC_012154.1	5367
SRR27421013.187249	NC_012154.1	14386
SRR27421013.187886	NC_012154.1	32132
SRR27421013.189110	NC_012154.1	17862
SRR27421013.190007	NC_012154.1	16944
SRR27421013.190222	NC_012154.1	9501
SRR27421013.190450	NC_012154.1	23175
SRR27421013.190491	NC_012154.1	32095
SRR27421013.190801	NC_012154.1	18461
SRR27421013.191225	NC_012154.1	24456
SRR27421013.191305	NC_012154.1	31277
SRR27421013.192278	NC_012154.1	5545
SRR27421013.192503	NC_012154.1	31353
SRR27421013.192570	NC_012154.1	14919
SRR27421013.192601	NC_012154.1	31296
SRR27421013.192658	NC_012154.1	31887
SRR27421013.192734	NC_012154.1	31482
SRR27421013.192748	NC_012154.1	32135
SRR27421013.192776	NC_012154.1	31472
SRR27421013.193022	NC_012154.1	32030
SRR27421013.193042	NC_012154.1	31803
SRR27421013.193100	NC_012154.1	31515
SRR27421013.193102	NC_012154.1	15729
SRR27421013.193126	NC_012154.1	31721
SRR27421013.193214	NC_012154.1	31405
SRR27421013.193251	NC_012154.1	31741
SRR27421013.193257	NC_012154.1	32318
SRR27421013.193481	NC_012154.1	27399
SRR27421013.193738	NC_012154.1	31755
SRR27421013.193777	NC_012154.1	32368
SRR27421013.193779	NC_012154.1	32274
SRR27421013.193942	NC_012154.1	31603
SRR27421013.194048	NC_012154.1	31491
SRR27421013.194090	NC_012154.1	13854
SRR27421013.194137	NC_012154.1	22332
SRR27421013.194152	NC_012154.1	31480
SRR27421013.194441	NC_012154.1	65070
SRR27421013.194517	NC_012154.1	32038
SRR27421013.194586	NC_012154.1	29035
SRR27421013.194604	NC_012154.1	32648
SRR27421013.194786	NC_012154.1	9291
SRR27421013.194807	NC_012154.1	31061
SRR27421013.194918	NC_012154.1	14716
SRR27421013.194948	NC_012154.1	32766
SRR27421013.194997	NC_012154.1	31879
SRR27421013.195022	NC_012154.1	17820
SRR27421013.195032	NC_012154.1	32354
SRR27421013.195113	NC_012154.1	31714
SRR27421013.195120	NC_012154.1	28466
SRR27421013.195145	NC_012154.1	31097
SRR27421013.195213	NC_012154.1	31084
SRR27421013.195246	NC_012154.1	32039
SRR27421013.195363	NC_012154.1	31656
SRR27421013.195381	NC_012154.1	32692
SRR27421013.195429	NC_012154.1	32112
SRR27421013.195465	NC_012154.1	31550
SRR27421013.195467	NC_012154.1	26797
SRR27421013.195562	NC_012154.1	6382
SRR27421013.195758	NC_012154.1	32296
SRR27421013.196099	NC_012154.1	11230
SRR27421013.196497	NC_012154.1	18348
SRR27421013.196521	NC_012154.1	31824
SRR27421013.196679	NC_012154.1	7504
SRR27421013.196861	NC_012154.1	14676
SRR27421013.197683	NC_012154.1	6700
SRR27421013.197996	NC_012154.1	31961
SRR27421013.198617	NC_012154.1	19567
SRR27421013.199024	NC_012154.1	17063
SRR27421013.200602	NC_012154.1	19042
SRR27421013.201663	NC_012154.1	18596
SRR27421013.201916	NC_012154.1	12211
SRR27421013.202123	NC_012154.1	31648
SRR27421013.202696	NC_012154.1	10364
SRR27421013.202698	NC_012154.1	19976
SRR27421013.203008	NC_012154.1	32046
SRR27421013.203226	NC_012154.1	15990
SRR27421013.203751	NC_012154.1	7149
SRR27421013.203814	NC_012154.1	11051
SRR27421013.204158	NC_012154.1	15257
SRR27421013.204572	NC_012154.1	11148
SRR27421013.205242	NC_012154.1	12833
SRR27421013.205585	NC_012154.1	11952
SRR27421013.206402	NC_012154.1	29811
SRR27421013.207307	NC_012154.1	31952
SRR27421013.207601	NC_012154.1	10103
SRR27421013.207938	NC_012154.1	19850
SRR27421013.208084	NC_012154.1	12183
SRR27421013.208173	NC_012154.1	6413
SRR27421013.208368	NC_012154.1	31474
SRR27421013.209110	NC_012154.1	7759
SRR27421013.209292	NC_012154.1	17334
SRR27421013.209357	NC_012154.1	32218
SRR27421013.209368	NC_012154.1	28815
SRR27421013.209376	NC_012154.1	32763
SRR27421013.209450	NC_012154.1	32470
SRR27421013.209621	NC_012154.1	32346
SRR27421013.209692	NC_012154.1	19999
SRR27421013.209771	NC_012154.1	14147
SRR27421013.209800	NC_012154.1	32094
SRR27421013.209809	NC_012154.1	31519
SRR27421013.209877	NC_012154.1	31150
SRR27421013.209949	NC_012154.1	31517
SRR27421013.209952	NC_012154.1	31836
SRR27421013.209961	NC_012154.1	32398
SRR27421013.209969	NC_012154.1	40112
SRR27421013.210018	NC_012154.1	32019
SRR27421013.210052	NC_012154.1	30980
SRR27421013.210053	NC_012154.1	17312
SRR27421013.210074	NC_012154.1	31854
SRR27421013.210097	NC_012154.1	39509
SRR27421013.210292	NC_012154.1	31674
SRR27421013.210403	NC_012154.1	11993
SRR27421013.210725	NC_012154.1	32452
SRR27421013.210758	NC_012154.1	32387
SRR27421013.210903	NC_012154.1	32017
SRR27421013.211066	NC_012154.1	30409
SRR27421013.211082	NC_012154.1	32356
SRR27421013.211341	NC_012154.1	31615
SRR27421013.211458	NC_012154.1	30769
SRR27421013.211714	NC_012154.1	31256
SRR27421013.211780	NC_012154.1	31023
SRR27421013.211804	NC_012154.1	31178
SRR27421013.211808	NC_012154.1	32329
SRR27421013.211851	NC_012154.1	30390
SRR27421013.211985	NC_012154.1	30821
SRR27421013.212041	NC_012154.1	31720
SRR27421013.212256	NC_012154.1	30123
SRR27421013.212357	NC_012154.1	32008
SRR27421013.212409	NC_012154.1	31473
SRR27421013.212435	NC_012154.1	31022
SRR27421013.212490	NC_012154.1	31882
SRR27421013.212644	NC_012154.1	32132
SRR27421013.212692	NC_012154.1	29914
SRR27421013.212849	NC_012154.1	31385
SRR27421013.212862	NC_012154.1	61072
SRR27421013.212926	NC_012154.1	31812
SRR27421013.212944	NC_012154.1	31725
SRR27421013.213076	NC_012154.1	32114
SRR27421013.213189	NC_012154.1	20489
SRR27421013.213192	NC_012154.1	32476
SRR27421013.213326	NC_012154.1	21610
SRR27421013.213338	NC_012154.1	31643
SRR27421013.213526	NC_012154.1	32226
SRR27421013.213575	NC_012154.1	31452
SRR27421013.213625	NC_012154.1	32181
SRR27421013.213787	NC_012154.1	31671
SRR27421013.214903	NC_012154.1	19676
SRR27421013.214910	NC_012154.1	21503
SRR27421013.215690	NC_012154.1	5019
SRR27421013.215898	NC_012154.1	6681
SRR27421013.216361	NC_012154.1	11319
SRR27421013.216990	NC_012154.1	31821
SRR27421013.217089	NC_012154.1	10825
SRR27421013.217357	NC_012154.1	27613
SRR27421013.217394	NC_012154.1	31682
SRR27421013.217455	NC_012154.1	31654
SRR27421013.217528	NC_012154.1	39381
SRR27421013.217662	NC_012154.1	64984
SRR27421013.217970	NC_012154.1	29390
SRR27421013.218054	NC_012154.1	31270
SRR27421013.218118	NC_012154.1	20977
SRR27421013.218140	NC_012154.1	31927
SRR27421013.218413	NC_012154.1	31738
SRR27421013.218538	NC_012154.1	31670
SRR27421013.218687	NC_012154.1	31220
SRR27421013.218743	NC_012154.1	31979
SRR27421013.218979	NC_012154.1	32267
SRR27421013.218995	NC_012154.1	5527
SRR27421013.219059	NC_012154.1	30589
SRR27421013.219117	NC_012154.1	19886
SRR27421013.219234	NC_012154.1	30850
SRR27421013.219291	NC_012154.1	31733
SRR27421013.219364	NC_012154.1	31930
SRR27421013.219391	NC_012154.1	31925
SRR27421013.219457	NC_012154.1	10562
SRR27421013.219893	NC_012154.1	31850
SRR27421013.220292	NC_012154.1	31475
SRR27421013.221256	NC_012154.1	14108
SRR27421013.221627	NC_012154.1	31134
SRR27421013.223453	NC_012154.1	14303
SRR27421013.223554	NC_012154.1	5633
SRR27421013.223575	NC_012154.1	20384
SRR27421013.223939	NC_012154.1	32142
SRR27421013.223956	NC_012154.1	32084
SRR27421013.223966	NC_012154.1	32111
SRR27421013.224061	NC_012154.1	31960
SRR27421013.224103	NC_012154.1	32510
SRR27421013.224150	NC_012154.1	32388
SRR27421013.224151	NC_012154.1	64672
SRR27421013.224193	NC_012154.1	31723
SRR27421013.224242	NC_012154.1	32146
SRR27421013.224265	NC_012154.1	31978
SRR27421013.224270	NC_012154.1	32254
SRR27421013.224319	NC_012154.1	33025
SRR27421013.224327	NC_012154.1	32287
SRR27421013.224415	NC_012154.1	32559
SRR27421013.224520	NC_012154.1	32122
SRR27421013.224660	NC_012154.1	5654
SRR27421013.224692	NC_012154.1	32617
SRR27421013.224795	NC_012154.1	31828
SRR27421013.224810	NC_012154.1	31587
SRR27421013.224834	NC_012154.1	31819
SRR27421013.224886	NC_012154.1	31694
SRR27421013.224946	NC_012154.1	31832
SRR27421013.225022	NC_012154.1	31992
SRR27421013.225079	NC_012154.1	30857
SRR27421013.225139	NC_012154.1	31831
SRR27421013.225199	NC_012154.1	31631
SRR27421013.225225	NC_012154.1	31545
SRR27421013.225278	NC_012154.1	32238
SRR27421013.225369	NC_012154.1	32070
SRR27421013.225432	NC_012154.1	32925
SRR27421013.225474	NC_012154.1	31838
SRR27421013.225573	NC_012154.1	30902
SRR27421013.225624	NC_012154.1	7096
SRR27421013.225648	NC_012154.1	31998
SRR27421013.225666	NC_012154.1	32046
SRR27421013.225718	NC_012154.1	32064
SRR27421013.225724	NC_012154.1	31826
SRR27421013.225819	NC_012154.1	38121
SRR27421013.225820	NC_012154.1	31753
SRR27421013.225871	NC_012154.1	29361
SRR27421013.225902	NC_012154.1	31910
SRR27421013.225945	NC_012154.1	33205
SRR27421013.225982	NC_012154.1	32078
SRR27421013.226013	NC_012154.1	31779
SRR27421013.226075	NC_012154.1	30948
SRR27421013.226088	NC_012154.1	31934
SRR27421013.226204	NC_012154.1	32189
SRR27421013.226244	NC_012154.1	32210
SRR27421013.226284	NC_012154.1	31390
SRR27421013.226310	NC_012154.1	35362
SRR27421013.226326	NC_012154.1	32062
SRR27421013.226362	NC_012154.1	31535
SRR27421013.226546	NC_012154.1	53848
SRR27421013.226562	NC_012154.1	32259
SRR27421013.226580	NC_012154.1	32403
SRR27421013.226689	NC_012154.1	31259
SRR27421013.226696	NC_012154.1	32469
SRR27421013.226700	NC_012154.1	16810
SRR27421013.226708	NC_012154.1	32291
SRR27421013.226735	NC_012154.1	32418
SRR27421013.226765	NC_012154.1	31564
SRR27421013.226796	NC_012154.1	31181
SRR27421013.226896	NC_012154.1	28664
SRR27421013.226916	NC_012154.1	32091
SRR27421013.226934	NC_012154.1	31318
SRR27421013.226957	NC_012154.1	32103
SRR27421013.226973	NC_012154.1	30567
SRR27421013.227062	NC_012154.1	32145
SRR27421013.227074	NC_012154.1	31606
SRR27421013.227224	NC_012154.1	31107
SRR27421013.227263	NC_012154.1	29167
SRR27421013.227266	NC_012154.1	32210
SRR27421013.227285	NC_012154.1	31957
SRR27421013.228493	NC_012154.1	8908
SRR27421013.228783	NC_012154.1	19527
SRR27421013.229338	NC_012154.1	15803
SRR27421013.230470	NC_012154.1	8479
SRR27421013.231437	NC_012154.1	13199
SRR27421013.231519	NC_012154.1	14139
SRR27421013.232380	NC_012154.1	33410
SRR27421013.233218	NC_012154.1	32330
SRR27421013.233861	NC_012154.1	13316
SRR27421013.233984	NC_012154.1	7008
SRR27421013.234681	NC_012154.1	32012
SRR27421013.234737	NC_012154.1	31109
SRR27421013.234802	NC_012154.1	32169
SRR27421013.234817	NC_012154.1	31878
SRR27421013.234824	NC_012154.1	32170
SRR27421013.234858	NC_012154.1	31693
SRR27421013.234883	NC_012154.1	63494
SRR27421013.234884	NC_012154.1	32062
SRR27421013.234960	NC_012154.1	31303
SRR27421013.235051	NC_012154.1	32501
SRR27421013.235165	NC_012154.1	31465
SRR27421013.235287	NC_012154.1	31663
SRR27421013.235316	NC_012154.1	31791
SRR27421013.235333	NC_012154.1	16299
SRR27421013.235495	NC_012154.1	31785
SRR27421013.235592	NC_012154.1	39424
SRR27421013.235621	NC_012154.1	31809
SRR27421013.235773	NC_012154.1	32028
SRR27421013.235774	NC_012154.1	17651
SRR27421013.235786	NC_012154.1	39154
SRR27421013.235794	NC_012154.1	16241
SRR27421013.235917	NC_012154.1	32029
SRR27421013.236003	NC_012154.1	32405
SRR27421013.236040	NC_012154.1	32325
SRR27421013.236139	NC_012154.1	32613
SRR27421013.236441	NC_012154.1	32428
SRR27421013.236532	NC_012154.1	30776
SRR27421013.236565	NC_012154.1	29225
SRR27421013.236734	NC_012154.1	31551
SRR27421013.236808	NC_012154.1	32492
SRR27421013.236877	NC_012154.1	32641
SRR27421013.236914	NC_012154.1	31875
SRR27421013.236958	NC_012154.1	17663
SRR27421013.237063	NC_012154.1	31477
SRR27421013.237238	NC_012154.1	31054
SRR27421013.237395	NC_012154.1	32309
SRR27421013.237449	NC_012154.1	44834
SRR27421013.237654	NC_012154.1	31756
SRR27421013.238212	NC_012154.1	10469
SRR27421013.238497	NC_012154.1	15221
SRR27421013.239019	NC_012154.1	30407
SRR27421013.239051	NC_012154.1	15599
SRR27421013.239223	NC_012154.1	9607
SRR27421013.240152	NC_012154.1	19555
SRR27421013.240434	NC_012154.1	31505
SRR27421013.240574	NC_012154.1	22356
SRR27421013.242778	NC_012154.1	10250
SRR27421013.243559	NC_012154.1	31814
SRR27421013.244543	NC_012154.1	6738
SRR27421013.244629	NC_012154.1	31928
SRR27421013.244642	NC_012154.1	21884
SRR27421013.244762	NC_012154.1	30290
SRR27421013.244968	NC_012154.1	11125
SRR27421013.245218	NC_012154.1	6718
SRR27421013.245987	NC_012154.1	15208
SRR27421013.246292	NC_012154.1	5634
SRR27421013.248930	NC_012154.1	30165
SRR27421013.248979	NC_012154.1	31885
SRR27421013.249427	NC_012154.1	15807
SRR27421013.249487	NC_012154.1	24014
SRR27421013.249514	NC_012154.1	13061
SRR27421013.251446	NC_012154.1	12120
SRR27421013.252199	NC_012154.1	8995
SRR27421013.252304	NC_012154.1	5506
SRR27421013.252627	NC_012154.1	9662
SRR27421013.252837	NC_012154.1	9329
SRR27421013.252951	NC_012154.1	10199
SRR27421013.253336	NC_012154.1	7429
SRR27421013.253462	NC_012154.1	14273
SRR27421013.253463	NC_012154.1	15560
SRR27421013.253678	NC_012154.1	13448
SRR27421013.253710	NC_012154.1	12147
SRR27421013.254072	NC_012154.1	12707
SRR27421013.254195	NC_012154.1	15401
SRR27421013.254746	NC_012154.1	32398
SRR27421013.254753	NC_012154.1	63168
SRR27421013.254764	NC_012154.1	31376
SRR27421013.254799	NC_012154.1	31015
SRR27421013.254873	NC_012154.1	31325
SRR27421013.254920	NC_012154.1	31163
SRR27421013.254929	NC_012154.1	31268
SRR27421013.255040	NC_012154.1	20785
SRR27421013.255118	NC_012154.1	31818
SRR27421013.255439	NC_012154.1	31587
SRR27421013.255576	NC_012154.1	31873
SRR27421013.255961	NC_012154.1	32728
SRR27421013.256084	NC_012154.1	38251
SRR27421013.256179	NC_012154.1	31945
SRR27421013.256350	NC_012154.1	31606
SRR27421013.256459	NC_012154.1	31874
SRR27421013.256511	NC_012154.1	24296
SRR27421013.256512	NC_012154.1	5885
SRR27421013.256701	NC_012154.1	41036
SRR27421013.256717	NC_012154.1	30527
SRR27421013.256758	NC_012154.1	32548
SRR27421013.256796	NC_012154.1	31577
SRR27421013.256986	NC_012154.1	31922
SRR27421013.256997	NC_012154.1	30205
SRR27421013.257295	NC_012154.1	26618
SRR27421013.257326	NC_012154.1	31242
SRR27421013.257439	NC_012154.1	17600
SRR27421013.257469	NC_012154.1	18350
SRR27421013.257521	NC_012154.1	32677
SRR27421013.257526	NC_012154.1	31782
SRR27421013.257905	NC_012154.1	32425
SRR27421013.257991	NC_012154.1	32178
SRR27421013.258199	NC_012154.1	32274
SRR27421013.258279	NC_012154.1	22099
SRR27421013.258368	NC_012154.1	31742
SRR27421013.258953	NC_012154.1	31598
SRR27421013.259112	NC_012154.1	31953
SRR27421013.259215	NC_012154.1	11407
SRR27421013.259444	NC_012154.1	10528
SRR27421013.259463	NC_012154.1	15452
SRR27421013.259617	NC_012154.1	31844
SRR27421013.259649	NC_012154.1	30866
SRR27421013.259725	NC_012154.1	32340
SRR27421013.259743	NC_012154.1	31759
SRR27421013.259753	NC_012154.1	32065
SRR27421013.259779	NC_012154.1	32419
SRR27421013.259886	NC_012154.1	31088
SRR27421013.259932	NC_012154.1	30811
SRR27421013.259970	NC_012154.1	31016
SRR27421013.259977	NC_012154.1	30390
SRR27421013.260076	NC_012154.1	31827
SRR27421013.260183	NC_012154.1	31951
SRR27421013.260652	NC_012154.1	29599
SRR27421013.260889	NC_012154.1	33098
SRR27421013.260971	NC_012154.1	9605
SRR27421013.260985	NC_012154.1	10469
SRR27421013.261042	NC_012154.1	31378
SRR27421013.261087	NC_012154.1	31999
SRR27421013.261088	NC_012154.1	31161
SRR27421013.261127	NC_012154.1	31652
SRR27421013.261318	NC_012154.1	26041
SRR27421013.261366	NC_012154.1	19232
SRR27421013.261384	NC_012154.1	13896
SRR27421013.261445	NC_012154.1	32043
SRR27421013.262142	NC_012154.1	32359
SRR27421013.262171	NC_012154.1	41354
SRR27421013.262249	NC_012154.1	32057
SRR27421013.262302	NC_012154.1	31267
SRR27421013.262832	NC_012154.1	31794
SRR27421013.262949	NC_012154.1	33288
SRR27421013.263024	NC_012154.1	32552
SRR27421013.263051	NC_012154.1	64154
SRR27421013.263264	NC_012154.1	20592
SRR27421013.263305	NC_012154.1	32208
SRR27421013.263328	NC_012154.1	12291
SRR27421013.263518	NC_012154.1	61909
SRR27421013.263641	NC_012154.1	32769
SRR27421013.263738	NC_012154.1	31202
SRR27421013.263772	NC_012154.1	32334
SRR27421013.263817	NC_012154.1	32324
SRR27421013.264158	NC_012154.1	32532
SRR27421013.264237	NC_012154.1	31740
SRR27421013.264313	NC_012154.1	32525
SRR27421013.264880	NC_012154.1	31320
SRR27421013.264975	NC_012154.1	33117
SRR27421013.265048	NC_012154.1	41250
SRR27421013.265153	NC_012154.1	17147
SRR27421013.265237	NC_012154.1	14367
SRR27421013.265334	NC_012154.1	31968
SRR27421013.265342	NC_012154.1	7992
SRR27421013.265352	NC_012154.1	31395
SRR27421013.265359	NC_012154.1	37428
SRR27421013.265419	NC_012154.1	31042
SRR27421013.265614	NC_012154.1	31585
SRR27421013.265829	NC_012154.1	7375
SRR27421013.265934	NC_012154.1	32061
SRR27421013.266001	NC_012154.1	32103
SRR27421013.266094	NC_012154.1	13125
SRR27421013.266118	NC_012154.1	41708
SRR27421013.266154	NC_012154.1	32175
SRR27421013.266277	NC_012154.1	32158
SRR27421013.266292	NC_012154.1	32645
SRR27421013.266558	NC_012154.1	31662
SRR27421013.266657	NC_012154.1	31455
SRR27421013.266669	NC_012154.1	32346
SRR27421013.266838	NC_012154.1	54755
SRR27421013.266855	NC_012154.1	14168
SRR27421013.266919	NC_012154.1	31888
SRR27421013.266954	NC_012154.1	31662
SRR27421013.267204	NC_012154.1	31676
SRR27421013.267285	NC_012154.1	32059
SRR27421013.267594	NC_012154.1	31710
SRR27421013.267679	NC_012154.1	30823
SRR27421013.267706	NC_012154.1	21044
SRR27421013.267901	NC_012154.1	31293
SRR27421013.267976	NC_012154.1	31161
SRR27421013.267989	NC_012154.1	13513
SRR27421013.268189	NC_012154.1	14983
SRR27421013.268214	NC_012154.1	31808
SRR27421013.268533	NC_012154.1	31886
SRR27421013.270311	NC_012154.1	17723
SRR27421013.270518	NC_012154.1	21852
SRR27421013.270539	NC_012154.1	28758
SRR27421013.270916	NC_012154.1	25127
SRR27421013.271838	NC_012154.1	6819
SRR27421013.273083	NC_012154.1	12576
SRR27421013.273573	NC_012154.1	11379
SRR27421013.274054	NC_012154.1	15842
SRR27421013.274921	NC_012154.1	16413
SRR27421013.275146	NC_012154.1	12570
SRR27421013.275194	NC_012154.1	32319
SRR27421013.275195	NC_012154.1	31912
SRR27421013.275217	NC_012154.1	32730
SRR27421013.275435	NC_012154.1	31549
SRR27421013.275720	NC_012154.1	32835
SRR27421013.275781	NC_012154.1	11820
SRR27421013.275858	NC_012154.1	31543
SRR27421013.275992	NC_012154.1	32055
SRR27421013.276052	NC_012154.1	30842
SRR27421013.276061	NC_012154.1	31707
SRR27421013.276313	NC_012154.1	30558
SRR27421013.276704	NC_012154.1	33200
SRR27421013.276717	NC_012154.1	32795
SRR27421013.276718	NC_012154.1	6250
SRR27421013.276766	NC_012154.1	31445
SRR27421013.276899	NC_012154.1	8886
SRR27421013.277015	NC_012154.1	31452
SRR27421013.277045	NC_012154.1	13345
SRR27421013.277173	NC_012154.1	30635
SRR27421013.277276	NC_012154.1	31902
SRR27421013.277299	NC_012154.1	10952
SRR27421013.277347	NC_012154.1	32423
SRR27421013.277418	NC_012154.1	13415
SRR27421013.277641	NC_012154.1	32050
SRR27421013.277674	NC_012154.1	31371
SRR27421013.277702	NC_012154.1	32236
SRR27421013.277867	NC_012154.1	31236
SRR27421013.277904	NC_012154.1	32406
SRR27421013.277948	NC_012154.1	31785
SRR27421013.277961	NC_012154.1	31585
SRR27421013.278324	NC_012154.1	30956
SRR27421013.278329	NC_012154.1	32078
SRR27421013.278330	NC_012154.1	31946
SRR27421013.279505	NC_012154.1	31191
SRR27421013.279606	NC_012154.1	20194
SRR27421013.280107	NC_012154.1	25130
SRR27421013.280189	NC_012154.1	15836
SRR27421013.281950	NC_012154.1	10262
SRR27421013.282124	NC_012154.1	32702
SRR27421013.282780	NC_012154.1	19598
SRR27421013.284025	NC_012154.1	9103
SRR27421013.284554	NC_012154.1	7704
SRR27421013.284935	NC_012154.1	16864
SRR27421013.285619	NC_012154.1	29926
SRR27421013.285668	NC_012154.1	18128
SRR27421013.285755	NC_012154.1	31532
SRR27421013.285906	NC_012154.1	21323
SRR27421013.285917	NC_012154.1	31213
SRR27421013.285973	NC_012154.1	13747
SRR27421013.285996	NC_012154.1	30805
SRR27421013.286322	NC_012154.1	32581
SRR27421013.286331	NC_012154.1	5278
SRR27421013.286598	NC_012154.1	30630
SRR27421013.286702	NC_012154.1	30758
SRR27421013.286746	NC_012154.1	12781
SRR27421013.286787	NC_012154.1	61821
SRR27421013.286975	NC_012154.1	31848
SRR27421013.286994	NC_012154.1	32134
SRR27421013.287042	NC_012154.1	31623
SRR27421013.287094	NC_012154.1	6219
SRR27421013.287430	NC_012154.1	31715
SRR27421013.287544	NC_012154.1	55231
SRR27421013.287603	NC_012154.1	30597
SRR27421013.287629	NC_012154.1	5761
SRR27421013.287641	NC_012154.1	31758
SRR27421013.287676	NC_012154.1	32311
SRR27421013.287733	NC_012154.1	31660
SRR27421013.287761	NC_012154.1	15449
SRR27421013.287899	NC_012154.1	13512
SRR27421013.288020	NC_012154.1	31930
SRR27421013.288193	NC_012154.1	11403
SRR27421013.288465	NC_012154.1	31917
SRR27421013.288541	NC_012154.1	32215
SRR27421013.12967	NC_012154.1	31141
SRR27421013.38547	NC_012154.1	20970
SRR27421013.108035	NC_012154.1	5287
SRR27421013.163469	NC_012154.1	6548
SRR27421013.164917	NC_012154.1	30470
SRR27421013.194131	NC_012154.1	32689
SRR27421013.198350	NC_012154.1	31615
SRR27421013.217217	NC_012154.1	31063
SRR27421013.234687	NC_012154.1	9473
SRR27421013.5278	NC_012154.1	32114
SRR27421013.11141	NC_012154.1	29209
SRR27421013.31016	NC_012154.1	7756
SRR27421013.38366	NC_012154.1	32024
SRR27421013.38482	NC_012154.1	32172
SRR27421013.40507	NC_012154.1	31790
SRR27421013.42558	NC_012154.1	31558
SRR27421013.48202	NC_012154.1	31731
SRR27421013.84376	NC_012154.1	31775
SRR27421013.98305	NC_012154.1	32537
SRR27421013.101982	NC_012154.1	31313
SRR27421013.103544	NC_012154.1	32324
SRR27421013.105026	NC_012154.1	8577
SRR27421013.117708	NC_012154.1	32539
SRR27421013.120828	NC_012154.1	31490
SRR27421013.124475	NC_012154.1	32081
SRR27421013.126952	NC_012154.1	31161
SRR27421013.172393	NC_012154.1	27687
SRR27421013.210009	NC_012154.1	20239
SRR27421013.210712	NC_012154.1	31983
SRR27421013.218414	NC_012154.1	32011
SRR27421013.226733	NC_012154.1	32304
SRR27421013.227067	NC_012154.1	35255
SRR27421013.236248	NC_012154.1	62473
SRR27421013.261502	NC_012154.1	31655
SRR27421013.37641	NC_012154.1	27570
SRR27421013.75096	NC_012154.1	16952
SRR27421013.111564	NC_012154.1	9726
SRR27421013.116728	NC_012154.1	8962
SRR27421013.153578	NC_012154.1	31679
SRR27421013.180295	NC_012154.1	30490
SRR27421013.193975	NC_012154.1	15648
SRR27421013.210262	NC_012154.1	29455
SRR27421013.213782	NC_012154.1	7285
SRR27421013.235654	NC_012154.1	6667
SRR27421013.9187	NC_012154.1	32008
SRR27421013.15414	NC_012154.1	31826
SRR27421013.25833	NC_012154.1	30109
SRR27421013.98704	NC_012154.1	14003
SRR27421013.130674	NC_012154.1	29546
SRR27421013.130696	NC_012154.1	6593
SRR27421013.136533	NC_012154.1	32197
SRR27421013.137223	NC_012154.1	28758
SRR27421013.142493	NC_012154.1	11206
SRR27421013.147432	NC_012154.1	32761
SRR27421013.154188	NC_012154.1	30775
SRR27421013.192785	NC_012154.1	31241
SRR27421013.212024	NC_012154.1	31969
SRR27421013.212462	NC_012154.1	32565
SRR27421013.214526	NC_012154.1	19468
SRR27421013.217169	NC_012154.1	6970
SRR27421013.224258	NC_012154.1	31704
SRR27421013.226358	NC_012154.1	31130
SRR27421013.237509	NC_012154.1	32258
SRR27421013.237693	NC_012154.1	31360
SRR27421013.239689	NC_012154.1	5354
SRR27421013.246087	NC_012154.1	32332
SRR27421013.261657	NC_012154.1	31740
SRR27421013.265707	NC_012154.1	32181
SRR27421013.43550	NC_012154.1	30600
SRR27421013.159858	NC_012154.1	17636
SRR27421013.224655	NC_012154.1	31264
SRR27421013.276639	NC_012154.1	11729
SRR27421013.102993	NC_012154.1	32009
SRR27421013.62720	NC_012154.1	18389
SRR27421013.256957	NC_012154.1	13586
SRR27421013.77649	NC_012154.1	31361
SRR27421013.14434	NC_012154.1	8676
SRR27421013.28883	NC_012154.1	31416
SRR27421013.39548	NC_012154.1	31729
SRR27421013.40269	NC_012154.1	31501
SRR27421013.42424	NC_012154.1	9945
SRR27421013.101792	NC_012154.1	30884
SRR27421013.112026	NC_012154.1	8455
SRR27421013.122166	NC_012154.1	32315
SRR27421013.139276	NC_012154.1	15793
SRR27421013.154253	NC_012154.1	32277
SRR27421013.155678	NC_012154.1	30456
SRR27421013.155786	NC_012154.1	32789
SRR27421013.173305	NC_012154.1	31822
SRR27421013.189032	NC_012154.1	9262
SRR27421013.192582	NC_012154.1	9501
SRR27421013.193466	NC_012154.1	5924
SRR27421013.195897	NC_012154.1	12875
SRR27421013.196678	NC_012154.1	20675
SRR27421013.207736	NC_012154.1	14243
SRR27421013.209828	NC_012154.1	31663
SRR27421013.227016	NC_012154.1	28824
SRR27421013.3227	NC_012154.1	8793
SRR27421013.118469	NC_012154.1	26521
SRR27421013.175365	NC_012154.1	12684
SRR27421013.199800	NC_012154.1	15033
SRR27421013.236072	NC_012154.1	30781
SRR27421013.255337	NC_012154.1	40756
SRR27421013.260689	NC_012154.1	31233
SRR27421013.11728	NC_012154.1	30165
SRR27421013.39707	NC_012154.1	31390
SRR27421013.40948	NC_012154.1	31463
SRR27421013.48130	NC_012154.1	31776
SRR27421013.100495	NC_012154.1	27301
SRR27421013.118374	NC_012154.1	12942
SRR27421013.129000	NC_012154.1	13350
SRR27421013.139054	NC_012154.1	9155
SRR27421013.181842	NC_012154.1	12231
SRR27421013.194114	NC_012154.1	30328
SRR27421013.224641	NC_012154.1	59381
SRR27421013.237110	NC_012154.1	31404
SRR27421013.13647	NC_012154.1	9004
SRR27421013.28359	NC_012154.1	29025
SRR27421013.25827	NC_012154.1	32695
SRR27421013.101120	NC_012154.1	31658
SRR27421013.175002	NC_012154.1	30426
SRR27421013.118479	NC_012154.1	6232
SRR27421013.274213	NC_012154.1	8270
SRR27421013.242373	NC_012154.1	9518
SRR27421013.128388	NC_012154.1	8669
SRR27421013.211639	NC_012154.1	31299
SRR27421013.27422	NC_012154.1	10983
SRR27421013.235483	NC_012154.1	32299
SRR27421013.285346	NC_012154.1	31422
SRR27421013.207924	NC_012154.1	22052
SRR27421013.86151	NC_012154.1	15800
SRR27421013.94791	NC_012154.1	40420
SRR27421013.29255	NC_012154.1	28182
SRR27421013.285759	NC_012154.1	31401
SRR27421013.150627	NC_012154.1	32143
SRR27421013.202815	NC_012154.1	20289
SRR27421013.161984	NC_012154.1	29724
SRR27421013.53841	NC_012154.1	5225
SRR27421013.137370	NC_012154.1	31404
SRR27421013.2960	NC_012154.1	16576
SRR27421013.96159	NC_012154.1	59365
SRR27421013.38829	NC_012154.1	26648
SRR27421013.167352	NC_012154.1	31174
SRR27421013.27192	NC_012154.1	32435
SRR27421013.150081	NC_012154.1	11796
SRR27421013.29320	NC_012154.1	6391
SRR27421013.19675	NC_012154.1	12298
SRR27421013.77003	NC_012154.1	23324
SRR27421013.181600	NC_012154.1	26596
SRR27421013.121313	NC_012154.1	31403
SRR27421013.54684	NC_012154.1	28373
SRR27421013.43396	NC_012154.1	30419
SRR27421013.60229	NC_012154.1	9696
SRR27421013.236234	NC_012154.1	30912
SRR27421013.7118	NC_012154.1	15040
SRR27421013.168710	NC_012154.1	17213
SRR27421013.137931	NC_012154.1	28449
SRR27421013.60017	NC_012154.1	9510
SRR27421013.195528	NC_012154.1	31932
SRR27421013.211790	NC_012154.1	30510
SRR27421013.164292	NC_012154.1	31638
SRR27421013.124623	NC_012154.1	9653
SRR27421013.42750	NC_012154.1	24766
SRR27421013.284004	NC_012154.1	9619
SRR27421013.204148	NC_012154.1	7705
SRR27421013.199362	NC_012154.1	5747
SRR27421013.179263	NC_012154.1	14646
SRR27421013.106126	NC_012154.1	26657
SRR27421013.82057	NC_012154.1	9355
SRR27421013.41356	NC_012154.1	31403
SRR27421013.287002	NC_012154.1	31558
SRR27421013.168214	NC_012154.1	16948
SRR27421013.95022	NC_012154.1	63988
SRR27421013.219309	NC_012154.1	26620
SRR27421013.123142	NC_012154.1	17126
SRR27421013.98482	NC_012154.1	27618
SRR27421013.226355	NC_012154.1	31901
SRR27421013.147101	NC_012154.1	28911
SRR27421013.201442	NC_012154.1	29300
SRR27421013.210283	NC_012154.1	28249
SRR27421013.265741	NC_012154.1	19684
SRR27421013.260062	NC_012154.1	28185
SRR27421013.210180	NC_012154.1	63933
SRR27421013.149873	NC_012154.1	7739
SRR27421013.128874	NC_012154.1	31550
SRR27421013.334	NC_012154.1	22002
SRR27421013.244836	NC_012154.1	25701
SRR27421013.267740	NC_012154.1	29694
SRR27421013.226147	NC_012154.1	47967
SRR27421013.88316	NC_012154.1	10386
SRR27421013.277968	NC_012154.1	32287
SRR27421013.42903	NC_012154.1	32159
SRR27421013.41937	NC_012154.1	32158
SRR27421013.260730	NC_012154.1	32387
SRR27421013.282093	NC_012154.1	14938
SRR27421013.287133	NC_012154.1	12163
SRR27421013.120318	NC_012154.1	19644
SRR27421013.148472	NC_012154.1	10646
SRR27421013.224202	NC_012154.1	30848
SRR27421013.131721	NC_012154.1	10893
SRR27421013.62580	NC_012154.1	6860
SRR27421013.120792	NC_012154.1	8729
SRR27421013.130362	NC_012154.1	31750
SRR27421013.20092	NC_012154.1	10704
SRR27421013.235955	NC_012154.1	32112
SRR27421013.25472	NC_012154.1	6749
SRR27421013.157324	NC_012154.1	30963
SRR27421013.198110	NC_012154.1	13224
SRR27421013.37920	NC_012154.1	31955
SRR27421013.224808	NC_012154.1	26489
SRR27421013.213094	NC_012154.1	57698
SRR27421013.222389	NC_012154.1	7943
SRR27421013.119649	NC_012154.1	9745
SRR27421013.121336	NC_012154.1	27371
SRR27421013.156514	NC_012154.1	43400
SRR27421013.6832	NC_012154.1	5526
SRR27421013.213859	NC_012154.1	31432
SRR27421013.173037	NC_012154.1	31581
SRR27421013.134325	NC_012154.1	10175
SRR27421013.236938	NC_012154.1	31544
SRR27421013.112568	NC_012154.1	15528
SRR27421013.33186	NC_012154.1	31415
SRR27421013.171043	NC_012154.1	14965
SRR27421013.75517	NC_012154.1	32464
SRR27421013.122700	NC_012154.1	32046
SRR27421013.220154	NC_012154.1	31650
SRR27421013.27659	NC_012154.1	18231
SRR27421013.39268	NC_012154.1	31934
SRR27421013.2631	NC_012154.1	5025
SRR27421013.196922	NC_012154.1	32128
SRR27421013.205176	NC_012154.1	5134
SRR27421013.157492	NC_012154.1	5337
SRR27421013.105742	NC_012154.1	32060
SRR27421013.4021	NC_012154.1	14495
SRR27421013.83284	NC_012154.1	24474
SRR27421013.124484	NC_012154.1	31993
SRR27421013.201573	NC_012154.1	31155
SRR27421013.195507	NC_012154.1	26545
SRR27421013.181066	NC_012154.1	28021
SRR27421013.213739	NC_012154.1	32685
SRR27421013.27832	NC_012154.1	31120
SRR27421013.41955	NC_012154.1	31313
SRR27421013.263380	NC_012154.1	20879
SRR27421013.77847	NC_012154.1	27377
SRR27421013.12769	NC_012154.1	9602
SRR27421013.114933	NC_012154.1	30914
SRR27421013.242761	NC_012154.1	11357
SRR27421013.94852	NC_012154.1	31804
SRR27421013.262024	NC_012154.1	31024
SRR27421013.259881	NC_012154.1	30267
SRR27421013.131947	NC_012154.1	6906
SRR27421013.27989	NC_012154.1	31227
SRR27421013.171366	NC_012154.1	15521
SRR27421013.180477	NC_012154.1	19052
SRR27421013.102520	NC_012154.1	32521
SRR27421013.180808	NC_012154.1	31576
SRR27421013.275413	NC_012154.1	31336
SRR27421013.75977	NC_012154.1	32488
SRR27421013.275412	NC_012154.1	31368
SRR27421013.75583	NC_012154.1	29267
SRR27421013.164237	NC_012154.1	26411
SRR27421013.138528	NC_012154.1	26949
SRR27421013.199791	NC_012154.1	19071
SRR27421013.255951	NC_012154.1	11533
SRR27421013.104560	NC_012154.1	31740
SRR27421013.278290	NC_012154.1	11084
SRR27421013.202185	NC_012154.1	8711
SRR27421013.154450	NC_012154.1	18328
SRR27421013.117945	NC_012154.1	20463
SRR27421013.134872	NC_012154.1	5295
SRR27421013.163269	NC_012154.1	29295
SRR27421013.48914	NC_012154.1	31715
SRR27421013.81290	NC_012154.1	31816
SRR27421013.268031	NC_012154.1	31441
SRR27421013.268030	NC_012154.1	31817
SRR27421013.280927	NC_012154.1	25116
SRR27421013.155807	NC_012154.1	30805
SRR27421013.147516	NC_012154.1	10330
SRR27421013.194087	NC_012154.1	8807
SRR27421013.275586	NC_012154.1	26396
SRR27421013.284537	NC_012154.1	10316
SRR27421013.83397	NC_012154.1	32391
SRR27421013.250081	NC_012154.1	6947
SRR27421013.275866	NC_012154.1	31843
SRR27421013.162731	NC_012154.1	30914
SRR27421013.224473	NC_012154.1	31708
SRR27421013.65830	NC_012154.1	25231
SRR27421013.136739	NC_012154.1	47293
SRR27421013.96621	NC_012154.1	22031
SRR27421013.100548	NC_012154.1	32696
SRR27421013.249560	NC_012154.1	7947
SRR27421013.257942	NC_012154.1	30550
SRR27421013.277095	NC_012154.1	20075
SRR27421013.104023	NC_012154.1	30195
SRR27421013.228824	NC_012154.1	7038
SRR27421013.262820	NC_012154.1	5907
SRR27421013.148384	NC_012154.1	6472
SRR27421013.228932	NC_012154.1	29253
SRR27421013.124469	NC_012154.1	31017
SRR27421013.267023	NC_012154.1	30396
SRR27421013.129849	NC_012154.1	26360
SRR27421013.164455	NC_012154.1	31700
SRR27421013.70546	NC_012154.1	16979
SRR27421013.235161	NC_012154.1	12716
SRR27421013.238121	NC_012154.1	9906
SRR27421013.240307	NC_012154.1	10255
SRR27421013.13235	NC_012154.1	22585
SRR27421013.180366	NC_012154.1	26340
SRR27421013.260765	NC_012154.1	27531
SRR27421013.284694	NC_012154.1	10784
SRR27421013.247742	NC_012154.1	9284
SRR27421013.141189	NC_012154.1	15701
SRR27421013.74683	NC_012154.1	18370
SRR27421013.248644	NC_012154.1	15522
SRR27421013.9371	NC_012154.1	7535
SRR27421013.77398	NC_012154.1	12492
SRR27421013.210027	NC_012154.1	31748
SRR27421013.209896	NC_012154.1	31593
SRR27421013.138018	NC_012154.1	31290
SRR27421013.170667	NC_012154.1	19305
SRR27421013.287484	NC_012154.1	21723
SRR27421013.235271	NC_012154.1	32520
SRR27421013.77676	NC_012154.1	12494
SRR27421013.123524	NC_012154.1	31822
SRR27421013.205031	NC_012154.1	25511
SRR27421013.274075	NC_012154.1	9031
SRR27421013.51990	NC_012154.1	18873
SRR27421013.17666	NC_012154.1	16855
SRR27421013.195739	NC_012154.1	31119
SRR27421013.252155	NC_012154.1	16334
SRR27421013.150811	NC_012154.1	20295
SRR27421013.8738	NC_012154.1	31616
SRR27421013.256644	NC_012154.1	32281
SRR27421013.48988	NC_012154.1	31751
SRR27421013.76258	NC_012154.1	26264
SRR27421013.225595	NC_012154.1	27018
SRR27421013.148555	NC_012154.1	27820
SRR27421013.211042	NC_012154.1	34982
SRR27421013.15248	NC_012154.1	11008
SRR27421013.82334	NC_012154.1	28975
SRR27421013.257182	NC_012154.1	10535
SRR27421013.31973	NC_012154.1	9586
SRR27421013.164272	NC_012154.1	26252
SRR27421013.210460	NC_012154.1	26295
SRR27421013.20700	NC_012154.1	7021
SRR27421013.248252	NC_012154.1	30760
SRR27421013.193642	NC_012154.1	31367
SRR27421013.52009	NC_012154.1	18878
SRR27421013.135453	NC_012154.1	62971
SRR27421013.161180	NC_012154.1	31463
SRR27421013.136311	NC_012154.1	63401
SRR27421013.165793	NC_012154.1	6102
SRR27421013.253366	NC_012154.1	31653
SRR27421013.248704	NC_012154.1	30385
SRR27421013.131217	NC_012154.1	30913
SRR27421013.156981	NC_012154.1	31598
SRR27421013.162276	NC_012154.1	17074
SRR27421013.260450	NC_012154.1	32390
SRR27421013.212469	NC_012154.1	40300
SRR27421013.188556	NC_012154.1	7818
SRR27421013.84373	NC_012154.1	19721
SRR27421013.158159	NC_012154.1	30507
SRR27421013.75811	NC_012154.1	48517
SRR27421013.62552	NC_012154.1	30658
SRR27421013.189228	NC_012154.1	14142
SRR27421013.220423	NC_012154.1	25965
SRR27421013.193780	NC_012154.1	30814
SRR27421013.18580	NC_012154.1	10463
SRR27421013.283377	NC_012154.1	7279
SRR27421013.210136	NC_012154.1	10799
SRR27421013.285314	NC_012154.1	7536
SRR27421013.122237	NC_012154.1	26368
SRR27421013.67159	NC_012154.1	17394
SRR27421013.78195	NC_012154.1	9769
SRR27421013.134360	NC_012154.1	12375
SRR27421013.42326	NC_012154.1	15648
SRR27421013.113017	NC_012154.1	5228
SRR27421013.46308	NC_012154.1	17492
SRR27421013.124236	NC_012154.1	32557
SRR27421013.95072	NC_012154.1	33069
SRR27421013.137408	NC_012154.1	31773
SRR27421013.241782	NC_012154.1	20338
SRR27421013.17588	NC_012154.1	5950
SRR27421013.119654	NC_012154.1	31554
SRR27421013.73668	NC_012154.1	16172
SRR27421013.263372	NC_012154.1	33075
SRR27421013.146632	NC_012154.1	31777
SRR27421013.234652	NC_012154.1	11265
SRR27421013.271410	NC_012154.1	12856
SRR27421013.52586	NC_012154.1	12373
SRR27421013.120484	NC_012154.1	32378
SRR27421013.75792	NC_012154.1	24929
SRR27421013.211998	NC_012154.1	30445
SRR27421013.146884	NC_012154.1	31413
SRR27421013.22475	NC_012154.1	6590
SRR27421013.210659	NC_012154.1	64605
SRR27421013.284175	NC_012154.1	25996
SRR27421013.238781	NC_012154.1	18385
SRR27421013.30309	NC_012154.1	30803
SRR27421013.90124	NC_012154.1	8521
SRR27421013.82546	NC_012154.1	31804
SRR27421013.226579	NC_012154.1	32387
SRR27421013.88550	NC_012154.1	8509
SRR27421013.71129	NC_012154.1	5924
SRR27421013.192275	NC_012154.1	5069
SRR27421013.268626	NC_012154.1	12054
SRR27421013.212679	NC_012154.1	31586
SRR27421013.262600	NC_012154.1	31214
SRR27421013.260386	NC_012154.1	22629
SRR27421013.149306	NC_012154.1	15975
SRR27421013.61259	NC_012154.1	9402
SRR27421013.210110	NC_012154.1	14492
SRR27421013.52555	NC_012154.1	9286
SRR27421013.128805	NC_012154.1	16674
SRR27421013.72639	NC_012154.1	8670
SRR27421013.164341	NC_012154.1	31711
SRR27421013.194698	NC_012154.1	30510
SRR27421013.210271	NC_012154.1	31288
SRR27421013.146878	NC_012154.1	26155
SRR27421013.80983	NC_012154.1	27398
SRR27421013.211732	NC_012154.1	27798
SRR27421013.267643	NC_012154.1	31530
SRR27421013.288246	NC_012154.1	18689
SRR27421013.157	NC_012154.1	18613
SRR27421013.92356	NC_012154.1	25549
SRR27421013.49377	NC_012154.1	33604
SRR27421013.13968	NC_012154.1	8864
SRR27421013.285578	NC_012154.1	17250
SRR27421013.27480	NC_012154.1	26181
SRR27421013.69660	NC_012154.1	5326
SRR27421013.47502	NC_012154.1	6683
SRR27421013.8562	NC_012154.1	11109
SRR27421013.266645	NC_012154.1	34480
SRR27421013.277876	NC_012154.1	11863
SRR27421013.267721	NC_012154.1	14704
SRR27421013.224389	NC_012154.1	32482
SRR27421013.156769	NC_012154.1	12822
SRR27421013.13195	NC_012154.1	15705
SRR27421013.210144	NC_012154.1	18179
SRR27421013.35210	NC_012154.1	31719
SRR27421013.168076	NC_012154.1	11983
SRR27421013.23626	NC_012154.1	9014
SRR27421013.48805	NC_012154.1	6663
SRR27421013.93925	NC_012154.1	9271
SRR27421013.77766	NC_012154.1	26198
SRR27421013.95061	NC_012154.1	31508
SRR27421013.265981	NC_012154.1	21333
SRR27421013.68062	NC_012154.1	6163
SRR27421013.276158	NC_012154.1	10490
SRR27421013.276733	NC_012154.1	10233
SRR27421013.32695	NC_012154.1	26147
SRR27421013.255078	NC_012154.1	11130
SRR27421013.37046	NC_012154.1	26002
SRR27421013.227238	NC_012154.1	32314
SRR27421013.101659	NC_012154.1	16782
SRR27421013.81264	NC_012154.1	37597
SRR27421013.48374	NC_012154.1	29624
SRR27421013.237743	NC_012154.1	23323
SRR27421013.146094	NC_012154.1	31005
SRR27421013.198446	NC_012154.1	18436
SRR27421013.210350	NC_012154.1	31543
SRR27421013.81411	NC_012154.1	40525
SRR27421013.103094	NC_012154.1	17265
SRR27421013.191755	NC_012154.1	8762
SRR27421013.219339	NC_012154.1	32925
SRR27421013.213133	NC_012154.1	41418
SRR27421013.250910	NC_012154.1	6350
SRR27421013.257907	NC_012154.1	23288
SRR27421013.194848	NC_012154.1	28908
SRR27421013.281687	NC_012154.1	26064
SRR27421013.156573	NC_012154.1	32872
SRR27421013.28351	NC_012154.1	30166
SRR27421013.277911	NC_012154.1	21633
SRR27421013.219646	NC_012154.1	26045
SRR27421013.219038	NC_012154.1	32548
SRR27421013.273921	NC_012154.1	5452
SRR27421013.165785	NC_012154.1	7858
SRR27421013.18270	NC_012154.1	5350
SRR27421013.58706	NC_012154.1	12631
SRR27421013.2794	NC_012154.1	26122
SRR27421013.144188	NC_012154.1	8780
SRR27421013.33552	NC_012154.1	16429
SRR27421013.101824	NC_012154.1	64274
SRR27421013.102118	NC_012154.1	27003
SRR27421013.174294	NC_012154.1	9351
SRR27421013.272677	NC_012154.1	9009
SRR27421013.75664	NC_012154.1	12261
SRR27421013.24270	NC_012154.1	20103
SRR27421013.38228	NC_012154.1	10202
SRR27421013.136280	NC_012154.1	9859
SRR27421013.173167	NC_012154.1	31436
SRR27421013.260919	NC_012154.1	31481
SRR27421013.260107	NC_012154.1	31434
SRR27421013.97521	NC_012154.1	27431
SRR27421013.285108	NC_012154.1	7093
SRR27421013.285712	NC_012154.1	31432
SRR27421013.224711	NC_012154.1	32141
SRR27421013.225916	NC_012154.1	31919
SRR27421013.170702	NC_012154.1	9980
SRR27421013.38772	NC_012154.1	32145
SRR27421013.23980	NC_012154.1	12954
SRR27421013.191437	NC_012154.1	8944
SRR27421013.97756	NC_012154.1	32250
SRR27421013.143923	NC_012154.1	13350
SRR27421013.209501	NC_012154.1	25882
SRR27421013.135292	NC_012154.1	32449
SRR27421013.171789	NC_012154.1	18490
SRR27421013.36297	NC_012154.1	12016
SRR27421013.83971	NC_012154.1	18800
SRR27421013.34955	NC_012154.1	11997
SRR27421013.190548	NC_012154.1	11753
SRR27421013.218888	NC_012154.1	32377
SRR27421013.241932	NC_012154.1	23541
SRR27421013.173727	NC_012154.1	27273
SRR27421013.54689	NC_012154.1	18615
SRR27421013.93854	NC_012154.1	18678
SRR27421013.22873	NC_012154.1	5716
SRR27421013.95426	NC_012154.1	27320
SRR27421013.173830	NC_012154.1	30769
SRR27421013.146461	NC_012154.1	26008
SRR27421013.120990	NC_012154.1	25779
SRR27421013.211165	NC_012154.1	32340
SRR27421013.143428	NC_012154.1	10089
SRR27421013.10614	NC_012154.1	7432
SRR27421013.236646	NC_012154.1	32218
SRR27421013.77434	NC_012154.1	26016
SRR27421013.217516	NC_012154.1	31968
SRR27421013.99669	NC_012154.1	13548
SRR27421013.287887	NC_012154.1	7165
SRR27421013.238131	NC_012154.1	16686
SRR27421013.209613	NC_012154.1	32130
SRR27421013.107672	NC_012154.1	25684
SRR27421013.206422	NC_012154.1	27832
SRR27421013.213471	NC_012154.1	22576
SRR27421013.50004	NC_012154.1	31429
SRR27421013.135795	NC_012154.1	32006
SRR27421013.148203	NC_012154.1	31102
SRR27421013.96823	NC_012154.1	23142
SRR27421013.201329	NC_012154.1	23091
SRR27421013.131869	NC_012154.1	31835
SRR27421013.167011	NC_012154.1	8399
SRR27421013.251581	NC_012154.1	12537
SRR27421013.209687	NC_012154.1	10949
SRR27421013.76792	NC_012154.1	27290
SRR27421013.173635	NC_012154.1	31107
SRR27421013.106750	NC_012154.1	11956
SRR27421013.149691	NC_012154.1	30463
SRR27421013.287507	NC_012154.1	31650
SRR27421013.154264	NC_012154.1	39326
SRR27421013.143157	NC_012154.1	18943
SRR27421013.74629	NC_012154.1	11687
SRR27421013.157485	NC_012154.1	23444
SRR27421013.275013	NC_012154.1	31860
SRR27421013.192997	NC_012154.1	5428
SRR27421013.98696	NC_012154.1	60614
SRR27421013.129721	NC_012154.1	8871
SRR27421013.143082	NC_012154.1	8320
SRR27421013.160711	NC_012154.1	17114
SRR27421013.213630	NC_012154.1	30916
SRR27421013.277044	NC_012154.1	9830
SRR27421013.4361	NC_012154.1	18075
SRR27421013.183334	NC_012154.1	6421
SRR27421013.257558	NC_012154.1	31882
SRR27421013.111834	NC_012154.1	5615
SRR27421013.82499	NC_012154.1	8777
SRR27421013.235824	NC_012154.1	31256
SRR27421013.266466	NC_012154.1	7632
SRR27421013.226601	NC_012154.1	32509
SRR27421013.255778	NC_012154.1	33127
SRR27421013.255255	NC_012154.1	28134
SRR27421013.98921	NC_012154.1	31966
SRR27421013.129269	NC_012154.1	7191
SRR27421013.25643	NC_012154.1	15980
SRR27421013.280019	NC_012154.1	8423
SRR27421013.232083	NC_012154.1	13152
SRR27421013.262899	NC_012154.1	30922
SRR27421013.175313	NC_012154.1	5363
SRR27421013.268231	NC_012154.1	27269
SRR27421013.75120	NC_012154.1	32246
SRR27421013.74735	NC_012154.1	32316
SRR27421013.211972	NC_012154.1	31359
SRR27421013.221957	NC_012154.1	8173
SRR27421013.87828	NC_012154.1	5843
SRR27421013.16179	NC_012154.1	21696
SRR27421013.126812	NC_012154.1	5319
SRR27421013.226168	NC_012154.1	25893
SRR27421013.134270	NC_012154.1	8369
SRR27421013.222898	NC_012154.1	32112
SRR27421013.231058	NC_012154.1	10463
SRR27421013.122875	NC_012154.1	18002
SRR27421013.135301	NC_012154.1	25809
SRR27421013.246250	NC_012154.1	11699
SRR27421013.193129	NC_012154.1	27428
SRR27421013.18333	NC_012154.1	25976
SRR27421013.82820	NC_012154.1	32113
SRR27421013.216288	NC_012154.1	16329
SRR27421013.74628	NC_012154.1	31857
SRR27421013.194073	NC_012154.1	31396
SRR27421013.167438	NC_012154.1	9375
SRR27421013.269290	NC_012154.1	7034
SRR27421013.62760	NC_012154.1	31959
SRR27421013.254494	NC_012154.1	27242
SRR27421013.227021	NC_012154.1	10070
SRR27421013.96437	NC_012154.1	8807
SRR27421013.146771	NC_012154.1	28293
SRR27421013.39196	NC_012154.1	25911
SRR27421013.93229	NC_012154.1	5156
SRR27421013.247366	NC_012154.1	15611
SRR27421013.288358	NC_012154.1	16667
SRR27421013.182186	NC_012154.1	31924
SRR27421013.82382	NC_012154.1	19188
SRR27421013.226479	NC_012154.1	32740
SRR27421013.105233	NC_012154.1	18908
SRR27421013.277490	NC_012154.1	16249
SRR27421013.73485	NC_012154.1	26059
SRR27421013.118945	NC_012154.1	15150
SRR27421013.206789	NC_012154.1	17739
SRR27421013.102564	NC_012154.1	25778
SRR27421013.131974	NC_012154.1	31665
SRR27421013.39176	NC_012154.1	32054
SRR27421013.76525	NC_012154.1	32821
SRR27421013.156832	NC_012154.1	31919
SRR27421013.218622	NC_012154.1	32018
SRR27421013.158372	NC_012154.1	9674
SRR27421013.199501	NC_012154.1	5723
SRR27421013.143550	NC_012154.1	10939
SRR27421013.7520	NC_012154.1	10162
SRR27421013.167568	NC_012154.1	8714
SRR27421013.174265	NC_012154.1	32066
SRR27421013.96623	NC_012154.1	38865
SRR27421013.246275	NC_012154.1	31434
SRR27421013.277697	NC_012154.1	32118
SRR27421013.92044	NC_012154.1	12250
SRR27421013.209437	NC_012154.1	31919
SRR27421013.188377	NC_012154.1	11823
SRR27421013.37499	NC_012154.1	7648
SRR27421013.104238	NC_012154.1	17019
SRR27421013.261156	NC_012154.1	32183
SRR27421013.131026	NC_012154.1	25870
SRR27421013.247012	NC_012154.1	5909
SRR27421013.203706	NC_012154.1	9554
SRR27421013.197675	NC_012154.1	14111
SRR27421013.226141	NC_012154.1	31581
SRR27421013.193959	NC_012154.1	31565
SRR27421013.48392	NC_012154.1	32710
SRR27421013.210321	NC_012154.1	25686
SRR27421013.50515	NC_012154.1	32764
SRR27421013.123594	NC_012154.1	31387
SRR27421013.224878	NC_012154.1	33952
SRR27421013.178498	NC_012154.1	16444
SRR27421013.194977	NC_012154.1	31471
SRR27421013.29980	NC_012154.1	29311
SRR27421013.40817	NC_012154.1	9407
SRR27421013.194496	NC_012154.1	32116
SRR27421013.286985	NC_012154.1	25606
SRR27421013.83306	NC_012154.1	13742
SRR27421013.173796	NC_012154.1	39675
SRR27421013.195637	NC_012154.1	31300
SRR27421013.266008	NC_012154.1	32185
SRR27421013.286619	NC_012154.1	31214
SRR27421013.209799	NC_012154.1	31863
SRR27421013.163861	NC_012154.1	26000
SRR27421013.74258	NC_012154.1	25660
SRR27421013.152264	NC_012154.1	25848
SRR27421013.118725	NC_012154.1	15177
SRR27421013.118726	NC_012154.1	17624
SRR27421013.194700	NC_012154.1	32636
SRR27421013.106612	NC_012154.1	32446
SRR27421013.71165	NC_012154.1	11998
SRR27421013.123068	NC_012154.1	30823
SRR27421013.286221	NC_012154.1	18910
SRR27421013.164858	NC_012154.1	17848
SRR27421013.213343	NC_012154.1	31744
SRR27421013.227038	NC_012154.1	32118
SRR27421013.209471	NC_012154.1	31381
SRR27421013.244149	NC_012154.1	28343
SRR27421013.40824	NC_012154.1	23175
SRR27421013.210045	NC_012154.1	25548
SRR27421013.209791	NC_012154.1	29974
SRR27421013.208245	NC_012154.1	8723
SRR27421013.204873	NC_012154.1	5226
SRR27421013.225985	NC_012154.1	32860
SRR27421013.15318	NC_012154.1	12935
SRR27421013.112796	NC_012154.1	27315
SRR27421013.183276	NC_012154.1	6077
SRR27421013.14116	NC_012154.1	8490
SRR27421013.201957	NC_012154.1	9182
SRR27421013.103498	NC_012154.1	25634
SRR27421013.124704	NC_012154.1	30374
SRR27421013.135895	NC_012154.1	24499
SRR27421013.225592	NC_012154.1	30657
SRR27421013.224707	NC_012154.1	30410
SRR27421013.237372	NC_012154.1	32052
SRR27421013.234488	NC_012154.1	31997
SRR27421013.220787	NC_012154.1	25511
SRR27421013.36415	NC_012154.1	5884
SRR27421013.145884	NC_012154.1	31414
SRR27421013.209954	NC_012154.1	17384
SRR27421013.97821	NC_012154.1	31887
SRR27421013.27021	NC_012154.1	25415
SRR27421013.146140	NC_012154.1	31806
SRR27421013.57202	NC_012154.1	16940
SRR27421013.132274	NC_012154.1	6484
SRR27421013.207976	NC_012154.1	23475
SRR27421013.153803	NC_012154.1	32411
SRR27421013.243701	NC_012154.1	7429
SRR27421013.118717	NC_012154.1	32572
SRR27421013.225447	NC_012154.1	32187
SRR27421013.149933	NC_012154.1	20321
SRR27421013.224313	NC_012154.1	29245
SRR27421013.170950	NC_012154.1	17812
SRR27421013.120770	NC_012154.1	30983
SRR27421013.122936	NC_012154.1	30630
SRR27421013.105414	NC_012154.1	31680
SRR27421013.256876	NC_012154.1	33538
SRR27421013.470	NC_012154.1	16022
SRR27421013.283645	NC_012154.1	9464
SRR27421013.225383	NC_012154.1	32379
SRR27421013.209787	NC_012154.1	32040
SRR27421013.55380	NC_012154.1	23860
SRR27421013.212500	NC_012154.1	31911
SRR27421013.287709	NC_012154.1	13378
SRR27421013.262008	NC_012154.1	32614
SRR27421013.265809	NC_012154.1	31145
SRR27421013.134298	NC_012154.1	11861
SRR27421013.209520	NC_012154.1	31895
SRR27421013.242680	NC_012154.1	24873
SRR27421013.253722	NC_012154.1	19741
SRR27421013.212168	NC_012154.1	25530
SRR27421013.159765	NC_012154.1	31468
SRR27421013.275481	NC_012154.1	8369
SRR27421013.24815	NC_012154.1	30515
SRR27421013.275252	NC_012154.1	30608
SRR27421013.279049	NC_012154.1	11300
SRR27421013.279409	NC_012154.1	20394
SRR27421013.145803	NC_012154.1	25416
SRR27421013.172419	NC_012154.1	31884
SRR27421013.48657	NC_012154.1	27757
SRR27421013.218648	NC_012154.1	31853
SRR27421013.218034	NC_012154.1	31739
SRR27421013.259361	NC_012154.1	5951
SRR27421013.260812	NC_012154.1	25536
SRR27421013.124687	NC_012154.1	18851
SRR27421013.5857	NC_012154.1	5075
SRR27421013.223959	NC_012154.1	31676
SRR27421013.138611	NC_012154.1	9554
SRR27421013.238795	NC_012154.1	14716
SRR27421013.265942	NC_012154.1	23994
SRR27421013.257263	NC_012154.1	29651
SRR27421013.119469	NC_012154.1	25193
SRR27421013.219199	NC_012154.1	32717
SRR27421013.224112	NC_012154.1	27143
SRR27421013.195335	NC_012154.1	5080
SRR27421013.231086	NC_012154.1	24664
SRR27421013.212722	NC_012154.1	31558
SRR27421013.226323	NC_012154.1	63328
SRR27421013.118730	NC_012154.1	63766
SRR27421013.157564	NC_012154.1	25540
SRR27421013.120746	NC_012154.1	62390
SRR27421013.146380	NC_012154.1	26724
SRR27421013.194903	NC_012154.1	30930
SRR27421013.278369	NC_012154.1	49558
SRR27421013.99596	NC_012154.1	31346
SRR27421013.124299	NC_012154.1	32383
SRR27421013.39591	NC_012154.1	31513
SRR27421013.101962	NC_012154.1	31870
SRR27421013.224727	NC_012154.1	15464
SRR27421013.225003	NC_012154.1	19515
SRR27421013.174977	NC_012154.1	31155
SRR27421013.258922	NC_012154.1	25419
SRR27421013.118870	NC_012154.1	53672
SRR27421013.72102	NC_012154.1	5492
SRR27421013.68132	NC_012154.1	8623
SRR27421013.211474	NC_012154.1	31255
SRR27421013.243502	NC_012154.1	8352
SRR27421013.94153	NC_012154.1	6974
SRR27421013.131275	NC_012154.1	33009
SRR27421013.236033	NC_012154.1	7869
SRR27421013.97510	NC_012154.1	32127
SRR27421013.186419	NC_012154.1	27142
SRR27421013.3977	NC_012154.1	17212
SRR27421013.189134	NC_012154.1	11658
SRR27421013.261338	NC_012154.1	32779
SRR27421013.205817	NC_012154.1	8273
SRR27421013.173154	NC_012154.1	14695
SRR27421013.112449	NC_012154.1	6217
SRR27421013.42875	NC_012154.1	12688
SRR27421013.179328	NC_012154.1	21694
SRR27421013.162482	NC_012154.1	31567
SRR27421013.185005	NC_012154.1	10763
SRR27421013.259153	NC_012154.1	14728
SRR27421013.36850	NC_012154.1	16741
SRR27421013.138451	NC_012154.1	32079
SRR27421013.3233	NC_012154.1	6622
SRR27421013.192663	NC_012154.1	32362
SRR27421013.218612	NC_012154.1	26999
SRR27421013.259013	NC_012154.1	9660
SRR27421013.261972	NC_012154.1	19499
SRR27421013.258509	NC_012154.1	31708
SRR27421013.278186	NC_012154.1	5602
SRR27421013.90905	NC_012154.1	5951
SRR27421013.72662	NC_012154.1	8410
SRR27421013.193096	NC_012154.1	31261
SRR27421013.254140	NC_012154.1	5882
SRR27421013.288495	NC_012154.1	31771
SRR27421013.164615	NC_012154.1	25340
SRR27421013.140210	NC_012154.1	9531
SRR27421013.13824	NC_012154.1	18399
SRR27421013.261573	NC_012154.1	31217
SRR27421013.55624	NC_012154.1	5336
SRR27421013.288434	NC_012154.1	6788
SRR27421013.124451	NC_012154.1	31125
SRR27421013.151016	NC_012154.1	19456
SRR27421013.287239	NC_012154.1	16604
SRR27421013.248861	NC_012154.1	14480
SRR27421013.271111	NC_012154.1	11500
SRR27421013.152852	NC_012154.1	21845
SRR27421013.192186	NC_012154.1	7569
SRR27421013.244407	NC_012154.1	9310
SRR27421013.17250	NC_012154.1	18375
SRR27421013.50595	NC_012154.1	31470
SRR27421013.121894	NC_012154.1	30385
SRR27421013.33791	NC_012154.1	15820
SRR27421013.29679	NC_012154.1	25549
SRR27421013.84890	NC_012154.1	13435
SRR27421013.194762	NC_012154.1	28069
SRR27421013.74409	NC_012154.1	23426
SRR27421013.260863	NC_012154.1	25938
SRR27421013.224231	NC_012154.1	31115
SRR27421013.225723	NC_012154.1	32049
SRR27421013.193766	NC_012154.1	57866
SRR27421013.4448	NC_012154.1	6032
SRR27421013.226643	NC_012154.1	32161
SRR27421013.231923	NC_012154.1	14059
SRR27421013.119082	NC_012154.1	32984
SRR27421013.76293	NC_012154.1	31636
SRR27421013.234504	NC_012154.1	27789
SRR27421013.267637	NC_012154.1	25318
SRR27421013.174615	NC_012154.1	10036
SRR27421013.5100	NC_012154.1	8474
SRR27421013.174742	NC_012154.1	10037
SRR27421013.28144	NC_012154.1	31279
SRR27421013.28445	NC_012154.1	25269
SRR27421013.258099	NC_012154.1	22916
SRR27421013.149221	NC_012154.1	26887
SRR27421013.192535	NC_012154.1	8386
SRR27421013.266805	NC_012154.1	31098
SRR27421013.139959	NC_012154.1	31886
SRR27421013.58850	NC_012154.1	5485
SRR27421013.131317	NC_012154.1	32057
SRR27421013.244832	NC_012154.1	7154
SRR27421013.106693	NC_012154.1	15166
SRR27421013.287707	NC_012154.1	30954
SRR27421013.76212	NC_012154.1	31442
SRR27421013.100128	NC_012154.1	31939
SRR27421013.135427	NC_012154.1	8641
SRR27421013.136174	NC_012154.1	8654
SRR27421013.220547	NC_012154.1	10249
SRR27421013.131191	NC_012154.1	27871
SRR27421013.227216	NC_012154.1	31679
SRR27421013.27817	NC_012154.1	17845
SRR27421013.288224	NC_012154.1	32349
SRR27421013.49053	NC_012154.1	32971
SRR27421013.185621	NC_012154.1	13611
SRR27421013.254737	NC_012154.1	29861
SRR27421013.264630	NC_012154.1	25273
SRR27421013.278095	NC_012154.1	14384
SRR27421013.211962	NC_012154.1	10766
SRR27421013.20895	NC_012154.1	25273
SRR27421013.276024	NC_012154.1	14200
SRR27421013.285441	NC_012154.1	31855
SRR27421013.37724	NC_012154.1	15529
SRR27421013.136803	NC_012154.1	26097
SRR27421013.261902	NC_012154.1	31516
SRR27421013.213299	NC_012154.1	31792
SRR27421013.148142	NC_012154.1	32623
SRR27421013.130007	NC_012154.1	18598
SRR27421013.208783	NC_012154.1	31144
SRR27421013.105806	NC_012154.1	31668
SRR27421013.273789	NC_012154.1	12207
SRR27421013.224997	NC_012154.1	31029
SRR27421013.244842	NC_012154.1	20327
SRR27421013.25807	NC_012154.1	15701
SRR27421013.257414	NC_012154.1	31106
SRR27421013.259433	NC_012154.1	17524
SRR27421013.82047	NC_012154.1	31737
SRR27421013.140224	NC_012154.1	25216
SRR27421013.28415	NC_012154.1	32420
SRR27421013.40949	NC_012154.1	16119
SRR27421013.147679	NC_012154.1	25186
SRR27421013.263970	NC_012154.1	20557
SRR27421013.84267	NC_012154.1	30840
SRR27421013.121656	NC_012154.1	26956
SRR27421013.129838	NC_012154.1	30809
SRR27421013.83851	NC_012154.1	30924
SRR27421013.254678	NC_012154.1	25256
SRR27421013.150610	NC_012154.1	30970
SRR27421013.174786	NC_012154.1	32315
SRR27421013.177647	NC_012154.1	9222
SRR27421013.224232	NC_012154.1	57625
SRR27421013.225971	NC_012154.1	22007
SRR27421013.101714	NC_012154.1	32164
SRR27421013.281054	NC_012154.1	31304
SRR27421013.18164	NC_012154.1	31794
SRR27421013.72418	NC_012154.1	29875
SRR27421013.181592	NC_012154.1	32826
SRR27421013.284900	NC_012154.1	28617
SRR27421013.218315	NC_012154.1	31724
SRR27421013.263720	NC_012154.1	31474
SRR27421013.128812	NC_012154.1	19491
SRR27421013.247974	NC_012154.1	8315
SRR27421013.265623	NC_012154.1	31627
SRR27421013.147610	NC_012154.1	32373
SRR27421013.74945	NC_012154.1	16156
SRR27421013.224010	NC_012154.1	31711
SRR27421013.204202	NC_012154.1	11501
SRR27421013.256421	NC_012154.1	31800
SRR27421013.104415	NC_012154.1	31708
SRR27421013.251994	NC_012154.1	11661
SRR27421013.75112	NC_012154.1	32010
SRR27421013.101263	NC_012154.1	31882
SRR27421013.91564	NC_012154.1	7736
SRR27421013.59648	NC_012154.1	25190
SRR27421013.195652	NC_012154.1	31572
SRR27421013.166697	NC_012154.1	6452
SRR27421013.284974	NC_012154.1	17525
SRR27421013.71195	NC_012154.1	10998
SRR27421013.6707	NC_012154.1	13836
SRR27421013.258918	NC_012154.1	16650
SRR27421013.48611	NC_012154.1	32554
SRR27421013.71923	NC_012154.1	11063
SRR27421013.168011	NC_012154.1	18724
SRR27421013.277060	NC_012154.1	32638
SRR27421013.99888	NC_012154.1	5021
SRR27421013.12250	NC_012154.1	6411
SRR27421013.201685	NC_012154.1	25066
SRR27421013.226923	NC_012154.1	31430
SRR27421013.203174	NC_012154.1	7004
SRR27421013.128909	NC_012154.1	25043
SRR27421013.146719	NC_012154.1	32435
SRR27421013.158649	NC_012154.1	32422
SRR27421013.125515	NC_012154.1	16173
SRR27421013.146994	NC_012154.1	38081
SRR27421013.285688	NC_012154.1	31796
SRR27421013.234940	NC_012154.1	7324
SRR27421013.241452	NC_012154.1	16026
SRR27421013.275235	NC_012154.1	11799
SRR27421013.275182	NC_012154.1	7969
SRR27421013.210850	NC_012154.1	23503
SRR27421013.231235	NC_012154.1	32133
SRR27421013.221924	NC_012154.1	23001
SRR27421013.212705	NC_012154.1	6367
SRR27421013.155521	NC_012154.1	14029
SRR27421013.155509	NC_012154.1	65276
SRR27421013.186227	NC_012154.1	7857
SRR27421013.97997	NC_012154.1	31558
SRR27421013.148111	NC_012154.1	13293
SRR27421013.209602	NC_012154.1	25116
SRR27421013.224729	NC_012154.1	32555
SRR27421013.136136	NC_012154.1	31496
SRR27421013.226152	NC_012154.1	22774
SRR27421013.56559	NC_012154.1	20313
SRR27421013.106293	NC_012154.1	14883
SRR27421013.113548	NC_012154.1	5040
SRR27421013.281795	NC_012154.1	5480
SRR27421013.162947	NC_012154.1	32406
SRR27421013.2322	NC_012154.1	11961
SRR27421013.227036	NC_012154.1	32047
SRR27421013.146159	NC_012154.1	32238
SRR27421013.236517	NC_012154.1	31717
SRR27421013.252531	NC_012154.1	31183
SRR27421013.8777	NC_012154.1	6163
SRR27421013.174538	NC_012154.1	5004
SRR27421013.77277	NC_012154.1	12259
SRR27421013.280071	NC_012154.1	18571
SRR27421013.186565	NC_012154.1	25120
SRR27421013.26842	NC_012154.1	6551
SRR27421013.276870	NC_012154.1	12468
SRR27421013.5303	NC_012154.1	9158
SRR27421013.279487	NC_012154.1	9627
SRR27421013.165583	NC_012154.1	27326
SRR27421013.268758	NC_012154.1	6363
SRR27421013.174509	NC_012154.1	31223
SRR27421013.231614	NC_012154.1	6123
SRR27421013.103860	NC_012154.1	37736
SRR27421013.225776	NC_012154.1	22812
SRR27421013.195590	NC_012154.1	8951
SRR27421013.262815	NC_012154.1	25939
SRR27421013.108128	NC_012154.1	12458
SRR27421013.146466	NC_012154.1	32109
SRR27421013.76102	NC_012154.1	21368
SRR27421013.123295	NC_012154.1	26016
SRR27421013.223468	NC_012154.1	32715
SRR27421013.77853	NC_012154.1	32049
SRR27421013.225377	NC_012154.1	31448
SRR27421013.261544	NC_012154.1	61989
SRR27421013.73604	NC_012154.1	10264
SRR27421013.235904	NC_012154.1	31684
SRR27421013.226698	NC_012154.1	31315
SRR27421013.136513	NC_012154.1	31481
SRR27421013.244885	NC_012154.1	16728
SRR27421013.174871	NC_012154.1	10115
SRR27421013.218701	NC_012154.1	31892
SRR27421013.50210	NC_012154.1	32619
SRR27421013.156714	NC_012154.1	32581
SRR27421013.218252	NC_012154.1	26491
SRR27421013.285256	NC_012154.1	9320
SRR27421013.231774	NC_012154.1	14651
SRR27421013.150626	NC_012154.1	5052
SRR27421013.280915	NC_012154.1	6082
SRR27421013.114210	NC_012154.1	28950
SRR27421013.172029	NC_012154.1	16043
SRR27421013.37707	NC_012154.1	25519
SRR27421013.22724	NC_012154.1	5529
SRR27421013.36694	NC_012154.1	5873
SRR27421013.226294	NC_012154.1	31833
SRR27421013.100146	NC_012154.1	32430
SRR27421013.148208	NC_012154.1	31699
SRR27421013.101560	NC_012154.1	26815
SRR27421013.3632	NC_012154.1	31287
SRR27421013.157656	NC_012154.1	32146
SRR27421013.139985	NC_012154.1	9776
SRR27421013.103296	NC_012154.1	22904
SRR27421013.267993	NC_012154.1	31527
SRR27421013.89172	NC_012154.1	5086
SRR27421013.287285	NC_012154.1	32558
SRR27421013.226350	NC_012154.1	42844
SRR27421013.146613	NC_012154.1	31174
SRR27421013.23015	NC_012154.1	8594
SRR27421013.185276	NC_012154.1	7951
SRR27421013.78867	NC_012154.1	22626
SRR27421013.225286	NC_012154.1	54940
SRR27421013.101993	NC_012154.1	16054
SRR27421013.87422	NC_012154.1	14568
SRR27421013.262912	NC_012154.1	22171
SRR27421013.210886	NC_012154.1	8639
SRR27421013.149790	NC_012154.1	13058
SRR27421013.209987	NC_012154.1	12101
SRR27421013.96101	NC_012154.1	32194
SRR27421013.163115	NC_012154.1	32133
SRR27421013.107224	NC_012154.1	32633
SRR27421013.193638	NC_012154.1	31663
SRR27421013.60585	NC_012154.1	21351
SRR27421013.58312	NC_012154.1	10408
SRR27421013.77632	NC_012154.1	24643
SRR27421013.270134	NC_012154.1	16033
SRR27421013.150683	NC_012154.1	11258
SRR27421013.249055	NC_012154.1	32027
SRR27421013.83864	NC_012154.1	32742
SRR27421013.211152	NC_012154.1	31884
SRR27421013.76320	NC_012154.1	32334
SRR27421013.48906	NC_012154.1	18801
SRR27421013.74245	NC_012154.1	26250
SRR27421013.103543	NC_012154.1	9164
SRR27421013.83118	NC_012154.1	31464
SRR27421013.265445	NC_012154.1	33120
SRR27421013.76550	NC_012154.1	31952
SRR27421013.14744	NC_012154.1	13008
SRR27421013.129912	NC_012154.1	15102
SRR27421013.27789	NC_012154.1	31886
SRR27421013.32092	NC_012154.1	25090
SRR27421013.123181	NC_012154.1	14652
SRR27421013.164367	NC_012154.1	24734
SRR27421013.225868	NC_012154.1	15813
SRR27421013.50347	NC_012154.1	5745
SRR27421013.41560	NC_012154.1	31063
SRR27421013.82694	NC_012154.1	32817
SRR27421013.131076	NC_012154.1	25527
SRR27421013.50284	NC_012154.1	32570
SRR27421013.141452	NC_012154.1	32026
SRR27421013.211741	NC_012154.1	32078
SRR27421013.226687	NC_012154.1	31823
SRR27421013.164195	NC_012154.1	32140
SRR27421013.168784	NC_012154.1	6851
SRR27421013.284207	NC_012154.1	16646
SRR27421013.102492	NC_012154.1	11125
SRR27421013.201097	NC_012154.1	18592
SRR27421013.120980	NC_012154.1	32474
SRR27421013.246265	NC_012154.1	14233
SRR27421013.262382	NC_012154.1	31827
SRR27421013.129121	NC_012154.1	28387
SRR27421013.210003	NC_012154.1	31799
SRR27421013.95453	NC_012154.1	24697
SRR27421013.226353	NC_012154.1	24653
SRR27421013.259285	NC_012154.1	31979
SRR27421013.119728	NC_012154.1	12078
SRR27421013.38125	NC_012154.1	19263
SRR27421013.40395	NC_012154.1	8955
SRR27421013.70567	NC_012154.1	9408
SRR27421013.255797	NC_012154.1	31503
SRR27421013.15546	NC_012154.1	31669
SRR27421013.252987	NC_012154.1	20598
SRR27421013.95865	NC_012154.1	29495
SRR27421013.41672	NC_012154.1	38207
SRR27421013.158928	NC_012154.1	9775
SRR27421013.235528	NC_012154.1	12779
SRR27421013.195583	NC_012154.1	5392
SRR27421013.100398	NC_012154.1	8244
SRR27421013.101404	NC_012154.1	28145
SRR27421013.108113	NC_012154.1	17598
SRR27421013.207708	NC_012154.1	24725
SRR27421013.116791	NC_012154.1	6956
SRR27421013.228713	NC_012154.1	5767
SRR27421013.266817	NC_012154.1	28013
SRR27421013.280223	NC_012154.1	15578
SRR27421013.210915	NC_012154.1	31217
SRR27421013.167940	NC_012154.1	7472
SRR27421013.165699	NC_012154.1	7490
SRR27421013.250896	NC_012154.1	31595
SRR27421013.164340	NC_012154.1	24622
SRR27421013.30859	NC_012154.1	9151
SRR27421013.240056	NC_012154.1	15240
SRR27421013.165302	NC_012154.1	14594
SRR27421013.141825	NC_012154.1	13836
SRR27421013.205264	NC_012154.1	19349
SRR27421013.118753	NC_012154.1	25808
SRR27421013.258442	NC_012154.1	24632
SRR27421013.136757	NC_012154.1	32552
SRR27421013.153467	NC_012154.1	31526
SRR27421013.157270	NC_012154.1	32142
SRR27421013.288234	NC_012154.1	16735
SRR27421013.138345	NC_012154.1	31677
SRR27421013.212224	NC_012154.1	31587
SRR27421013.212177	NC_012154.1	32709
SRR27421013.211210	NC_012154.1	32793
SRR27421013.147261	NC_012154.1	33362
SRR27421013.49692	NC_012154.1	18447
SRR27421013.242959	NC_012154.1	23587
SRR27421013.153652	NC_012154.1	12820
SRR27421013.264020	NC_012154.1	9422
SRR27421013.118521	NC_012154.1	29847
SRR27421013.261170	NC_012154.1	12706
SRR27421013.255268	NC_012154.1	32132
SRR27421013.212949	NC_012154.1	24559
SRR27421013.101224	NC_012154.1	12600
SRR27421013.165702	NC_012154.1	10878
SRR27421013.286761	NC_012154.1	31407
SRR27421013.274783	NC_012154.1	14435
SRR27421013.18280	NC_012154.1	13364
SRR27421013.22527	NC_012154.1	25857
SRR27421013.147212	NC_012154.1	31931
SRR27421013.59134	NC_012154.1	19612
SRR27421013.137398	NC_012154.1	7756
SRR27421013.99797	NC_012154.1	12448
SRR27421013.49631	NC_012154.1	32114
SRR27421013.240127	NC_012154.1	14209
SRR27421013.230093	NC_012154.1	24437
SRR27421013.266527	NC_012154.1	13754
SRR27421013.273091	NC_012154.1	9973
SRR27421013.142016	NC_012154.1	24520
SRR27421013.40766	NC_012154.1	31399
SRR27421013.218425	NC_012154.1	32139
SRR27421013.37792	NC_012154.1	26354
SRR27421013.219176	NC_012154.1	5496
SRR27421013.265560	NC_012154.1	10898
SRR27421013.139704	NC_012154.1	17023
SRR27421013.18986	NC_012154.1	11079
SRR27421013.149502	NC_012154.1	13240
SRR27421013.38626	NC_012154.1	12715
SRR27421013.259277	NC_012154.1	32477
SRR27421013.270733	NC_012154.1	9614
SRR27421013.145510	NC_012154.1	31853
SRR27421013.50121	NC_012154.1	8008
SRR27421013.242449	NC_012154.1	23188
SRR27421013.163252	NC_012154.1	31746
SRR27421013.286028	NC_012154.1	32413
SRR27421013.215297	NC_012154.1	17504
SRR27421013.198988	NC_012154.1	7420
SRR27421013.11904	NC_012154.1	6825
SRR27421013.35914	NC_012154.1	13379
SRR27421013.83178	NC_012154.1	31878
SRR27421013.284582	NC_012154.1	21200
SRR27421013.110092	NC_012154.1	24449
SRR27421013.83133	NC_012154.1	24481
SRR27421013.94946	NC_012154.1	32059
SRR27421013.194183	NC_012154.1	30946
SRR27421013.13020	NC_012154.1	14081
SRR27421013.258445	NC_012154.1	32439
SRR27421013.100296	NC_012154.1	30693
SRR27421013.124940	NC_012154.1	11617
SRR27421013.251800	NC_012154.1	11216
SRR27421013.17843	NC_012154.1	24431
SRR27421013.147086	NC_012154.1	32114
SRR27421013.43483	NC_012154.1	31472
SRR27421013.62780	NC_012154.1	5215
SRR27421013.178992	NC_012154.1	14489
SRR27421013.141463	NC_012154.1	8726
SRR27421013.266227	NC_012154.1	11093
SRR27421013.276018	NC_012154.1	32204
SRR27421013.173976	NC_012154.1	19621
SRR27421013.96094	NC_012154.1	9798
SRR27421013.122613	NC_012154.1	13729
SRR27421013.131594	NC_012154.1	5424
SRR27421013.210196	NC_012154.1	30284
SRR27421013.286027	NC_012154.1	32366
SRR27421013.124922	NC_012154.1	31286
SRR27421013.204870	NC_012154.1	31320
SRR27421013.222242	NC_012154.1	26402
SRR27421013.112437	NC_012154.1	8644
SRR27421013.193716	NC_012154.1	31572
SRR27421013.156681	NC_012154.1	33569
SRR27421013.146364	NC_012154.1	32467
SRR27421013.247440	NC_012154.1	18884
SRR27421013.146018	NC_012154.1	29089
SRR27421013.106391	NC_012154.1	5835
SRR27421013.209850	NC_012154.1	31308
SRR27421013.112309	NC_012154.1	13365
SRR27421013.3472	NC_012154.1	13920
SRR27421013.256226	NC_012154.1	32013
SRR27421013.234302	NC_012154.1	31976
SRR27421013.279232	NC_012154.1	10495
SRR27421013.262610	NC_012154.1	21502
SRR27421013.83638	NC_012154.1	24329
SRR27421013.218472	NC_012154.1	31674
SRR27421013.158164	NC_012154.1	6955
SRR27421013.129013	NC_012154.1	24312
SRR27421013.53320	NC_012154.1	16621
SRR27421013.104959	NC_012154.1	31938
SRR27421013.94934	NC_012154.1	32228
SRR27421013.58680	NC_012154.1	7197
SRR27421013.275759	NC_012154.1	9077
SRR27421013.98629	NC_012154.1	31889
SRR27421013.238494	NC_012154.1	12687
SRR27421013.215667	NC_012154.1	10781
SRR27421013.159580	NC_012154.1	32418
SRR27421013.50446	NC_012154.1	28062
SRR27421013.38903	NC_012154.1	32273
SRR27421013.83632	NC_012154.1	10104
SRR27421013.173091	NC_012154.1	11635
SRR27421013.236171	NC_012154.1	31541
SRR27421013.15805	NC_012154.1	21153
SRR27421013.215629	NC_012154.1	16599
SRR27421013.131017	NC_012154.1	24182
SRR27421013.140716	NC_012154.1	17656
SRR27421013.231324	NC_012154.1	5435
SRR27421013.270639	NC_012154.1	12698
SRR27421013.35985	NC_012154.1	10709
SRR27421013.137433	NC_012154.1	31830
SRR27421013.7081	NC_012154.1	6377
SRR27421013.126563	NC_012154.1	13853
SRR27421013.138200	NC_012154.1	32265
SRR27421013.160052	NC_012154.1	11039
SRR27421013.105681	NC_012154.1	26112
SRR27421013.179767	NC_012154.1	32108
SRR27421013.119167	NC_012154.1	32146
SRR27421013.38079	NC_012154.1	32171
SRR27421013.4091	NC_012154.1	10549
SRR27421013.173218	NC_012154.1	27675
SRR27421013.106596	NC_012154.1	31587
SRR27421013.70893	NC_012154.1	9346
SRR27421013.124929	NC_012154.1	31501
SRR27421013.210590	NC_012154.1	24089
SRR27421013.113044	NC_012154.1	16908
SRR27421013.162841	NC_012154.1	24229
SRR27421013.113926	NC_012154.1	10538
SRR27421013.246187	NC_012154.1	24402
SRR27421013.20078	NC_012154.1	30630
SRR27421013.144339	NC_012154.1	11613
SRR27421013.183981	NC_012154.1	31885
SRR27421013.83769	NC_012154.1	13151
SRR27421013.226600	NC_012154.1	32233
SRR27421013.154022	NC_012154.1	31636
SRR27421013.35014	NC_012154.1	7165
SRR27421013.227253	NC_012154.1	31833
SRR27421013.105957	NC_012154.1	10192
SRR27421013.120072	NC_012154.1	32107
SRR27421013.121700	NC_012154.1	32190
SRR27421013.173595	NC_012154.1	31591
SRR27421013.270849	NC_012154.1	16717
SRR27421013.210001	NC_012154.1	24077
SRR27421013.156904	NC_012154.1	17512
SRR27421013.204651	NC_012154.1	7020
SRR27421013.188778	NC_012154.1	22276
SRR27421013.246208	NC_012154.1	7943
SRR27421013.7250	NC_012154.1	8411
SRR27421013.207779	NC_012154.1	21132
SRR27421013.226442	NC_012154.1	30816
SRR27421013.203134	NC_012154.1	5985
SRR27421013.100357	NC_012154.1	25174
SRR27421013.75489	NC_012154.1	13457
SRR27421013.106291	NC_012154.1	24083
SRR27421013.253138	NC_012154.1	7100
SRR27421013.84398	NC_012154.1	32050
SRR27421013.192810	NC_012154.1	31383
SRR27421013.210391	NC_012154.1	28527
SRR27421013.288331	NC_012154.1	14412
SRR27421013.262236	NC_012154.1	13109
SRR27421013.75635	NC_012154.1	32116
SRR27421013.531	NC_012154.1	14345
SRR27421013.43602	NC_012154.1	16475
SRR27421013.150936	NC_012154.1	9834
SRR27421013.71694	NC_012154.1	24042
SRR27421013.241032	NC_012154.1	23999
SRR27421013.75676	NC_012154.1	32175
SRR27421013.20638	NC_012154.1	22262
SRR27421013.255783	NC_012154.1	29993
SRR27421013.265068	NC_012154.1	31108
SRR27421013.119886	NC_012154.1	24055
SRR27421013.192697	NC_012154.1	24098
SRR27421013.64029	NC_012154.1	24331
SRR27421013.148084	NC_012154.1	32125
SRR27421013.215876	NC_012154.1	25786
SRR27421013.195068	NC_012154.1	24043
SRR27421013.226138	NC_012154.1	31791
SRR27421013.181489	NC_012154.1	24407
SRR27421013.284284	NC_012154.1	7039
SRR27421013.95130	NC_012154.1	31936
SRR27421013.164857	NC_012154.1	31199
SRR27421013.200756	NC_012154.1	12550
SRR27421013.193139	NC_012154.1	8545
SRR27421013.47456	NC_012154.1	7936
SRR27421013.248191	NC_012154.1	31218
SRR27421013.107692	NC_012154.1	31084
SRR27421013.81859	NC_012154.1	13271
SRR27421013.103013	NC_012154.1	32252
SRR27421013.258277	NC_012154.1	11146
SRR27421013.209073	NC_012154.1	6779
SRR27421013.157931	NC_012154.1	32088
SRR27421013.101663	NC_012154.1	31545
SRR27421013.165860	NC_012154.1	14550
SRR27421013.220081	NC_012154.1	32159
SRR27421013.219504	NC_012154.1	32132
SRR27421013.193831	NC_012154.1	30899
SRR27421013.99222	NC_012154.1	11487
SRR27421013.262693	NC_012154.1	31320
SRR27421013.79220	NC_012154.1	8097
SRR27421013.255935	NC_012154.1	16760
SRR27421013.15837	NC_012154.1	23740
SRR27421013.159713	NC_012154.1	23799
SRR27421013.107600	NC_012154.1	29808
SRR27421013.11124	NC_012154.1	7914
SRR27421013.123929	NC_012154.1	6487
SRR27421013.37654	NC_012154.1	13850
SRR27421013.167727	NC_012154.1	8639
SRR27421013.41171	NC_012154.1	32725
SRR27421013.108418	NC_012154.1	19038
SRR27421013.211056	NC_012154.1	10710
SRR27421013.2386	NC_012154.1	13107
SRR27421013.41112	NC_012154.1	23950
SRR27421013.112571	NC_012154.1	5685
SRR27421013.76866	NC_012154.1	7538
SRR27421013.268147	NC_012154.1	13259
SRR27421013.233132	NC_012154.1	18491
SRR27421013.228258	NC_012154.1	9217
SRR27421013.222887	NC_012154.1	6727
SRR27421013.25605	NC_012154.1	7553
SRR27421013.245112	NC_012154.1	8877
SRR27421013.83979	NC_012154.1	31005
SRR27421013.210169	NC_012154.1	32364
SRR27421013.275817	NC_012154.1	32396
SRR27421013.174466	NC_012154.1	5621
SRR27421013.251287	NC_012154.1	23836
SRR27421013.163225	NC_012154.1	31332
SRR27421013.77655	NC_012154.1	35782
SRR27421013.136392	NC_012154.1	31552
SRR27421013.130830	NC_012154.1	23899
SRR27421013.168667	NC_012154.1	6497
SRR27421013.88317	NC_012154.1	18929
SRR27421013.46272	NC_012154.1	7837
SRR27421013.86615	NC_012154.1	18722
SRR27421013.62335	NC_012154.1	12511
SRR27421013.104050	NC_012154.1	31593
SRR27421013.151385	NC_012154.1	7128
SRR27421013.38746	NC_012154.1	5250
SRR27421013.121099	NC_012154.1	30207
SRR27421013.101674	NC_012154.1	31735
SRR27421013.106601	NC_012154.1	31524
SRR27421013.8680	NC_012154.1	9794
SRR27421013.234087	NC_012154.1	9138
SRR27421013.67875	NC_012154.1	9216
SRR27421013.165099	NC_012154.1	6573
SRR27421013.188347	NC_012154.1	14612
SRR27421013.59472	NC_012154.1	5815
SRR27421013.275692	NC_012154.1	13970
SRR27421013.32971	NC_012154.1	8214
SRR27421013.264216	NC_012154.1	32856
SRR27421013.103771	NC_012154.1	31523
SRR27421013.219608	NC_012154.1	14435
SRR27421013.234927	NC_012154.1	32617
SRR27421013.267094	NC_012154.1	11254
SRR27421013.84110	NC_012154.1	13074
SRR27421013.50456	NC_012154.1	17135
SRR27421013.265703	NC_012154.1	32189
SRR27421013.239284	NC_012154.1	5470
SRR27421013.162096	NC_012154.1	31410
SRR27421013.236062	NC_012154.1	32208
SRR27421013.75733	NC_012154.1	32175
SRR27421013.258435	NC_012154.1	23811
SRR27421013.82174	NC_012154.1	32734
SRR27421013.193341	NC_012154.1	31968
SRR27421013.143560	NC_012154.1	5525
SRR27421013.11645	NC_012154.1	22499
SRR27421013.34875	NC_012154.1	23820
SRR27421013.40291	NC_012154.1	15088
SRR27421013.261090	NC_012154.1	12893
SRR27421013.110208	NC_012154.1	11378
SRR27421013.186827	NC_012154.1	21591
SRR27421013.125593	NC_012154.1	6108
SRR27421013.265704	NC_012154.1	32054
SRR27421013.62344	NC_012154.1	8305
SRR27421013.19853	NC_012154.1	13774
SRR27421013.151103	NC_012154.1	7843
SRR27421013.40311	NC_012154.1	23694
SRR27421013.22523	NC_012154.1	11226
SRR27421013.102287	NC_012154.1	31575
SRR27421013.130628	NC_012154.1	31389
SRR27421013.55951	NC_012154.1	8696
SRR27421013.213475	NC_012154.1	32106
SRR27421013.164705	NC_012154.1	32650
SRR27421013.49895	NC_012154.1	32245
SRR27421013.194598	NC_012154.1	22773
SRR27421013.200307	NC_012154.1	26816
SRR27421013.247745	NC_012154.1	6873
SRR27421013.149882	NC_012154.1	8737
SRR27421013.111869	NC_012154.1	18248
SRR27421013.147934	NC_012154.1	23320
SRR27421013.254712	NC_012154.1	11642
SRR27421013.179726	NC_012154.1	23681
SRR27421013.195302	NC_012154.1	32789
SRR27421013.269364	NC_012154.1	12495
SRR27421013.253212	NC_012154.1	23699
SRR27421013.106650	NC_012154.1	43126
SRR27421013.286145	NC_012154.1	31388
SRR27421013.274360	NC_012154.1	12893
SRR27421013.276317	NC_012154.1	31765
SRR27421013.24230	NC_012154.1	14443
SRR27421013.59231	NC_012154.1	5713
SRR27421013.103853	NC_012154.1	31393
SRR27421013.57594	NC_012154.1	5743
SRR27421013.65876	NC_012154.1	16838
SRR27421013.136545	NC_012154.1	16185
SRR27421013.274219	NC_012154.1	11892
SRR27421013.48384	NC_012154.1	32438
SRR27421013.120486	NC_012154.1	31617
SRR27421013.260098	NC_012154.1	19056
SRR27421013.72959	NC_012154.1	9329
SRR27421013.143911	NC_012154.1	6822
SRR27421013.93719	NC_012154.1	11777
SRR27421013.74302	NC_012154.1	9336
SRR27421013.130286	NC_012154.1	31130
SRR27421013.207567	NC_012154.1	6680
SRR27421013.218131	NC_012154.1	12997
SRR27421013.262728	NC_012154.1	31656
SRR27421013.263584	NC_012154.1	31616
SRR27421013.77626	NC_012154.1	31539
SRR27421013.155416	NC_012154.1	30282
SRR27421013.44057	NC_012154.1	27959
SRR27421013.42051	NC_012154.1	30756
SRR27421013.146486	NC_012154.1	40842
SRR27421013.157822	NC_012154.1	25425
SRR27421013.215635	NC_012154.1	11527
SRR27421013.15855	NC_012154.1	14815
SRR27421013.145906	NC_012154.1	23558
SRR27421013.266936	NC_012154.1	12097
SRR27421013.208716	NC_012154.1	12942
SRR27421013.151112	NC_012154.1	7632
SRR27421013.173606	NC_012154.1	32460
SRR27421013.235693	NC_012154.1	15820
SRR27421013.151283	NC_012154.1	12648
SRR27421013.209723	NC_012154.1	31159
SRR27421013.198552	NC_012154.1	8811
SRR27421013.37371	NC_012154.1	32081
SRR27421013.146279	NC_012154.1	33747
SRR27421013.48227	NC_012154.1	23336
SRR27421013.131350	NC_012154.1	31975
SRR27421013.284486	NC_012154.1	8635
SRR27421013.39785	NC_012154.1	32046
SRR27421013.230849	NC_012154.1	29834
SRR27421013.279252	NC_012154.1	10267
SRR27421013.2771	NC_012154.1	13187
SRR27421013.193812	NC_012154.1	11091
SRR27421013.81730	NC_012154.1	41483
SRR27421013.215426	NC_012154.1	9308
SRR27421013.260876	NC_012154.1	13066
SRR27421013.40189	NC_012154.1	32707
SRR27421013.19073	NC_012154.1	31594
SRR27421013.39416	NC_012154.1	32883
SRR27421013.213130	NC_012154.1	9695
SRR27421013.47575	NC_012154.1	31331
SRR27421013.52541	NC_012154.1	9235
SRR27421013.228716	NC_012154.1	14881
SRR27421013.255590	NC_012154.1	12108
SRR27421013.235496	NC_012154.1	9755
SRR27421013.226613	NC_012154.1	16882
SRR27421013.225062	NC_012154.1	32296
SRR27421013.187356	NC_012154.1	23664
SRR27421013.235151	NC_012154.1	7598
SRR27421013.240812	NC_012154.1	23800
SRR27421013.122478	NC_012154.1	30676
SRR27421013.205994	NC_012154.1	16070
SRR27421013.178749	NC_012154.1	23541
SRR27421013.122084	NC_012154.1	32388
SRR27421013.219383	NC_012154.1	32008
SRR27421013.265017	NC_012154.1	32846
SRR27421013.249174	NC_012154.1	10319
SRR27421013.219161	NC_012154.1	8283
SRR27421013.248512	NC_012154.1	10276
SRR27421013.261335	NC_012154.1	31809
SRR27421013.28183	NC_012154.1	31634
SRR27421013.105479	NC_012154.1	31396
SRR27421013.38859	NC_012154.1	11955
SRR27421013.8877	NC_012154.1	31910
SRR27421013.94933	NC_012154.1	19593
SRR27421013.141718	NC_012154.1	31899
SRR27421013.27408	NC_012154.1	30186
SRR27421013.138084	NC_012154.1	7428
SRR27421013.37653	NC_012154.1	8916
SRR27421013.263426	NC_012154.1	31326
SRR27421013.146541	NC_012154.1	31440
SRR27421013.126593	NC_012154.1	15470
SRR27421013.32474	NC_012154.1	7810
SRR27421013.43118	NC_012154.1	32240
SRR27421013.147117	NC_012154.1	31555
SRR27421013.247525	NC_012154.1	10191
SRR27421013.27406	NC_012154.1	9550
SRR27421013.141928	NC_012154.1	14218
SRR27421013.172883	NC_012154.1	32597
SRR27421013.172917	NC_012154.1	32326
SRR27421013.82266	NC_012154.1	10348
SRR27421013.179619	NC_012154.1	13629
SRR27421013.136767	NC_012154.1	23674
SRR27421013.288370	NC_012154.1	31523
SRR27421013.37180	NC_012154.1	32084
SRR27421013.265684	NC_012154.1	32087
SRR27421013.129855	NC_012154.1	27944
SRR27421013.193561	NC_012154.1	26889
SRR27421013.226366	NC_012154.1	32841
SRR27421013.143628	NC_012154.1	22466
SRR27421013.189261	NC_012154.1	9241
SRR27421013.37062	NC_012154.1	31200
SRR27421013.248988	NC_012154.1	9054
SRR27421013.276521	NC_012154.1	5425
SRR27421013.26073	NC_012154.1	21105
SRR27421013.89631	NC_012154.1	7758
SRR27421013.236080	NC_012154.1	6207
SRR27421013.245339	NC_012154.1	9737
SRR27421013.272992	NC_012154.1	20145
SRR27421013.96870	NC_012154.1	31721
SRR27421013.96680	NC_012154.1	19780
SRR27421013.232117	NC_012154.1	6103
SRR27421013.276172	NC_012154.1	31162
SRR27421013.286661	NC_012154.1	31965
SRR27421013.156436	NC_012154.1	31458
SRR27421013.237305	NC_012154.1	32646
SRR27421013.6836	NC_012154.1	5942
SRR27421013.234876	NC_012154.1	32496
SRR27421013.209231	NC_012154.1	13533
SRR27421013.209684	NC_012154.1	32185
SRR27421013.188898	NC_012154.1	8647
SRR27421013.139302	NC_012154.1	6233
SRR27421013.248664	NC_012154.1	23351
SRR27421013.83764	NC_012154.1	31498
SRR27421013.73357	NC_012154.1	5379
SRR27421013.218488	NC_012154.1	25681
SRR27421013.156894	NC_012154.1	32078
SRR27421013.153686	NC_012154.1	27711
SRR27421013.147980	NC_012154.1	30976
SRR27421013.53572	NC_012154.1	11687
SRR27421013.15371	NC_012154.1	9498
SRR27421013.194119	NC_012154.1	11506
SRR27421013.111681	NC_012154.1	16713
SRR27421013.98296	NC_012154.1	24853
SRR27421013.120483	NC_012154.1	39240
SRR27421013.267947	NC_012154.1	31170
SRR27421013.86483	NC_012154.1	5006
SRR27421013.288034	NC_012154.1	11696
SRR27421013.143470	NC_012154.1	5842
SRR27421013.112821	NC_012154.1	12444
SRR27421013.225430	NC_012154.1	31199
SRR27421013.137450	NC_012154.1	11091
SRR27421013.10500	NC_012154.1	8590
SRR27421013.195618	NC_012154.1	19081
SRR27421013.37579	NC_012154.1	13155
SRR27421013.180486	NC_012154.1	31176
SRR27421013.249909	NC_012154.1	10879
SRR27421013.131465	NC_012154.1	11697
SRR27421013.129042	NC_012154.1	11717
SRR27421013.28679	NC_012154.1	21500
SRR27421013.240653	NC_012154.1	7109
SRR27421013.286372	NC_012154.1	13477
SRR27421013.263976	NC_012154.1	11739
SRR27421013.192762	NC_012154.1	26093
SRR27421013.146458	NC_012154.1	6277
SRR27421013.147437	NC_012154.1	31695
SRR27421013.244441	NC_012154.1	7878
SRR27421013.124491	NC_012154.1	31989
SRR27421013.182221	NC_012154.1	9788
SRR27421013.14570	NC_012154.1	13777
SRR27421013.192426	NC_012154.1	8725
SRR27421013.211129	NC_012154.1	31558
SRR27421013.40524	NC_012154.1	32213
SRR27421013.145864	NC_012154.1	32051
SRR27421013.14920	NC_012154.1	12373
SRR27421013.22280	NC_012154.1	5984
SRR27421013.117478	NC_012154.1	31705
SRR27421013.164771	NC_012154.1	12151
SRR27421013.20101	NC_012154.1	5775
SRR27421013.232894	NC_012154.1	15520
SRR27421013.36635	NC_012154.1	5900
SRR27421013.77587	NC_012154.1	31939
SRR27421013.249178	NC_012154.1	17600
SRR27421013.286489	NC_012154.1	30536
SRR27421013.277436	NC_012154.1	26612
SRR27421013.39881	NC_012154.1	30961
SRR27421013.148413	NC_012154.1	32421
SRR27421013.124022	NC_012154.1	32492
SRR27421013.7142	NC_012154.1	21954
SRR27421013.144191	NC_012154.1	9203
SRR27421013.145882	NC_012154.1	31699
SRR27421013.156116	NC_012154.1	41101
SRR27421013.174389	NC_012154.1	32790
SRR27421013.153206	NC_012154.1	32243
SRR27421013.145352	NC_012154.1	64293
SRR27421013.98063	NC_012154.1	23164
SRR27421013.37204	NC_012154.1	7514
SRR27421013.149928	NC_012154.1	15998
SRR27421013.25871	NC_012154.1	13597
SRR27421013.211083	NC_012154.1	32178
SRR27421013.119138	NC_012154.1	22786
SRR27421013.254115	NC_012154.1	11334
SRR27421013.143961	NC_012154.1	11486
SRR27421013.43968	NC_012154.1	18566
SRR27421013.107731	NC_012154.1	31693
SRR27421013.213701	NC_012154.1	31971
SRR27421013.226984	NC_012154.1	23242
SRR27421013.263678	NC_012154.1	38312
SRR27421013.27200	NC_012154.1	31604
SRR27421013.5971	NC_012154.1	12801
SRR27421013.128421	NC_012154.1	31652
SRR27421013.36466	NC_012154.1	29975
SRR27421013.255928	NC_012154.1	5301
SRR27421013.10248	NC_012154.1	16022
SRR27421013.225130	NC_012154.1	23364
SRR27421013.210126	NC_012154.1	31734
SRR27421013.211899	NC_012154.1	30774
SRR27421013.104226	NC_012154.1	31183
SRR27421013.42224	NC_012154.1	9055
SRR27421013.98839	NC_012154.1	7523
SRR27421013.141533	NC_012154.1	9181
SRR27421013.41662	NC_012154.1	32118
SRR27421013.156522	NC_012154.1	32294
SRR27421013.40849	NC_012154.1	32036
SRR27421013.50083	NC_012154.1	31721
SRR27421013.145951	NC_012154.1	32091
SRR27421013.278151	NC_012154.1	30757
SRR27421013.82999	NC_012154.1	25794
SRR27421013.147587	NC_012154.1	31054
SRR27421013.189438	NC_012154.1	5972
SRR27421013.218206	NC_012154.1	31937
SRR27421013.222491	NC_012154.1	24130
SRR27421013.180736	NC_012154.1	31937
SRR27421013.267370	NC_012154.1	22780
SRR27421013.262905	NC_012154.1	7527
SRR27421013.162513	NC_012154.1	31559
SRR27421013.266637	NC_012154.1	47188
SRR27421013.192504	NC_012154.1	31520
SRR27421013.198840	NC_012154.1	5886
SRR27421013.97984	NC_012154.1	24425
SRR27421013.119159	NC_012154.1	5191
SRR27421013.235835	NC_012154.1	14357
SRR27421013.167681	NC_012154.1	6749
SRR27421013.236043	NC_012154.1	14302
SRR27421013.226458	NC_012154.1	32469
SRR27421013.113488	NC_012154.1	9363
SRR27421013.59113	NC_012154.1	17904
SRR27421013.80726	NC_012154.1	23515
SRR27421013.64078	NC_012154.1	16560
SRR27421013.239891	NC_012154.1	6553
SRR27421013.276730	NC_012154.1	31486
SRR27421013.276185	NC_012154.1	31364
SRR27421013.272776	NC_012154.1	32188
SRR27421013.146286	NC_012154.1	32272
SRR27421013.33372	NC_012154.1	23778
SRR27421013.10363	NC_012154.1	10027
SRR27421013.120196	NC_012154.1	11443
SRR27421013.285022	NC_012154.1	32088
SRR27421013.286990	NC_012154.1	31828
SRR27421013.110935	NC_012154.1	12666
SRR27421013.241446	NC_012154.1	9364
SRR27421013.269477	NC_012154.1	9419
SRR27421013.6569	NC_012154.1	8687
SRR27421013.284927	NC_012154.1	10419
SRR27421013.6550	NC_012154.1	15485
SRR27421013.148380	NC_012154.1	31521
SRR27421013.28782	NC_012154.1	5839
SRR27421013.131340	NC_012154.1	17786
SRR27421013.144658	NC_012154.1	12759
SRR27421013.103425	NC_012154.1	32317
SRR27421013.229035	NC_012154.1	7550
SRR27421013.287443	NC_012154.1	30630
SRR27421013.146554	NC_012154.1	31415
SRR27421013.202584	NC_012154.1	13104
SRR27421013.155635	NC_012154.1	22812
SRR27421013.210479	NC_012154.1	32529
SRR27421013.126774	NC_012154.1	17004
SRR27421013.155227	NC_012154.1	6363
SRR27421013.259090	NC_012154.1	31322
SRR27421013.268034	NC_012154.1	31937
SRR27421013.226471	NC_012154.1	29794
SRR27421013.269201	NC_012154.1	7876
SRR27421013.79943	NC_012154.1	7971
SRR27421013.34241	NC_012154.1	18132
SRR27421013.195482	NC_012154.1	18376
SRR27421013.109625	NC_012154.1	18726
SRR27421013.145713	NC_012154.1	28043
SRR27421013.40363	NC_012154.1	32186
SRR27421013.168138	NC_012154.1	9870
SRR27421013.221368	NC_012154.1	7361
SRR27421013.40187	NC_012154.1	23740
SRR27421013.75543	NC_012154.1	29029
SRR27421013.275972	NC_012154.1	24309
SRR27421013.262565	NC_012154.1	31741
SRR27421013.263613	NC_012154.1	20525
SRR27421013.247733	NC_012154.1	32617
SRR27421013.121472	NC_012154.1	32834
SRR27421013.15231	NC_012154.1	5979
SRR27421013.118896	NC_012154.1	23998
SRR27421013.16840	NC_012154.1	24581
SRR27421013.160306	NC_012154.1	8386
SRR27421013.119019	NC_012154.1	6182
SRR27421013.131195	NC_012154.1	31925
SRR27421013.10770	NC_012154.1	6767
SRR27421013.99428	NC_012154.1	49953
SRR27421013.288248	NC_012154.1	31646
SRR27421013.219751	NC_012154.1	6332
SRR27421013.237626	NC_012154.1	7460
SRR27421013.266943	NC_012154.1	31610
SRR27421013.164286	NC_012154.1	32012
SRR27421013.150403	NC_012154.1	6639
SRR27421013.235004	NC_012154.1	22631
SRR27421013.188134	NC_012154.1	23775
SRR27421013.271710	NC_012154.1	6004
SRR27421013.267312	NC_012154.1	25415
SRR27421013.207599	NC_012154.1	7567
SRR27421013.30291	NC_012154.1	32730
SRR27421013.153754	NC_012154.1	14089
SRR27421013.88128	NC_012154.1	5599
SRR27421013.17319	NC_012154.1	13308
SRR27421013.30585	NC_012154.1	20921
SRR27421013.96324	NC_012154.1	17049
SRR27421013.79711	NC_012154.1	9695
SRR27421013.166111	NC_012154.1	24475
SRR27421013.168609	NC_012154.1	5816
SRR27421013.245202	NC_012154.1	13745
SRR27421013.211660	NC_012154.1	22735
SRR27421013.226473	NC_012154.1	32775
SRR27421013.105669	NC_012154.1	6531
SRR27421013.259692	NC_012154.1	30475
SRR27421013.246990	NC_012154.1	17232
SRR27421013.107264	NC_012154.1	31300
SRR27421013.259786	NC_012154.1	31293
SRR27421013.266939	NC_012154.1	5173
SRR27421013.19330	NC_012154.1	16808
SRR27421013.215731	NC_012154.1	5106
SRR27421013.219315	NC_012154.1	32013
SRR27421013.225877	NC_012154.1	21076
SRR27421013.264117	NC_012154.1	32167
SRR27421013.248076	NC_012154.1	5904
SRR27421013.4391	NC_012154.1	14941
SRR27421013.211903	NC_012154.1	13151
SRR27421013.179337	NC_012154.1	32102
SRR27421013.226119	NC_012154.1	10959
SRR27421013.49215	NC_012154.1	33111
SRR27421013.50273	NC_012154.1	31942
SRR27421013.42807	NC_012154.1	32397
SRR27421013.97879	NC_012154.1	22988
SRR27421013.134976	NC_012154.1	7602
SRR27421013.175030	NC_012154.1	23176
SRR27421013.255896	NC_012154.1	32166
SRR27421013.29090	NC_012154.1	26234
SRR27421013.180986	NC_012154.1	7010
SRR27421013.199206	NC_012154.1	18798
SRR27421013.257220	NC_012154.1	22732
SRR27421013.20313	NC_012154.1	5375
SRR27421013.137953	NC_012154.1	22795
SRR27421013.105278	NC_012154.1	24459
SRR27421013.43198	NC_012154.1	31671
SRR27421013.142358	NC_012154.1	13741
SRR27421013.226134	NC_012154.1	14688
SRR27421013.40008	NC_012154.1	31451
SRR27421013.254596	NC_012154.1	31721
SRR27421013.240030	NC_012154.1	15192
SRR27421013.122495	NC_012154.1	7058
SRR27421013.257259	NC_012154.1	31942
SRR27421013.188466	NC_012154.1	9824
SRR27421013.257665	NC_012154.1	22648
SRR27421013.154622	NC_012154.1	10158
SRR27421013.26066	NC_012154.1	6103
SRR27421013.145833	NC_012154.1	31202
SRR27421013.267264	NC_012154.1	34250
SRR27421013.143823	NC_012154.1	19564
SRR27421013.77343	NC_012154.1	31666
SRR27421013.227292	NC_012154.1	32140
SRR27421013.173023	NC_012154.1	22395
SRR27421013.206224	NC_012154.1	9308
SRR27421013.96734	NC_012154.1	13887
SRR27421013.173096	NC_012154.1	32071
SRR27421013.156852	NC_012154.1	61930
SRR27421013.184798	NC_012154.1	13529
SRR27421013.174105	NC_012154.1	36715
SRR27421013.262379	NC_012154.1	7224
SRR27421013.279051	NC_012154.1	22594
SRR27421013.262933	NC_012154.1	64105
SRR27421013.56104	NC_012154.1	21077
SRR27421013.177230	NC_012154.1	18042
SRR27421013.104760	NC_012154.1	9008
SRR27421013.213658	NC_012154.1	31382
SRR27421013.125710	NC_012154.1	9243
SRR27421013.12839	NC_012154.1	11105
SRR27421013.167618	NC_012154.1	31307
SRR27421013.36146	NC_012154.1	11107
SRR27421013.107624	NC_012154.1	32389
SRR27421013.170172	NC_012154.1	16465
SRR27421013.277743	NC_012154.1	5059
SRR27421013.275258	NC_012154.1	27258
SRR27421013.19731	NC_012154.1	9372
SRR27421013.195192	NC_012154.1	6580
SRR27421013.122519	NC_012154.1	31106
SRR27421013.277123	NC_012154.1	25746
SRR27421013.275786	NC_012154.1	31936
SRR27421013.69557	NC_012154.1	13918
SRR27421013.267138	NC_012154.1	32659
SRR27421013.16267	NC_012154.1	31516
SRR27421013.227998	NC_012154.1	24212
SRR27421013.236862	NC_012154.1	11759
SRR27421013.81966	NC_012154.1	32804
SRR27421013.191032	NC_012154.1	15859
SRR27421013.258945	NC_012154.1	32449
SRR27421013.259858	NC_012154.1	30519
SRR27421013.282817	NC_012154.1	18060
SRR27421013.111382	NC_012154.1	19622
SRR27421013.145301	NC_012154.1	24421
SRR27421013.79879	NC_012154.1	22469
SRR27421013.241036	NC_012154.1	6918
SRR27421013.195191	NC_012154.1	15476
SRR27421013.178959	NC_012154.1	31909
SRR27421013.129136	NC_012154.1	31440
SRR27421013.14878	NC_012154.1	7523
SRR27421013.120433	NC_012154.1	26954
SRR27421013.175228	NC_012154.1	7468
SRR27421013.208108	NC_012154.1	9263
SRR27421013.278358	NC_012154.1	9881
SRR27421013.256902	NC_012154.1	31839
SRR27421013.79167	NC_012154.1	26000
SRR27421013.257801	NC_012154.1	31294
SRR27421013.30362	NC_012154.1	8416
SRR27421013.145938	NC_012154.1	31889
SRR27421013.226008	NC_012154.1	31827
SRR27421013.130689	NC_012154.1	15385
SRR27421013.220380	NC_012154.1	25212
SRR27421013.198451	NC_012154.1	5242
SRR27421013.213606	NC_012154.1	8097
SRR27421013.248539	NC_012154.1	32132
SRR27421013.209342	NC_012154.1	28061
SRR27421013.236575	NC_012154.1	5606
SRR27421013.212698	NC_012154.1	32485
SRR27421013.266134	NC_012154.1	33146
SRR27421013.92500	NC_012154.1	8195
SRR27421013.147718	NC_012154.1	31881
SRR27421013.254245	NC_012154.1	8257
SRR27421013.30051	NC_012154.1	39092
SRR27421013.39306	NC_012154.1	23844
SRR27421013.24237	NC_012154.1	17384
SRR27421013.48727	NC_012154.1	10562
SRR27421013.48193	NC_012154.1	9140
SRR27421013.157066	NC_012154.1	31783
SRR27421013.272167	NC_012154.1	9970
SRR27421013.276783	NC_012154.1	10272
SRR27421013.125699	NC_012154.1	22225
SRR27421013.135953	NC_012154.1	30789
SRR27421013.34632	NC_012154.1	17031
SRR27421013.102668	NC_012154.1	22173
SRR27421013.192347	NC_012154.1	9144
SRR27421013.207582	NC_012154.1	12555
SRR27421013.62326	NC_012154.1	6571
SRR27421013.207990	NC_012154.1	12353
SRR27421013.102873	NC_012154.1	31650
SRR27421013.260557	NC_012154.1	31774
SRR27421013.112545	NC_012154.1	5670
SRR27421013.212418	NC_012154.1	30468
SRR27421013.49191	NC_012154.1	25208
SRR27421013.176771	NC_012154.1	13879
SRR27421013.74781	NC_012154.1	28399
SRR27421013.164964	NC_012154.1	26679
SRR27421013.174822	NC_012154.1	24249
SRR27421013.112681	NC_012154.1	14244
SRR27421013.99145	NC_012154.1	12495
SRR27421013.195534	NC_012154.1	15194
SRR27421013.82276	NC_012154.1	13888
SRR27421013.152003	NC_012154.1	8940
SRR27421013.195890	NC_012154.1	65104
SRR27421013.212098	NC_012154.1	31710
SRR27421013.238782	NC_012154.1	9120
SRR27421013.114675	NC_012154.1	22120
SRR27421013.112710	NC_012154.1	22023
SRR27421013.155842	NC_012154.1	32130
SRR27421013.162931	NC_012154.1	31664
SRR27421013.148261	NC_012154.1	31766
SRR27421013.127720	NC_012154.1	14410
SRR27421013.174164	NC_012154.1	22149
SRR27421013.191851	NC_012154.1	11912
SRR27421013.191502	NC_012154.1	5117
SRR27421013.69324	NC_012154.1	6004
SRR27421013.240405	NC_012154.1	24051
SRR27421013.242546	NC_012154.1	8121
SRR27421013.100380	NC_012154.1	32251
SRR27421013.166652	NC_012154.1	15441
SRR27421013.136163	NC_012154.1	31746
SRR27421013.208014	NC_012154.1	31299
SRR27421013.217365	NC_012154.1	14244
SRR27421013.131489	NC_012154.1	32235
SRR27421013.231758	NC_012154.1	31487
SRR27421013.255803	NC_012154.1	32817
SRR27421013.285474	NC_012154.1	23099
SRR27421013.182156	NC_012154.1	30851
SRR27421013.145450	NC_012154.1	31853
SRR27421013.30187	NC_012154.1	21978
SRR27421013.196001	NC_012154.1	29644
SRR27421013.206640	NC_012154.1	22075
SRR27421013.79886	NC_012154.1	5662
SRR27421013.234991	NC_012154.1	31058
SRR27421013.83381	NC_012154.1	31243
SRR27421013.35544	NC_012154.1	23301
SRR27421013.202909	NC_012154.1	14528
SRR27421013.136963	NC_012154.1	31649
SRR27421013.32758	NC_012154.1	23920
SRR27421013.205526	NC_012154.1	14530
SRR27421013.164080	NC_012154.1	21786
SRR27421013.169433	NC_012154.1	25459
SRR27421013.221742	NC_012154.1	24054
SRR27421013.159760	NC_012154.1	27146
SRR27421013.103170	NC_012154.1	5958
SRR27421013.119944	NC_012154.1	13538
SRR27421013.261275	NC_012154.1	5595
SRR27421013.261851	NC_012154.1	54403
SRR27421013.146171	NC_012154.1	31572
SRR27421013.83838	NC_012154.1	32138
SRR27421013.83223	NC_012154.1	9402
SRR27421013.54721	NC_012154.1	29231
SRR27421013.239100	NC_012154.1	22822
SRR27421013.285438	NC_012154.1	31792
SRR27421013.234151	NC_012154.1	13319
SRR27421013.74912	NC_012154.1	26579
SRR27421013.196863	NC_012154.1	5845
SRR27421013.95965	NC_012154.1	32292
SRR27421013.59319	NC_012154.1	14412
SRR27421013.159263	NC_012154.1	23428
SRR27421013.95219	NC_012154.1	6257
SRR27421013.257048	NC_012154.1	31952
SRR27421013.131778	NC_012154.1	31142
SRR27421013.95255	NC_012154.1	12794
SRR27421013.120013	NC_012154.1	6014
SRR27421013.158239	NC_012154.1	32297
SRR27421013.121386	NC_012154.1	7688
SRR27421013.197999	NC_012154.1	24184
SRR27421013.288223	NC_012154.1	32417
SRR27421013.214084	NC_012154.1	9594
SRR27421013.153594	NC_012154.1	31439
SRR27421013.227845	NC_012154.1	6895
SRR27421013.19024	NC_012154.1	6732
SRR27421013.255845	NC_012154.1	33178
SRR27421013.10757	NC_012154.1	23371
SRR27421013.20096	NC_012154.1	7534
SRR27421013.160687	NC_012154.1	21904
SRR27421013.274237	NC_012154.1	21978
SRR27421013.32186	NC_012154.1	20037
SRR27421013.74578	NC_012154.1	20003
SRR27421013.211288	NC_012154.1	8679
SRR27421013.15889	NC_012154.1	11350
SRR27421013.226243	NC_012154.1	21709
SRR27421013.211392	NC_012154.1	32162
SRR27421013.8175	NC_012154.1	10561
SRR27421013.155967	NC_012154.1	7763
SRR27421013.157649	NC_012154.1	32236
SRR27421013.156011	NC_012154.1	21570
SRR27421013.211350	NC_012154.1	32753
SRR27421013.54992	NC_012154.1	20753
SRR27421013.154664	NC_012154.1	16399
SRR27421013.124069	NC_012154.1	13047
SRR27421013.137742	NC_012154.1	32434
SRR27421013.275440	NC_012154.1	6547
SRR27421013.70580	NC_012154.1	6060
SRR27421013.79948	NC_012154.1	9225
SRR27421013.285206	NC_012154.1	5900
SRR27421013.163367	NC_012154.1	31842
SRR27421013.145981	NC_012154.1	10499
SRR27421013.17158	NC_012154.1	10826
SRR27421013.183786	NC_012154.1	21701
SRR27421013.209585	NC_012154.1	23105
SRR27421013.224783	NC_012154.1	31772
SRR27421013.102501	NC_012154.1	7128
SRR27421013.251030	NC_012154.1	7901
SRR27421013.249329	NC_012154.1	7903
SRR27421013.238568	NC_012154.1	21594
SRR27421013.59425	NC_012154.1	9471
SRR27421013.108002	NC_012154.1	6426
SRR27421013.224956	NC_012154.1	31525
SRR27421013.246372	NC_012154.1	22803
SRR27421013.122259	NC_012154.1	15149
SRR27421013.248313	NC_012154.1	21610
SRR27421013.83608	NC_012154.1	31886
SRR27421013.232036	NC_012154.1	19930
SRR27421013.145799	NC_012154.1	32340
SRR27421013.106247	NC_012154.1	31374
SRR27421013.40889	NC_012154.1	32087
SRR27421013.201269	NC_012154.1	12850
SRR27421013.47549	NC_012154.1	32030
SRR27421013.83847	NC_012154.1	21068
SRR27421013.209011	NC_012154.1	22357
SRR27421013.195506	NC_012154.1	31652
SRR27421013.38607	NC_012154.1	31605
SRR27421013.118485	NC_012154.1	31829
SRR27421013.95758	NC_012154.1	16305
SRR27421013.95037	NC_012154.1	25226
SRR27421013.146829	NC_012154.1	31941
SRR27421013.199151	NC_012154.1	5810
SRR27421013.219440	NC_012154.1	32305
SRR27421013.278253	NC_012154.1	31123
SRR27421013.152995	NC_012154.1	5725
SRR27421013.209898	NC_012154.1	19723
SRR27421013.3961	NC_012154.1	5070
SRR27421013.226826	NC_012154.1	32023
SRR27421013.96502	NC_012154.1	31892
SRR27421013.275375	NC_012154.1	31590
SRR27421013.152396	NC_012154.1	31797
SRR27421013.257612	NC_012154.1	21690
SRR27421013.136157	NC_012154.1	6865
SRR27421013.286217	NC_012154.1	35709
SRR27421013.83962	NC_012154.1	39616
SRR27421013.47476	NC_012154.1	32510
SRR27421013.248283	NC_012154.1	15167
SRR27421013.208257	NC_012154.1	21192
SRR27421013.275923	NC_012154.1	32044
SRR27421013.283457	NC_012154.1	16878
SRR27421013.190208	NC_012154.1	6645
SRR27421013.147655	NC_012154.1	31011
SRR27421013.179010	NC_012154.1	21488
SRR27421013.233278	NC_012154.1	8207
SRR27421013.275704	NC_012154.1	22707
SRR27421013.48682	NC_012154.1	10046
SRR27421013.95136	NC_012154.1	20982
SRR27421013.203792	NC_012154.1	6383
SRR27421013.260743	NC_012154.1	10528
SRR27421013.181726	NC_012154.1	9906
SRR27421013.144707	NC_012154.1	16310
SRR27421013.135014	NC_012154.1	31100
SRR27421013.124367	NC_012154.1	31911
SRR27421013.122047	NC_012154.1	31947
SRR27421013.254828	NC_012154.1	32116
SRR27421013.146120	NC_012154.1	31427
SRR27421013.50035	NC_012154.1	29883
SRR27421013.273224	NC_012154.1	9079
SRR27421013.100166	NC_012154.1	31751
SRR27421013.59707	NC_012154.1	6954
SRR27421013.77461	NC_012154.1	5443
SRR27421013.99799	NC_012154.1	32199
SRR27421013.173781	NC_012154.1	7228
SRR27421013.192668	NC_012154.1	56989
SRR27421013.27839	NC_012154.1	21887
SRR27421013.123573	NC_012154.1	30433
SRR27421013.93626	NC_012154.1	21828
SRR27421013.226207	NC_012154.1	31745
SRR27421013.100180	NC_012154.1	28101
SRR27421013.56587	NC_012154.1	13936
SRR27421013.158286	NC_012154.1	32055
SRR27421013.150857	NC_012154.1	10966
SRR27421013.266060	NC_012154.1	31501
SRR27421013.226522	NC_012154.1	12561
SRR27421013.206	NC_012154.1	13441
SRR27421013.42427	NC_012154.1	23338
SRR27421013.41623	NC_012154.1	21302
SRR27421013.218048	NC_012154.1	5222
SRR27421013.87762	NC_012154.1	28689
SRR27421013.49539	NC_012154.1	12655
SRR27421013.130766	NC_012154.1	31749
SRR27421013.176864	NC_012154.1	15945
SRR27421013.210416	NC_012154.1	31428
SRR27421013.3989	NC_012154.1	21354
SRR27421013.230715	NC_012154.1	11385
SRR27421013.230223	NC_012154.1	11389
SRR27421013.171472	NC_012154.1	8077
SRR27421013.168699	NC_012154.1	8111
SRR27421013.221815	NC_012154.1	12089
SRR27421013.158689	NC_012154.1	31452
SRR27421013.141687	NC_012154.1	11457
SRR27421013.132615	NC_012154.1	6947
SRR27421013.69031	NC_012154.1	21378
SRR27421013.165537	NC_012154.1	5821
SRR27421013.182292	NC_012154.1	31382
SRR27421013.252842	NC_012154.1	32368
SRR27421013.58429	NC_012154.1	25893
SRR27421013.20537	NC_012154.1	31239
SRR27421013.136781	NC_012154.1	21308
SRR27421013.192763	NC_012154.1	29720
SRR27421013.99188	NC_012154.1	16957
SRR27421013.24434	NC_012154.1	21991
SRR27421013.123409	NC_012154.1	5301
SRR27421013.210370	NC_012154.1	9008
SRR27421013.209685	NC_012154.1	31568
SRR27421013.224924	NC_012154.1	65756
SRR27421013.149540	NC_012154.1	20750
SRR27421013.212699	NC_012154.1	31924
SRR27421013.177599	NC_012154.1	31882
SRR27421013.107035	NC_012154.1	30376
SRR27421013.181227	NC_012154.1	13410
SRR27421013.163169	NC_012154.1	32176
SRR27421013.165267	NC_012154.1	14448
SRR27421013.255326	NC_012154.1	5516
SRR27421013.130927	NC_012154.1	33046
SRR27421013.35026	NC_012154.1	7884
SRR27421013.271217	NC_012154.1	18600
SRR27421013.201095	NC_012154.1	9678
SRR27421013.1869	NC_012154.1	9123
SRR27421013.95070	NC_012154.1	14824
SRR27421013.11700	NC_012154.1	9660
SRR27421013.129591	NC_012154.1	31543
SRR27421013.162845	NC_012154.1	31354
SRR27421013.212329	NC_012154.1	31447
SRR27421013.225495	NC_012154.1	28172
SRR27421013.275293	NC_012154.1	32331
SRR27421013.2667	NC_012154.1	27326
SRR27421013.255730	NC_012154.1	19599
SRR27421013.119743	NC_012154.1	31615
SRR27421013.95876	NC_012154.1	6403
SRR27421013.232408	NC_012154.1	16729
SRR27421013.150705	NC_012154.1	14363
SRR27421013.18800	NC_012154.1	5776
SRR27421013.235083	NC_012154.1	9253
SRR27421013.260869	NC_012154.1	31624
SRR27421013.155836	NC_012154.1	30832
SRR27421013.58097	NC_012154.1	21059
SRR27421013.241820	NC_012154.1	12490
SRR27421013.58856	NC_012154.1	14270
SRR27421013.147249	NC_012154.1	26341
SRR27421013.15319	NC_012154.1	10562
SRR27421013.286024	NC_012154.1	31152
SRR27421013.131121	NC_012154.1	31578
SRR27421013.224907	NC_012154.1	9471
SRR27421013.154334	NC_012154.1	32625
SRR27421013.209676	NC_012154.1	31372
SRR27421013.176160	NC_012154.1	5545
SRR27421013.217387	NC_012154.1	6236
SRR27421013.222695	NC_012154.1	10903
SRR27421013.225063	NC_012154.1	32550
SRR27421013.268244	NC_012154.1	31341
SRR27421013.210858	NC_012154.1	32998
SRR27421013.40511	NC_012154.1	8451
SRR27421013.260432	NC_012154.1	32613
SRR27421013.96464	NC_012154.1	31522
SRR27421013.237500	NC_012154.1	31429
SRR27421013.247701	NC_012154.1	21043
SRR27421013.167046	NC_012154.1	30025
SRR27421013.47283	NC_012154.1	8133
SRR27421013.47284	NC_012154.1	8123
SRR27421013.252592	NC_012154.1	31980
SRR27421013.284764	NC_012154.1	8454
SRR27421013.212484	NC_012154.1	32072
SRR27421013.121539	NC_012154.1	14325
SRR27421013.157042	NC_012154.1	27405
SRR27421013.124173	NC_012154.1	31721
SRR27421013.127815	NC_012154.1	6596
SRR27421013.267120	NC_012154.1	31780
SRR27421013.48787	NC_012154.1	32073
SRR27421013.210593	NC_012154.1	30894
SRR27421013.154653	NC_012154.1	32368
SRR27421013.107922	NC_012154.1	5300
SRR27421013.186571	NC_012154.1	8504
SRR27421013.221587	NC_012154.1	18438
SRR27421013.287591	NC_012154.1	14301
SRR27421013.263872	NC_012154.1	32163
SRR27421013.148169	NC_012154.1	8772
SRR27421013.56586	NC_012154.1	22627
SRR27421013.97610	NC_012154.1	32783
SRR27421013.52265	NC_012154.1	11544
SRR27421013.71940	NC_012154.1	15252
SRR27421013.237176	NC_012154.1	31837
SRR27421013.152633	NC_012154.1	32121
SRR27421013.116443	NC_012154.1	6087
SRR27421013.39019	NC_012154.1	9400
SRR27421013.28291	NC_012154.1	31778
SRR27421013.274225	NC_012154.1	20863
SRR27421013.266417	NC_012154.1	20810
SRR27421013.104703	NC_012154.1	6592
SRR27421013.272809	NC_012154.1	20175
SRR27421013.23202	NC_012154.1	21873
SRR27421013.25972	NC_012154.1	13248
SRR27421013.63797	NC_012154.1	15811
SRR27421013.171607	NC_012154.1	24080
SRR27421013.194967	NC_012154.1	12084
SRR27421013.201427	NC_012154.1	13370
SRR27421013.62479	NC_012154.1	9051
SRR27421013.7938	NC_012154.1	24570
SRR27421013.209965	NC_012154.1	8147
SRR27421013.182454	NC_012154.1	5594
SRR27421013.236220	NC_012154.1	19890
SRR27421013.260545	NC_012154.1	32158
SRR27421013.95714	NC_012154.1	10311
SRR27421013.102908	NC_012154.1	31504
SRR27421013.275648	NC_012154.1	33102
SRR27421013.75661	NC_012154.1	15310
SRR27421013.37808	NC_012154.1	25648
SRR27421013.90168	NC_012154.1	12125
SRR27421013.219085	NC_012154.1	8506
SRR27421013.196795	NC_012154.1	7107
SRR27421013.27828	NC_012154.1	25293
SRR27421013.72599	NC_012154.1	14059
SRR27421013.137215	NC_012154.1	32354
SRR27421013.60645	NC_012154.1	9293
SRR27421013.201527	NC_012154.1	12930
SRR27421013.173488	NC_012154.1	15198
SRR27421013.96800	NC_012154.1	32427
SRR27421013.211631	NC_012154.1	29447
SRR27421013.218133	NC_012154.1	31359
SRR27421013.226663	NC_012154.1	32290
SRR27421013.31906	NC_012154.1	12136
SRR27421013.235538	NC_012154.1	31918
SRR27421013.275662	NC_012154.1	7776
SRR27421013.222150	NC_012154.1	8421
SRR27421013.239385	NC_012154.1	19152
SRR27421013.124981	NC_012154.1	11877
SRR27421013.106563	NC_012154.1	20682
SRR27421013.169999	NC_012154.1	21007
SRR27421013.256456	NC_012154.1	13410
SRR27421013.75531	NC_012154.1	18324
SRR27421013.237513	NC_012154.1	31605
SRR27421013.158356	NC_012154.1	46491
SRR27421013.219623	NC_012154.1	12015
SRR27421013.279196	NC_012154.1	18796
SRR27421013.2570	NC_012154.1	22506
SRR27421013.171733	NC_012154.1	7261
SRR27421013.265788	NC_012154.1	27044
SRR27421013.48003	NC_012154.1	20845
SRR27421013.268068	NC_012154.1	7175
SRR27421013.142375	NC_012154.1	6021
SRR27421013.30528	NC_012154.1	14790
SRR27421013.277184	NC_012154.1	31992
SRR27421013.86473	NC_012154.1	5985
SRR27421013.287656	NC_012154.1	32428
SRR27421013.106034	NC_012154.1	9162
SRR27421013.150782	NC_012154.1	11611
SRR27421013.49583	NC_012154.1	24245
SRR27421013.86518	NC_012154.1	7263
SRR27421013.250358	NC_012154.1	8074
SRR27421013.263395	NC_012154.1	26218
SRR27421013.266491	NC_012154.1	28227
SRR27421013.282584	NC_012154.1	7715
SRR27421013.283668	NC_012154.1	7703
SRR27421013.190338	NC_012154.1	20797
SRR27421013.41719	NC_012154.1	33257
SRR27421013.134349	NC_012154.1	6690
SRR27421013.8043	NC_012154.1	12074
SRR27421013.78762	NC_012154.1	5400
SRR27421013.145586	NC_012154.1	32328
SRR27421013.103626	NC_012154.1	22103
SRR27421013.157375	NC_012154.1	7427
SRR27421013.87857	NC_012154.1	20804
SRR27421013.222239	NC_012154.1	12307
SRR27421013.102774	NC_012154.1	14410
SRR27421013.263936	NC_012154.1	22875
SRR27421013.35163	NC_012154.1	32151
SRR27421013.264167	NC_012154.1	21041
SRR27421013.148522	NC_012154.1	32041
SRR27421013.234847	NC_012154.1	31505
SRR27421013.173213	NC_012154.1	25752
SRR27421013.40393	NC_012154.1	23710
SRR27421013.105289	NC_012154.1	17385
SRR27421013.38992	NC_012154.1	20425
SRR27421013.265148	NC_012154.1	32152
SRR27421013.267431	NC_012154.1	32193
SRR27421013.91250	NC_012154.1	12632
SRR27421013.79134	NC_012154.1	20571
SRR27421013.215111	NC_012154.1	9502
SRR27421013.79110	NC_012154.1	8024
SRR27421013.238856	NC_012154.1	14116
SRR27421013.183038	NC_012154.1	14545
SRR27421013.162251	NC_012154.1	30573
SRR27421013.50407	NC_012154.1	6072
SRR27421013.212376	NC_012154.1	29234
SRR27421013.275953	NC_012154.1	31814
SRR27421013.254641	NC_012154.1	6480
SRR27421013.211345	NC_012154.1	32264
SRR27421013.241560	NC_012154.1	6921
SRR27421013.226950	NC_012154.1	22913
SRR27421013.212787	NC_012154.1	12838
SRR27421013.28974	NC_012154.1	20747
SRR27421013.129657	NC_012154.1	41426
SRR27421013.57826	NC_012154.1	6692
SRR27421013.51851	NC_012154.1	14641
SRR27421013.224940	NC_012154.1	13561
SRR27421013.3741	NC_012154.1	5773
SRR27421013.229507	NC_012154.1	11887
SRR27421013.68832	NC_012154.1	11379
SRR27421013.277923	NC_012154.1	7841
SRR27421013.131143	NC_012154.1	19438
SRR27421013.77134	NC_012154.1	20278
SRR27421013.42462	NC_012154.1	30870
SRR27421013.219481	NC_012154.1	7661
SRR27421013.123189	NC_012154.1	31822
SRR27421013.169940	NC_012154.1	24775
SRR27421013.41328	NC_012154.1	5762
SRR27421013.139873	NC_012154.1	32414
SRR27421013.219831	NC_012154.1	20056
SRR27421013.42811	NC_012154.1	11485
SRR27421013.25784	NC_012154.1	20268
SRR27421013.164234	NC_012154.1	32295
SRR27421013.261574	NC_012154.1	31634
SRR27421013.256196	NC_012154.1	7211
SRR27421013.233342	NC_012154.1	7044
SRR27421013.77718	NC_012154.1	11367
SRR27421013.172536	NC_012154.1	20469
SRR27421013.197093	NC_012154.1	10950
SRR27421013.268494	NC_012154.1	22364
SRR27421013.190977	NC_012154.1	6981
SRR27421013.235296	NC_012154.1	13927
SRR27421013.208535	NC_012154.1	31528
SRR27421013.49555	NC_012154.1	31454
SRR27421013.147711	NC_012154.1	31959
SRR27421013.109344	NC_012154.1	5509
SRR27421013.94988	NC_012154.1	30649
SRR27421013.213132	NC_012154.1	32501
SRR27421013.246335	NC_012154.1	16783
SRR27421013.206361	NC_012154.1	14132
SRR27421013.143421	NC_012154.1	9373
SRR27421013.68124	NC_012154.1	10239
SRR27421013.256442	NC_012154.1	31704
SRR27421013.235114	NC_012154.1	8128
SRR27421013.101463	NC_012154.1	32285
SRR27421013.214578	NC_012154.1	14674
SRR27421013.219169	NC_012154.1	32108
SRR27421013.288464	NC_012154.1	19249
SRR27421013.101327	NC_012154.1	32408
SRR27421013.217487	NC_012154.1	20313
SRR27421013.38608	NC_012154.1	11201
SRR27421013.12551	NC_012154.1	18112
SRR27421013.10704	NC_012154.1	18159
SRR27421013.225466	NC_012154.1	32441
SRR27421013.126956	NC_012154.1	6665
SRR27421013.249789	NC_012154.1	10750
SRR27421013.17056	NC_012154.1	21600
SRR27421013.104307	NC_012154.1	9497
SRR27421013.118297	NC_012154.1	7485
SRR27421013.67692	NC_012154.1	7574
SRR27421013.104747	NC_012154.1	19652
SRR27421013.184202	NC_012154.1	11160
SRR27421013.128857	NC_012154.1	11326
SRR27421013.123532	NC_012154.1	20206
SRR27421013.145730	NC_012154.1	15944
SRR27421013.81106	NC_012154.1	12934
SRR27421013.11639	NC_012154.1	20449
SRR27421013.103775	NC_012154.1	32602
SRR27421013.152702	NC_012154.1	30770
SRR27421013.224479	NC_012154.1	6713
SRR27421013.255431	NC_012154.1	5635
SRR27421013.220025	NC_012154.1	23081
SRR27421013.215385	NC_012154.1	19462
SRR27421013.62081	NC_012154.1	17299
SRR27421013.268228	NC_012154.1	32221
SRR27421013.267870	NC_012154.1	32304
SRR27421013.68816	NC_012154.1	11807
SRR27421013.102459	NC_012154.1	20173
SRR27421013.269284	NC_012154.1	19640
SRR27421013.171887	NC_012154.1	6057
SRR27421013.103889	NC_012154.1	32730
SRR27421013.120607	NC_012154.1	6113
SRR27421013.285469	NC_012154.1	31806
SRR27421013.283321	NC_012154.1	21290
SRR27421013.171181	NC_012154.1	9523
SRR27421013.221346	NC_012154.1	20005
SRR27421013.179282	NC_012154.1	8806
SRR27421013.82595	NC_012154.1	15455
SRR27421013.172845	NC_012154.1	26436
SRR27421013.152860	NC_012154.1	32762
SRR27421013.213692	NC_012154.1	32504
SRR27421013.212759	NC_012154.1	32576
SRR27421013.211719	NC_012154.1	31483
SRR27421013.102423	NC_012154.1	31723
SRR27421013.224377	NC_012154.1	7900
SRR27421013.254199	NC_012154.1	19318
SRR27421013.283662	NC_012154.1	28104
SRR27421013.224853	NC_012154.1	31944
SRR27421013.96250	NC_012154.1	19502
SRR27421013.286017	NC_012154.1	30504
SRR27421013.118642	NC_012154.1	32112
SRR27421013.225353	NC_012154.1	31842
SRR27421013.72276	NC_012154.1	9016
SRR27421013.234742	NC_012154.1	32201
SRR27421013.53349	NC_012154.1	28365
SRR27421013.51145	NC_012154.1	5316
SRR27421013.52200	NC_012154.1	5316
SRR27421013.109561	NC_012154.1	19860
SRR27421013.72123	NC_012154.1	21645
SRR27421013.72632	NC_012154.1	21705
SRR27421013.127880	NC_012154.1	19937
SRR27421013.252472	NC_012154.1	5561
SRR27421013.207825	NC_012154.1	5268
SRR27421013.168599	NC_012154.1	19816
SRR27421013.212814	NC_012154.1	6619
SRR27421013.18987	NC_012154.1	14934
SRR27421013.17389	NC_012154.1	10849
SRR27421013.120841	NC_012154.1	21276
SRR27421013.209840	NC_012154.1	21803
SRR27421013.165711	NC_012154.1	6137
SRR27421013.194571	NC_012154.1	31686
SRR27421013.132932	NC_012154.1	21395
SRR27421013.135702	NC_012154.1	31544
SRR27421013.28282	NC_012154.1	13021
SRR27421013.185450	NC_012154.1	14361
SRR27421013.264184	NC_012154.1	5509
SRR27421013.29468	NC_012154.1	16331
SRR27421013.59729	NC_012154.1	10758
SRR27421013.262996	NC_012154.1	10729
SRR27421013.85657	NC_012154.1	9926
SRR27421013.222364	NC_012154.1	20810
SRR27421013.137711	NC_012154.1	8431
SRR27421013.251184	NC_012154.1	9024
SRR27421013.31514	NC_012154.1	6743
SRR27421013.191866	NC_012154.1	16747
SRR27421013.70540	NC_012154.1	23446
SRR27421013.153773	NC_012154.1	32711
SRR27421013.99253	NC_012154.1	28106
SRR27421013.146409	NC_012154.1	20415
SRR27421013.166974	NC_012154.1	8525
SRR27421013.252088	NC_012154.1	27585
SRR27421013.220028	NC_012154.1	30818
SRR27421013.268863	NC_012154.1	11005
SRR27421013.158472	NC_012154.1	7987
SRR27421013.274209	NC_012154.1	23305
SRR27421013.205696	NC_012154.1	17194
SRR27421013.245717	NC_012154.1	7563
SRR27421013.38399	NC_012154.1	29036
SRR27421013.219480	NC_012154.1	19717
SRR27421013.23034	NC_012154.1	22544
SRR27421013.237481	NC_012154.1	30531
SRR27421013.96186	NC_012154.1	7237
SRR27421013.214829	NC_012154.1	6326
SRR27421013.173895	NC_012154.1	32150
SRR27421013.123402	NC_012154.1	31586
SRR27421013.76547	NC_012154.1	19664
SRR27421013.190419	NC_012154.1	21251
SRR27421013.48142	NC_012154.1	31720
SRR27421013.237297	NC_012154.1	31355
SRR27421013.259352	NC_012154.1	9727
SRR27421013.207908	NC_012154.1	10608
SRR27421013.154313	NC_012154.1	5304
SRR27421013.12492	NC_012154.1	26050
SRR27421013.165130	NC_012154.1	18514
SRR27421013.192823	NC_012154.1	23111
SRR27421013.13073	NC_012154.1	9562
SRR27421013.147309	NC_012154.1	31645
SRR27421013.158554	NC_012154.1	11677
SRR27421013.32623	NC_012154.1	21693
SRR27421013.126641	NC_012154.1	13830
SRR27421013.213576	NC_012154.1	31381
SRR27421013.40946	NC_012154.1	16109
SRR27421013.156913	NC_012154.1	20768
SRR27421013.15233	NC_012154.1	23672
SRR27421013.48127	NC_012154.1	6724
SRR27421013.184674	NC_012154.1	8781
SRR27421013.135564	NC_012154.1	5101
SRR27421013.209956	NC_012154.1	63507
SRR27421013.95780	NC_012154.1	32433
SRR27421013.192704	NC_012154.1	9901
SRR27421013.265679	NC_012154.1	32197
SRR27421013.9395	NC_012154.1	19278
SRR27421013.78691	NC_012154.1	19714
SRR27421013.151426	NC_012154.1	9273
SRR27421013.76430	NC_012154.1	12871
SRR27421013.123631	NC_012154.1	31579
SRR27421013.49148	NC_012154.1	5104
SRR27421013.146806	NC_012154.1	30983
SRR27421013.222879	NC_012154.1	20690
SRR27421013.287095	NC_012154.1	38428
SRR27421013.13768	NC_012154.1	20666
SRR27421013.107705	NC_012154.1	31166
SRR27421013.202309	NC_012154.1	19447
SRR27421013.211176	NC_012154.1	30281
SRR27421013.158621	NC_012154.1	19401
SRR27421013.163096	NC_012154.1	21082
SRR27421013.162390	NC_012154.1	21039
SRR27421013.193933	NC_012154.1	31468
SRR27421013.102703	NC_012154.1	19140
SRR27421013.175698	NC_012154.1	5338
SRR27421013.146605	NC_012154.1	31952
SRR27421013.28464	NC_012154.1	31807
SRR27421013.142312	NC_012154.1	5679
SRR27421013.165454	NC_012154.1	19190
SRR27421013.150141	NC_012154.1	6583
SRR27421013.219160	NC_012154.1	19418
SRR27421013.164738	NC_012154.1	12881
SRR27421013.89377	NC_012154.1	32796
SRR27421013.107192	NC_012154.1	20408
SRR27421013.261727	NC_012154.1	31608
SRR27421013.133920	NC_012154.1	32518
SRR27421013.179077	NC_012154.1	23755
SRR27421013.194888	NC_012154.1	24978
SRR27421013.256749	NC_012154.1	6097
SRR27421013.226524	NC_012154.1	31679
SRR27421013.52568	NC_012154.1	31830
SRR27421013.136881	NC_012154.1	32217
SRR27421013.217506	NC_012154.1	5185
SRR27421013.268020	NC_012154.1	32531
SRR27421013.20713	NC_012154.1	10986
SRR27421013.61764	NC_012154.1	5051
SRR27421013.209460	NC_012154.1	18637
SRR27421013.247789	NC_012154.1	8299
SRR27421013.156419	NC_012154.1	28743
SRR27421013.144398	NC_012154.1	12042
SRR27421013.225268	NC_012154.1	32141
SRR27421013.235156	NC_012154.1	16523
SRR27421013.189245	NC_012154.1	6380
SRR27421013.140467	NC_012154.1	20275
SRR27421013.193451	NC_012154.1	5639
SRR27421013.233982	NC_012154.1	6374
SRR27421013.198929	NC_012154.1	8668
SRR27421013.21120	NC_012154.1	24278
SRR27421013.259603	NC_012154.1	20901
SRR27421013.277422	NC_012154.1	22149
SRR27421013.131261	NC_012154.1	31795
SRR27421013.173375	NC_012154.1	26546
SRR27421013.262526	NC_012154.1	30865
SRR27421013.198562	NC_012154.1	19135
SRR27421013.9046	NC_012154.1	19129
SRR27421013.275254	NC_012154.1	10837
SRR27421013.210073	NC_012154.1	19018
SRR27421013.106043	NC_012154.1	21341
SRR27421013.211128	NC_012154.1	5574
SRR27421013.200495	NC_012154.1	12460
SRR27421013.193369	NC_012154.1	6470
SRR27421013.218598	NC_012154.1	23848
SRR27421013.124443	NC_012154.1	32048
SRR27421013.48477	NC_012154.1	31641
SRR27421013.104397	NC_012154.1	20901
SRR27421013.218317	NC_012154.1	23292
SRR27421013.158566	NC_012154.1	20721
SRR27421013.213225	NC_012154.1	21567
SRR27421013.147597	NC_012154.1	20796
SRR27421013.224900	NC_012154.1	21108
SRR27421013.153094	NC_012154.1	32176
SRR27421013.244170	NC_012154.1	10314
SRR27421013.88274	NC_012154.1	30637
SRR27421013.282099	NC_012154.1	7168
SRR27421013.266716	NC_012154.1	31514
SRR27421013.211515	NC_012154.1	31980
SRR27421013.49821	NC_012154.1	9343
SRR27421013.199211	NC_012154.1	13147
SRR27421013.77121	NC_012154.1	62719
SRR27421013.22222	NC_012154.1	18713
SRR27421013.265176	NC_012154.1	14283
SRR27421013.255742	NC_012154.1	31350
SRR27421013.254770	NC_012154.1	31370
SRR27421013.272394	NC_012154.1	19039
SRR27421013.29491	NC_012154.1	31795
SRR27421013.284248	NC_012154.1	6654
SRR27421013.277009	NC_012154.1	31491
SRR27421013.84395	NC_012154.1	15702
SRR27421013.262843	NC_012154.1	6246
SRR27421013.74811	NC_012154.1	15120
SRR27421013.131483	NC_012154.1	29519
SRR27421013.69436	NC_012154.1	20152
SRR27421013.133181	NC_012154.1	8460
SRR27421013.213771	NC_012154.1	36275
SRR27421013.28992	NC_012154.1	24818
SRR27421013.37572	NC_012154.1	18763
SRR27421013.266319	NC_012154.1	32131
SRR27421013.95088	NC_012154.1	31557
SRR27421013.224123	NC_012154.1	18927
SRR27421013.219853	NC_012154.1	31472
SRR27421013.21483	NC_012154.1	18818
SRR27421013.218621	NC_012154.1	8469
SRR27421013.156453	NC_012154.1	32331
SRR27421013.181811	NC_012154.1	23995
SRR27421013.135411	NC_012154.1	32576
SRR27421013.225561	NC_012154.1	11005
SRR27421013.257629	NC_012154.1	32625
SRR27421013.104692	NC_012154.1	25771
SRR27421013.154402	NC_012154.1	32686
SRR27421013.103151	NC_012154.1	31846
SRR27421013.129589	NC_012154.1	31751
SRR27421013.211487	NC_012154.1	31265
SRR27421013.211920	NC_012154.1	31389
SRR27421013.73139	NC_012154.1	6047
SRR27421013.44676	NC_012154.1	11640
SRR27421013.211595	NC_012154.1	32003
SRR27421013.67430	NC_012154.1	17622
SRR27421013.209946	NC_012154.1	32405
SRR27421013.275680	NC_012154.1	31776
SRR27421013.141984	NC_012154.1	25545
SRR27421013.48495	NC_012154.1	30800
SRR27421013.114548	NC_012154.1	11002
SRR27421013.158275	NC_012154.1	22639
SRR27421013.113495	NC_012154.1	10969
SRR27421013.176164	NC_012154.1	6432
SRR27421013.100100	NC_012154.1	20622
SRR27421013.259749	NC_012154.1	7440
SRR27421013.219143	NC_012154.1	31704
SRR27421013.220441	NC_012154.1	31693
SRR27421013.210277	NC_012154.1	32437
SRR27421013.225246	NC_012154.1	31406
SRR27421013.225579	NC_012154.1	30830
SRR27421013.232754	NC_012154.1	12853
SRR27421013.37017	NC_012154.1	31606
SRR27421013.259192	NC_012154.1	31380
SRR27421013.41066	NC_012154.1	31686
SRR27421013.43489	NC_012154.1	32585
SRR27421013.236560	NC_012154.1	31763
SRR27421013.157998	NC_012154.1	19857
SRR27421013.262199	NC_012154.1	32053
SRR27421013.43066	NC_012154.1	18469
SRR27421013.225650	NC_012154.1	31412
SRR27421013.226558	NC_012154.1	31408
SRR27421013.79678	NC_012154.1	16452
SRR27421013.162063	NC_012154.1	5479
SRR27421013.137405	NC_012154.1	20795
SRR27421013.85407	NC_012154.1	17700
SRR27421013.164794	NC_012154.1	30799
SRR27421013.219913	NC_012154.1	32281
SRR27421013.144317	NC_012154.1	10783
SRR27421013.218303	NC_012154.1	7690
SRR27421013.275819	NC_012154.1	32686
SRR27421013.276977	NC_012154.1	8276
SRR27421013.287316	NC_012154.1	21271
SRR27421013.217435	NC_012154.1	32336
SRR27421013.74843	NC_012154.1	32135
SRR27421013.257933	NC_012154.1	18608
SRR27421013.213458	NC_012154.1	30807
SRR27421013.101437	NC_012154.1	33117
SRR27421013.105042	NC_012154.1	31904
SRR27421013.157168	NC_012154.1	22379
SRR27421013.84310	NC_012154.1	6617
SRR27421013.44834	NC_012154.1	31629
SRR27421013.49074	NC_012154.1	9019
SRR27421013.75678	NC_012154.1	19330
SRR27421013.156883	NC_012154.1	20955
SRR27421013.58476	NC_012154.1	9479
SRR27421013.219643	NC_012154.1	5986
SRR27421013.226115	NC_012154.1	31561
SRR27421013.41881	NC_012154.1	44535
SRR27421013.236321	NC_012154.1	6394
SRR27421013.223400	NC_012154.1	18589
SRR27421013.221629	NC_012154.1	29553
SRR27421013.283094	NC_012154.1	23403
SRR27421013.151575	NC_012154.1	11655
SRR27421013.111499	NC_012154.1	10711
SRR27421013.244700	NC_012154.1	5512
SRR27421013.15101	NC_012154.1	19605
SRR27421013.122725	NC_012154.1	32313
SRR27421013.38053	NC_012154.1	18375
SRR27421013.111431	NC_012154.1	23699
SRR27421013.193228	NC_012154.1	32399
SRR27421013.144859	NC_012154.1	18945
SRR27421013.140330	NC_012154.1	18421
SRR27421013.132784	NC_012154.1	19341
SRR27421013.195277	NC_012154.1	23196
SRR27421013.5215	NC_012154.1	19247
SRR27421013.137359	NC_012154.1	18517
SRR27421013.211843	NC_012154.1	12421
SRR27421013.241956	NC_012154.1	9159
SRR27421013.142105	NC_012154.1	8345
SRR27421013.10976	NC_012154.1	13084
SRR27421013.41923	NC_012154.1	20659
SRR27421013.173848	NC_012154.1	19696
SRR27421013.11611	NC_012154.1	7317
SRR27421013.120567	NC_012154.1	30817
SRR27421013.233784	NC_012154.1	19949
SRR27421013.40001	NC_012154.1	23152
SRR27421013.20965	NC_012154.1	22499
SRR27421013.37701	NC_012154.1	32027
SRR27421013.157169	NC_012154.1	19311
SRR27421013.265795	NC_012154.1	30824
SRR27421013.246859	NC_012154.1	20848
SRR27421013.97325	NC_012154.1	29746
SRR27421013.29448	NC_012154.1	21872
SRR27421013.202219	NC_012154.1	31610
SRR27421013.240892	NC_012154.1	19329
SRR27421013.102566	NC_012154.1	31125
SRR27421013.99449	NC_012154.1	30954
SRR27421013.96983	NC_012154.1	18290
SRR27421013.70780	NC_012154.1	9538
SRR27421013.36294	NC_012154.1	10335
SRR27421013.132924	NC_012154.1	23757
SRR27421013.174482	NC_012154.1	32372
SRR27421013.271378	NC_012154.1	25080
SRR27421013.43490	NC_012154.1	31391
SRR27421013.50106	NC_012154.1	24331
SRR27421013.95	NC_012154.1	11613
SRR27421013.20582	NC_012154.1	15743
SRR27421013.25815	NC_012154.1	5563
SRR27421013.220562	NC_012154.1	18338
SRR27421013.105958	NC_012154.1	31792
SRR27421013.202431	NC_012154.1	19208
SRR27421013.257954	NC_012154.1	31733
SRR27421013.155245	NC_012154.1	10162
SRR27421013.271274	NC_012154.1	6852
SRR27421013.2278	NC_012154.1	10000
SRR27421013.245085	NC_012154.1	8275
SRR27421013.203574	NC_012154.1	18184
SRR27421013.75677	NC_012154.1	19440
SRR27421013.32567	NC_012154.1	28739
SRR27421013.39854	NC_012154.1	31993
SRR27421013.37681	NC_012154.1	31763
SRR27421013.86629	NC_012154.1	19134
SRR27421013.65356	NC_012154.1	22176
SRR27421013.100068	NC_012154.1	17668
SRR27421013.131766	NC_012154.1	32257
SRR27421013.95494	NC_012154.1	5097
SRR27421013.123576	NC_012154.1	7617
SRR27421013.39166	NC_012154.1	21973
SRR27421013.260282	NC_012154.1	13166
SRR27421013.257461	NC_012154.1	32516
SRR27421013.91345	NC_012154.1	22630
SRR27421013.266476	NC_012154.1	24175
SRR27421013.173659	NC_012154.1	18671
SRR27421013.82493	NC_012154.1	32172
SRR27421013.213112	NC_012154.1	25495
SRR27421013.266348	NC_012154.1	19629
SRR27421013.269803	NC_012154.1	6250
SRR27421013.259100	NC_012154.1	37554
SRR27421013.248399	NC_012154.1	8152
SRR27421013.193688	NC_012154.1	30994
SRR27421013.185609	NC_012154.1	5950
SRR27421013.184003	NC_012154.1	16094
SRR27421013.136759	NC_012154.1	8073
SRR27421013.158748	NC_012154.1	7665
SRR27421013.150023	NC_012154.1	14404
SRR27421013.260986	NC_012154.1	17988
SRR27421013.128346	NC_012154.1	9296
SRR27421013.251602	NC_012154.1	17866
SRR27421013.150781	NC_012154.1	17996
SRR27421013.226361	NC_012154.1	32722
SRR27421013.267041	NC_012154.1	21236
SRR27421013.100603	NC_012154.1	37955
SRR27421013.223144	NC_012154.1	14894
SRR27421013.123842	NC_012154.1	7658
SRR27421013.70764	NC_012154.1	9301
SRR27421013.211592	NC_012154.1	18273
SRR27421013.121711	NC_012154.1	7507
SRR27421013.99545	NC_012154.1	31422
SRR27421013.227075	NC_012154.1	36485
SRR27421013.185097	NC_012154.1	25449
SRR27421013.150850	NC_012154.1	5973
SRR27421013.21374	NC_012154.1	7741
SRR27421013.247724	NC_012154.1	5512
SRR27421013.124302	NC_012154.1	24350
SRR27421013.193857	NC_012154.1	5758
SRR27421013.107671	NC_012154.1	28891
SRR27421013.80756	NC_012154.1	7121
SRR27421013.159802	NC_012154.1	21820
SRR27421013.212748	NC_012154.1	21383
SRR27421013.53032	NC_012154.1	21125
SRR27421013.254346	NC_012154.1	10799
SRR27421013.103604	NC_012154.1	10679
SRR27421013.97084	NC_012154.1	32544
SRR27421013.16110	NC_012154.1	17489
SRR27421013.97085	NC_012154.1	20655
SRR27421013.248256	NC_012154.1	11660
SRR27421013.107717	NC_012154.1	32072
SRR27421013.40520	NC_012154.1	6336
SRR27421013.150895	NC_012154.1	6152
SRR27421013.267911	NC_012154.1	19445
SRR27421013.78634	NC_012154.1	9795
SRR27421013.140188	NC_012154.1	12124
SRR27421013.61129	NC_012154.1	19925
SRR27421013.149955	NC_012154.1	20881
SRR27421013.167797	NC_012154.1	29401
SRR27421013.276563	NC_012154.1	21661
SRR27421013.179382	NC_012154.1	25308
SRR27421013.5332	NC_012154.1	22300
SRR27421013.70260	NC_012154.1	19576
SRR27421013.171554	NC_012154.1	11236
SRR27421013.124939	NC_012154.1	32835
SRR27421013.102446	NC_012154.1	18803
SRR27421013.47868	NC_012154.1	19202
SRR27421013.38595	NC_012154.1	18668
SRR27421013.260071	NC_012154.1	13761
SRR27421013.11694	NC_012154.1	18001
SRR27421013.206138	NC_012154.1	31675
SRR27421013.256251	NC_012154.1	31777
SRR27421013.158234	NC_012154.1	15078
SRR27421013.218197	NC_012154.1	9121
SRR27421013.141084	NC_012154.1	16699
SRR27421013.175163	NC_012154.1	27046
SRR27421013.231033	NC_012154.1	5387
SRR27421013.276630	NC_012154.1	30615
SRR27421013.108477	NC_012154.1	17740
SRR27421013.28911	NC_012154.1	31766
SRR27421013.210798	NC_012154.1	5825
SRR27421013.212248	NC_012154.1	5807
SRR27421013.180907	NC_012154.1	18568
SRR27421013.249312	NC_012154.1	13605
SRR27421013.181169	NC_012154.1	13037
SRR27421013.213716	NC_012154.1	32124
SRR27421013.8358	NC_012154.1	9272
SRR27421013.146559	NC_012154.1	25503
SRR27421013.35996	NC_012154.1	18714
SRR27421013.33688	NC_012154.1	18731
SRR27421013.233685	NC_012154.1	21474
SRR27421013.58453	NC_012154.1	17918
SRR27421013.164597	NC_012154.1	17867
SRR27421013.75004	NC_012154.1	21670
SRR27421013.230626	NC_012154.1	17409
SRR27421013.281864	NC_012154.1	10394
SRR27421013.253947	NC_012154.1	11521
SRR27421013.1234	NC_012154.1	18850
SRR27421013.137214	NC_012154.1	17663
SRR27421013.190746	NC_012154.1	19809
SRR27421013.162758	NC_012154.1	31721
SRR27421013.174591	NC_012154.1	18921
SRR27421013.203047	NC_012154.1	32364
SRR27421013.118427	NC_012154.1	32011
SRR27421013.146581	NC_012154.1	19190
SRR27421013.4624	NC_012154.1	7217
SRR27421013.98024	NC_012154.1	12217
SRR27421013.194226	NC_012154.1	32547
SRR27421013.35257	NC_012154.1	8951
SRR27421013.43334	NC_012154.1	7589
SRR27421013.200764	NC_012154.1	22327
SRR27421013.266866	NC_012154.1	30943
SRR27421013.261282	NC_012154.1	21613
SRR27421013.74653	NC_012154.1	13760
SRR27421013.47750	NC_012154.1	32527
SRR27421013.180490	NC_012154.1	32246
SRR27421013.207341	NC_012154.1	20573
SRR27421013.47628	NC_012154.1	32074
SRR27421013.252314	NC_012154.1	11374
SRR27421013.172123	NC_012154.1	35673
SRR27421013.39922	NC_012154.1	17467
SRR27421013.157959	NC_012154.1	31077
SRR27421013.31565	NC_012154.1	5202
SRR27421013.28105	NC_012154.1	38094
SRR27421013.136303	NC_012154.1	17294
SRR27421013.21855	NC_012154.1	18308
SRR27421013.205581	NC_012154.1	19627
SRR27421013.232298	NC_012154.1	15097
SRR27421013.107763	NC_012154.1	6302
SRR27421013.199201	NC_012154.1	9667
SRR27421013.53575	NC_012154.1	19593
SRR27421013.241223	NC_012154.1	17106
SRR27421013.66604	NC_012154.1	21301
SRR27421013.140816	NC_012154.1	7120
SRR27421013.163356	NC_012154.1	12922
SRR27421013.50093	NC_012154.1	15271
SRR27421013.231124	NC_012154.1	31515
SRR27421013.49235	NC_012154.1	31541
SRR27421013.224908	NC_012154.1	29970
SRR27421013.135302	NC_012154.1	19509
SRR27421013.173243	NC_012154.1	31680
SRR27421013.261325	NC_012154.1	31873
SRR27421013.204328	NC_012154.1	5026
SRR27421013.4306	NC_012154.1	16784
SRR27421013.75308	NC_012154.1	26909
SRR27421013.201995	NC_012154.1	6297
SRR27421013.29721	NC_012154.1	10423
SRR27421013.50320	NC_012154.1	31238
SRR27421013.96123	NC_012154.1	31175
SRR27421013.103066	NC_012154.1	19078
SRR27421013.29767	NC_012154.1	18496
SRR27421013.74268	NC_012154.1	12001
SRR27421013.10814	NC_012154.1	17034
SRR27421013.273843	NC_012154.1	10635
SRR27421013.148398	NC_012154.1	31878
SRR27421013.172941	NC_012154.1	25505
SRR27421013.146707	NC_012154.1	16396
SRR27421013.204746	NC_012154.1	17075
SRR27421013.253000	NC_012154.1	18941
SRR27421013.29720	NC_012154.1	32519
SRR27421013.124294	NC_012154.1	21198
SRR27421013.273762	NC_012154.1	14202
SRR27421013.231525	NC_012154.1	10679
SRR27421013.38307	NC_012154.1	17941
SRR27421013.227051	NC_012154.1	32655
SRR27421013.142731	NC_012154.1	10203
SRR27421013.47967	NC_012154.1	24618
SRR27421013.223839	NC_012154.1	10226
SRR27421013.196818	NC_012154.1	19203
SRR27421013.272754	NC_012154.1	14352
SRR27421013.226616	NC_012154.1	22638
SRR27421013.166671	NC_012154.1	14756
SRR27421013.273473	NC_012154.1	14920
SRR27421013.98667	NC_012154.1	5159
SRR27421013.125166	NC_012154.1	15344
SRR27421013.131467	NC_012154.1	15699
SRR27421013.158648	NC_012154.1	5903
SRR27421013.214491	NC_012154.1	11000
SRR27421013.26111	NC_012154.1	16987
SRR27421013.204307	NC_012154.1	16996
SRR27421013.233550	NC_012154.1	13808
SRR27421013.166630	NC_012154.1	5604
SRR27421013.69287	NC_012154.1	23266
SRR27421013.171144	NC_012154.1	18818
SRR27421013.124109	NC_012154.1	5287
SRR27421013.4126	NC_012154.1	9242
SRR27421013.100339	NC_012154.1	21473
SRR27421013.209121	NC_012154.1	5900
SRR27421013.50455	NC_012154.1	10301
SRR27421013.95129	NC_012154.1	9564
SRR27421013.16374	NC_012154.1	23558
SRR27421013.175024	NC_012154.1	27085
SRR27421013.231564	NC_012154.1	17614
SRR27421013.102712	NC_012154.1	31975
SRR27421013.152643	NC_012154.1	12795
SRR27421013.32920	NC_012154.1	20460
SRR27421013.194874	NC_012154.1	8768
SRR27421013.190088	NC_012154.1	9701
SRR27421013.162722	NC_012154.1	31820
SRR27421013.70330	NC_012154.1	19339
SRR27421013.207226	NC_012154.1	16931
SRR27421013.46858	NC_012154.1	12590
SRR27421013.134182	NC_012154.1	20906
SRR27421013.118944	NC_012154.1	25058
SRR27421013.107928	NC_012154.1	24769
SRR27421013.243251	NC_012154.1	9290
SRR27421013.77779	NC_012154.1	31846
SRR27421013.18787	NC_012154.1	18317
SRR27421013.201906	NC_012154.1	17253
SRR27421013.195644	NC_012154.1	32309
SRR27421013.77197	NC_012154.1	32905
SRR27421013.258376	NC_012154.1	16892
SRR27421013.208356	NC_012154.1	7776
SRR27421013.208199	NC_012154.1	7850
SRR27421013.87322	NC_012154.1	14521
SRR27421013.95436	NC_012154.1	18449
SRR27421013.139600	NC_012154.1	8425
SRR27421013.231330	NC_012154.1	8930
SRR27421013.147523	NC_012154.1	43195
SRR27421013.266246	NC_012154.1	32000
SRR27421013.164841	NC_012154.1	20894
SRR27421013.225309	NC_012154.1	28295
SRR27421013.144963	NC_012154.1	16712
SRR27421013.270378	NC_012154.1	16972
SRR27421013.141857	NC_012154.1	17871
SRR27421013.258116	NC_012154.1	31717
SRR27421013.257084	NC_012154.1	31270
SRR27421013.89537	NC_012154.1	16610
SRR27421013.195378	NC_012154.1	6225
SRR27421013.138718	NC_012154.1	31313
SRR27421013.225327	NC_012154.1	30922
SRR27421013.180225	NC_012154.1	16718
SRR27421013.52365	NC_012154.1	18093
SRR27421013.145310	NC_012154.1	5645
SRR27421013.50754	NC_012154.1	18082
SRR27421013.259978	NC_012154.1	31758
SRR27421013.3635	NC_012154.1	20823
SRR27421013.227146	NC_012154.1	31641
SRR27421013.96913	NC_012154.1	29272
SRR27421013.106748	NC_012154.1	31729
SRR27421013.6270	NC_012154.1	31873
SRR27421013.212605	NC_012154.1	16993
SRR27421013.23965	NC_012154.1	16644
SRR27421013.124079	NC_012154.1	31672
SRR27421013.119607	NC_012154.1	32904
SRR27421013.4399	NC_012154.1	18235
SRR27421013.194150	NC_012154.1	18128
SRR27421013.221708	NC_012154.1	22483
SRR27421013.267944	NC_012154.1	10668
SRR27421013.156612	NC_012154.1	32280
SRR27421013.213039	NC_012154.1	31968
SRR27421013.119153	NC_012154.1	18665
SRR27421013.72437	NC_012154.1	13512
SRR27421013.130186	NC_012154.1	26820
SRR27421013.167313	NC_012154.1	9402
SRR27421013.183092	NC_012154.1	9700
SRR27421013.34258	NC_012154.1	16411
SRR27421013.121357	NC_012154.1	8787
SRR27421013.209831	NC_012154.1	24236
SRR27421013.138401	NC_012154.1	31923
SRR27421013.271440	NC_012154.1	21790
SRR27421013.94820	NC_012154.1	19598
SRR27421013.184526	NC_012154.1	17284
SRR27421013.214484	NC_012154.1	16529
SRR27421013.127416	NC_012154.1	5017
SRR27421013.240464	NC_012154.1	20552
SRR27421013.144407	NC_012154.1	17276
SRR27421013.263995	NC_012154.1	32235
SRR27421013.246041	NC_012154.1	14964
SRR27421013.71420	NC_012154.1	19673
SRR27421013.251575	NC_012154.1	6586
SRR27421013.171242	NC_012154.1	9406
SRR27421013.278089	NC_012154.1	22749
SRR27421013.97684	NC_012154.1	28533
SRR27421013.145989	NC_012154.1	30015
SRR27421013.148294	NC_012154.1	19710
SRR27421013.251194	NC_012154.1	16432
SRR27421013.255322	NC_012154.1	32046
SRR27421013.103938	NC_012154.1	7408
SRR27421013.41841	NC_012154.1	16540
SRR27421013.245239	NC_012154.1	17431
SRR27421013.264597	NC_012154.1	41426
SRR27421013.219185	NC_012154.1	31801
SRR27421013.143158	NC_012154.1	5406
SRR27421013.125648	NC_012154.1	16446
SRR27421013.52683	NC_012154.1	6376
SRR27421013.174570	NC_012154.1	33097
SRR27421013.123019	NC_012154.1	17780
SRR27421013.119164	NC_012154.1	32417
SRR27421013.224632	NC_012154.1	32638
SRR27421013.99995	NC_012154.1	16285
SRR27421013.148225	NC_012154.1	16322
SRR27421013.255647	NC_012154.1	16321
SRR27421013.11656	NC_012154.1	16398
SRR27421013.259130	NC_012154.1	25144
SRR27421013.124178	NC_012154.1	19443
SRR27421013.217823	NC_012154.1	27242
SRR27421013.222793	NC_012154.1	16325
SRR27421013.108724	NC_012154.1	14296
SRR27421013.219465	NC_012154.1	7998
SRR27421013.39773	NC_012154.1	19635
SRR27421013.99532	NC_012154.1	17617
SRR27421013.72352	NC_012154.1	17521
SRR27421013.261162	NC_012154.1	31964
SRR27421013.16595	NC_012154.1	22973
SRR27421013.48291	NC_012154.1	26300
SRR27421013.247981	NC_012154.1	12955
SRR27421013.254371	NC_012154.1	16251
SRR27421013.252416	NC_012154.1	17092
SRR27421013.164899	NC_012154.1	15692
SRR27421013.106438	NC_012154.1	16197
SRR27421013.227094	NC_012154.1	17868
SRR27421013.140793	NC_012154.1	17283
SRR27421013.139145	NC_012154.1	17326
SRR27421013.285967	NC_012154.1	31526
SRR27421013.164373	NC_012154.1	63709
SRR27421013.60562	NC_012154.1	16257
SRR27421013.95243	NC_012154.1	9569
SRR27421013.181929	NC_012154.1	32960
SRR27421013.7882	NC_012154.1	8986
SRR27421013.211733	NC_012154.1	32348
SRR27421013.72817	NC_012154.1	21240
SRR27421013.33486	NC_012154.1	16646
SRR27421013.84984	NC_012154.1	17595
SRR27421013.275177	NC_012154.1	9560
SRR27421013.104383	NC_012154.1	7798
SRR27421013.236378	NC_012154.1	31752
SRR27421013.70896	NC_012154.1	7217
SRR27421013.198722	NC_012154.1	21658
SRR27421013.28306	NC_012154.1	31249
SRR27421013.124437	NC_012154.1	20196
SRR27421013.153228	NC_012154.1	16034
SRR27421013.100698	NC_012154.1	31485
SRR27421013.11177	NC_012154.1	16857
SRR27421013.21981	NC_012154.1	21358
SRR27421013.26553	NC_012154.1	9129
SRR27421013.118803	NC_012154.1	18693
SRR27421013.104266	NC_012154.1	32216
SRR27421013.48990	NC_012154.1	32237
SRR27421013.231214	NC_012154.1	17724
SRR27421013.135965	NC_012154.1	31453
SRR27421013.191570	NC_012154.1	8401
SRR27421013.121686	NC_012154.1	32248
SRR27421013.164057	NC_012154.1	20332
SRR27421013.50392	NC_012154.1	27798
SRR27421013.245074	NC_012154.1	25469
SRR27421013.240384	NC_012154.1	21389
SRR27421013.128817	NC_012154.1	31672
SRR27421013.474	NC_012154.1	15951
SRR27421013.207395	NC_012154.1	19768
SRR27421013.3824	NC_012154.1	5628
SRR27421013.83402	NC_012154.1	31912
SRR27421013.3536	NC_012154.1	27442
SRR27421013.29382	NC_012154.1	9204
SRR27421013.115676	NC_012154.1	5747
SRR27421013.57810	NC_012154.1	5226
SRR27421013.60461	NC_012154.1	5234
SRR27421013.95491	NC_012154.1	21665
SRR27421013.98249	NC_012154.1	22125
SRR27421013.104517	NC_012154.1	16721
SRR27421013.233542	NC_012154.1	23377
SRR27421013.47367	NC_012154.1	5702
SRR27421013.22343	NC_012154.1	17621
SRR27421013.210956	NC_012154.1	31443
SRR27421013.43599	NC_012154.1	31944
SRR27421013.18625	NC_012154.1	19428
SRR27421013.149124	NC_012154.1	15837
SRR27421013.180775	NC_012154.1	21093
SRR27421013.138982	NC_012154.1	15507
SRR27421013.261999	NC_012154.1	32703
SRR27421013.193519	NC_012154.1	30738
SRR27421013.85033	NC_012154.1	17710
SRR27421013.150603	NC_012154.1	17816
SRR27421013.56802	NC_012154.1	13993
SRR27421013.74108	NC_012154.1	15792
SRR27421013.189864	NC_012154.1	19536
SRR27421013.248048	NC_012154.1	21797
SRR27421013.268900	NC_012154.1	16981
SRR27421013.124602	NC_012154.1	25847
SRR27421013.201058	NC_012154.1	5736
SRR27421013.227098	NC_012154.1	32397
SRR27421013.200759	NC_012154.1	16701
SRR27421013.267382	NC_012154.1	15705
SRR27421013.69698	NC_012154.1	17014
SRR27421013.182265	NC_012154.1	31364
SRR27421013.277718	NC_012154.1	17112
SRR27421013.71107	NC_012154.1	12927
SRR27421013.174070	NC_012154.1	17104
SRR27421013.128718	NC_012154.1	6128
SRR27421013.21710	NC_012154.1	18461
SRR27421013.106671	NC_012154.1	33801
SRR27421013.74117	NC_012154.1	5083
SRR27421013.275530	NC_012154.1	15670
SRR27421013.139698	NC_012154.1	8354
SRR27421013.140669	NC_012154.1	8378
SRR27421013.167541	NC_012154.1	8590
SRR27421013.137333	NC_012154.1	31062
SRR27421013.250273	NC_012154.1	11420
SRR27421013.238280	NC_012154.1	19421
SRR27421013.257253	NC_012154.1	9636
SRR27421013.203040	NC_012154.1	20670
SRR27421013.30413	NC_012154.1	11755
SRR27421013.269144	NC_012154.1	15610
SRR27421013.195516	NC_012154.1	32032
SRR27421013.195515	NC_012154.1	32070
SRR27421013.99658	NC_012154.1	16620
SRR27421013.196646	NC_012154.1	15591
SRR27421013.157028	NC_012154.1	8085
SRR27421013.163212	NC_012154.1	25052
SRR27421013.155881	NC_012154.1	30452
SRR27421013.16108	NC_012154.1	11083
SRR27421013.101450	NC_012154.1	32014
SRR27421013.121984	NC_012154.1	15477
SRR27421013.198642	NC_012154.1	19659
SRR27421013.100385	NC_012154.1	32611
SRR27421013.177407	NC_012154.1	16581
SRR27421013.177701	NC_012154.1	16595
SRR27421013.58238	NC_012154.1	17569
SRR27421013.155707	NC_012154.1	15591
SRR27421013.16898	NC_012154.1	15461
SRR27421013.4515	NC_012154.1	5007
SRR27421013.165186	NC_012154.1	27306
SRR27421013.78940	NC_012154.1	19039
SRR27421013.133484	NC_012154.1	18945
SRR27421013.173571	NC_012154.1	15560
SRR27421013.141532	NC_012154.1	29966
SRR27421013.145537	NC_012154.1	31739
SRR27421013.90083	NC_012154.1	9884
SRR27421013.56808	NC_012154.1	11849
SRR27421013.213026	NC_012154.1	30241
SRR27421013.277506	NC_012154.1	20303
SRR27421013.254283	NC_012154.1	15948
SRR27421013.31176	NC_012154.1	17697
SRR27421013.79054	NC_012154.1	17114
SRR27421013.6792	NC_012154.1	9459
SRR27421013.53594	NC_012154.1	17341
SRR27421013.63376	NC_012154.1	15967
SRR27421013.136967	NC_012154.1	32188
SRR27421013.219275	NC_012154.1	31550
SRR27421013.194089	NC_012154.1	31886
SRR27421013.223573	NC_012154.1	17146
SRR27421013.163961	NC_012154.1	15467
SRR27421013.193448	NC_012154.1	31475
SRR27421013.204125	NC_012154.1	5960
SRR27421013.235391	NC_012154.1	31128
SRR27421013.73486	NC_012154.1	6581
SRR27421013.52389	NC_012154.1	22623
SRR27421013.149545	NC_012154.1	14142
SRR27421013.250493	NC_012154.1	19543
SRR27421013.35692	NC_012154.1	9464
SRR27421013.203286	NC_012154.1	16497
SRR27421013.211276	NC_012154.1	18819
SRR27421013.219015	NC_012154.1	16640
SRR27421013.130797	NC_012154.1	9630
SRR27421013.930	NC_012154.1	8386
SRR27421013.76582	NC_012154.1	15195
SRR27421013.255616	NC_012154.1	31675
SRR27421013.37495	NC_012154.1	20741
SRR27421013.23153	NC_012154.1	15301
SRR27421013.285709	NC_012154.1	8776
SRR27421013.140837	NC_012154.1	16919
SRR27421013.148236	NC_012154.1	33220
SRR27421013.26478	NC_012154.1	6442
SRR27421013.277431	NC_012154.1	21469
SRR27421013.189056	NC_012154.1	5136
SRR27421013.136752	NC_012154.1	15131
SRR27421013.146892	NC_012154.1	31017
SRR27421013.136549	NC_012154.1	19530
SRR27421013.137072	NC_012154.1	15032
SRR27421013.274183	NC_012154.1	16167
SRR27421013.108027	NC_012154.1	32374
SRR27421013.234961	NC_012154.1	26003
SRR27421013.20600	NC_012154.1	18139
SRR27421013.245286	NC_012154.1	17055
SRR27421013.101757	NC_012154.1	23435
SRR27421013.180081	NC_012154.1	13705
SRR27421013.104324	NC_012154.1	23413
SRR27421013.156059	NC_012154.1	31918
SRR27421013.84366	NC_012154.1	31960
SRR27421013.43709	NC_012154.1	30774
SRR27421013.163736	NC_012154.1	9336
SRR27421013.177676	NC_012154.1	16327
SRR27421013.70426	NC_012154.1	15342
SRR27421013.151421	NC_012154.1	10680
SRR27421013.242050	NC_012154.1	6232
SRR27421013.104688	NC_012154.1	32094
SRR27421013.122951	NC_012154.1	13371
SRR27421013.150152	NC_012154.1	20624
SRR27421013.263224	NC_012154.1	42410
SRR27421013.2519	NC_012154.1	18864
SRR27421013.147476	NC_012154.1	14940
SRR27421013.162672	NC_012154.1	12867
SRR27421013.61226	NC_012154.1	22558
SRR27421013.141479	NC_012154.1	31502
SRR27421013.99600	NC_012154.1	32411
SRR27421013.99534	NC_012154.1	32446
SRR27421013.96418	NC_012154.1	6520
SRR27421013.72071	NC_012154.1	5231
SRR27421013.18169	NC_012154.1	14887
SRR27421013.181374	NC_012154.1	7212
SRR27421013.6726	NC_012154.1	14990
SRR27421013.172677	NC_012154.1	32646
SRR27421013.64435	NC_012154.1	13325
SRR27421013.224800	NC_012154.1	6198
SRR27421013.158752	NC_012154.1	21850
SRR27421013.94122	NC_012154.1	17732
SRR27421013.288505	NC_012154.1	32097
SRR27421013.41723	NC_012154.1	9877
SRR27421013.159068	NC_012154.1	14928
SRR27421013.260084	NC_012154.1	28990
SRR27421013.124215	NC_012154.1	16658
SRR27421013.210078	NC_012154.1	18138
SRR27421013.174272	NC_012154.1	17991
SRR27421013.75325	NC_012154.1	28086
SRR27421013.241191	NC_012154.1	10792
SRR27421013.23158	NC_012154.1	14803
SRR27421013.33644	NC_012154.1	14803
SRR27421013.172546	NC_012154.1	36280
SRR27421013.13328	NC_012154.1	13536
SRR27421013.37789	NC_012154.1	22390
SRR27421013.194759	NC_012154.1	25214
SRR27421013.176105	NC_012154.1	34432
SRR27421013.255144	NC_012154.1	6216
SRR27421013.115286	NC_012154.1	18522
SRR27421013.105339	NC_012154.1	24464
SRR27421013.241257	NC_012154.1	14599
SRR27421013.82272	NC_012154.1	31839
SRR27421013.177525	NC_012154.1	16399
SRR27421013.9223	NC_012154.1	16638
SRR27421013.13139	NC_012154.1	9338
SRR27421013.154757	NC_012154.1	26521
SRR27421013.81023	NC_012154.1	5690
SRR27421013.49373	NC_012154.1	20904
SRR27421013.285368	NC_012154.1	18590
SRR27421013.75802	NC_012154.1	31858
SRR27421013.151884	NC_012154.1	14582
SRR27421013.200326	NC_012154.1	16422
SRR27421013.144289	NC_012154.1	5845
SRR27421013.189697	NC_012154.1	15276
SRR27421013.276528	NC_012154.1	19947
SRR27421013.275022	NC_012154.1	15819
SRR27421013.12083	NC_012154.1	9082
SRR27421013.36677	NC_012154.1	22769
SRR27421013.125084	NC_012154.1	16332
SRR27421013.147877	NC_012154.1	31429
SRR27421013.250035	NC_012154.1	10665
SRR27421013.127407	NC_012154.1	17859
SRR27421013.106738	NC_012154.1	39404
SRR27421013.278843	NC_012154.1	8769
SRR27421013.253226	NC_012154.1	16028
SRR27421013.69502	NC_012154.1	11018
SRR27421013.137960	NC_012154.1	16961
SRR27421013.245467	NC_012154.1	7919
SRR27421013.275472	NC_012154.1	8438
SRR27421013.162089	NC_012154.1	14499
SRR27421013.49418	NC_012154.1	9400
SRR27421013.139683	NC_012154.1	20330
SRR27421013.196123	NC_012154.1	16402
SRR27421013.224130	NC_012154.1	31279
SRR27421013.180893	NC_012154.1	19974
SRR27421013.282259	NC_012154.1	14398
SRR27421013.160869	NC_012154.1	15482
SRR27421013.18614	NC_012154.1	5439
SRR27421013.273946	NC_012154.1	14447
SRR27421013.50240	NC_012154.1	23333
SRR27421013.155817	NC_012154.1	14291
SRR27421013.101066	NC_012154.1	17369
SRR27421013.9991	NC_012154.1	10115
SRR27421013.212566	NC_012154.1	6252
SRR27421013.2991	NC_012154.1	6648
SRR27421013.251223	NC_012154.1	18068
SRR27421013.135526	NC_012154.1	20047
SRR27421013.26665	NC_012154.1	14272
SRR27421013.251043	NC_012154.1	20969
SRR27421013.258233	NC_012154.1	36346
SRR27421013.75106	NC_012154.1	9455
SRR27421013.161384	NC_012154.1	14368
SRR27421013.101777	NC_012154.1	6060
SRR27421013.141772	NC_012154.1	10585
SRR27421013.35550	NC_012154.1	5459
SRR27421013.244935	NC_012154.1	8006
SRR27421013.272009	NC_012154.1	16130
SRR27421013.173928	NC_012154.1	17890
SRR27421013.79840	NC_012154.1	9662
SRR27421013.162053	NC_012154.1	12105
SRR27421013.120460	NC_012154.1	7280
SRR27421013.190700	NC_012154.1	27513
SRR27421013.133647	NC_012154.1	19659
SRR27421013.261683	NC_012154.1	23397
SRR27421013.272430	NC_012154.1	14214
SRR27421013.191251	NC_012154.1	19663
SRR27421013.221954	NC_012154.1	14099
SRR27421013.14276	NC_012154.1	18403
SRR27421013.35398	NC_012154.1	7593
SRR27421013.11761	NC_012154.1	6619
SRR27421013.264628	NC_012154.1	14963
SRR27421013.77716	NC_012154.1	16461
SRR27421013.155890	NC_012154.1	28878
SRR27421013.231819	NC_012154.1	17298
SRR27421013.29557	NC_012154.1	31886
SRR27421013.266676	NC_012154.1	16704
SRR27421013.145674	NC_012154.1	23378
SRR27421013.209918	NC_012154.1	15661
SRR27421013.91193	NC_012154.1	18696
SRR27421013.187383	NC_012154.1	11928
SRR27421013.7060	NC_012154.1	13879
SRR27421013.230239	NC_012154.1	12301
SRR27421013.105058	NC_012154.1	8654
SRR27421013.156113	NC_012154.1	21563
SRR27421013.232039	NC_012154.1	27299
SRR27421013.235543	NC_012154.1	19429
SRR27421013.204877	NC_012154.1	13906
SRR27421013.7292	NC_012154.1	18368
SRR27421013.266928	NC_012154.1	20336
SRR27421013.29563	NC_012154.1	32375
SRR27421013.209332	NC_012154.1	16901
SRR27421013.105899	NC_012154.1	31520
SRR27421013.6075	NC_012154.1	17389
SRR27421013.50033	NC_012154.1	7083
SRR27421013.45345	NC_012154.1	6534
SRR27421013.77754	NC_012154.1	15593
SRR27421013.128581	NC_012154.1	18152
SRR27421013.163204	NC_012154.1	15502
SRR27421013.13504	NC_012154.1	16020
SRR27421013.186275	NC_012154.1	18615
SRR27421013.136316	NC_012154.1	32124
SRR27421013.138481	NC_012154.1	28849
SRR27421013.25737	NC_012154.1	15143
SRR27421013.272576	NC_012154.1	5945
SRR27421013.19603	NC_012154.1	13950
SRR27421013.141050	NC_012154.1	22190
SRR27421013.40166	NC_012154.1	15815
SRR27421013.260981	NC_012154.1	25729
SRR27421013.28213	NC_012154.1	13637
SRR27421013.233110	NC_012154.1	13748
SRR27421013.276222	NC_012154.1	9478
SRR27421013.259109	NC_012154.1	14335
SRR27421013.190621	NC_012154.1	17873
SRR27421013.262471	NC_012154.1	13788
SRR27421013.194409	NC_012154.1	15219
SRR27421013.82821	NC_012154.1	6955
SRR27421013.212260	NC_012154.1	31807
SRR27421013.253218	NC_012154.1	15240
SRR27421013.267028	NC_012154.1	7111
SRR27421013.106861	NC_012154.1	20016
SRR27421013.77166	NC_012154.1	14880
SRR27421013.239692	NC_012154.1	22983
SRR27421013.211244	NC_012154.1	18540
SRR27421013.2218	NC_012154.1	15316
SRR27421013.120332	NC_012154.1	16702
SRR27421013.73621	NC_012154.1	13762
SRR27421013.60669	NC_012154.1	11217
SRR27421013.99554	NC_012154.1	20076
SRR27421013.11235	NC_012154.1	9409
SRR27421013.67799	NC_012154.1	30561
SRR27421013.24723	NC_012154.1	17610
SRR27421013.37723	NC_012154.1	20267
SRR27421013.211707	NC_012154.1	32173
SRR27421013.201059	NC_012154.1	9845
SRR27421013.193125	NC_012154.1	17313
SRR27421013.144954	NC_012154.1	16462
SRR27421013.259017	NC_012154.1	26720
SRR27421013.17439	NC_012154.1	21696
SRR27421013.259115	NC_012154.1	8665
SRR27421013.54958	NC_012154.1	15322
SRR27421013.179554	NC_012154.1	31431
SRR27421013.190443	NC_012154.1	8362
SRR27421013.13324	NC_012154.1	18643
SRR27421013.240344	NC_012154.1	13562
SRR27421013.145631	NC_012154.1	25866
SRR27421013.17094	NC_012154.1	31953
SRR27421013.38235	NC_012154.1	13537
SRR27421013.117125	NC_012154.1	23697
SRR27421013.48123	NC_012154.1	32230
SRR27421013.182568	NC_012154.1	13936
SRR27421013.202872	NC_012154.1	15083
SRR27421013.40371	NC_012154.1	8576
SRR27421013.134999	NC_012154.1	14455
SRR27421013.193711	NC_012154.1	32409
SRR27421013.207207	NC_012154.1	16902
SRR27421013.263432	NC_012154.1	31867
SRR27421013.267990	NC_012154.1	5289
SRR27421013.186713	NC_012154.1	8084
SRR27421013.112894	NC_012154.1	22120
SRR27421013.277668	NC_012154.1	13854
SRR27421013.195651	NC_012154.1	32372
SRR27421013.52911	NC_012154.1	14877
SRR27421013.205775	NC_012154.1	8277
SRR27421013.204373	NC_012154.1	14769
SRR27421013.271940	NC_012154.1	10867
SRR27421013.116604	NC_012154.1	14898
SRR27421013.243936	NC_012154.1	21442
SRR27421013.124988	NC_012154.1	32244
SRR27421013.163729	NC_012154.1	17918
SRR27421013.237144	NC_012154.1	31862
SRR27421013.126862	NC_012154.1	23000
SRR27421013.197546	NC_012154.1	13752
SRR27421013.88000	NC_012154.1	16829
SRR27421013.9246	NC_012154.1	17377
SRR27421013.245673	NC_012154.1	14135
SRR27421013.14239	NC_012154.1	22299
SRR27421013.216429	NC_012154.1	22883
SRR27421013.265198	NC_012154.1	8718
SRR27421013.160667	NC_012154.1	15580
SRR27421013.204612	NC_012154.1	14678
SRR27421013.126607	NC_012154.1	14155
SRR27421013.164856	NC_012154.1	13243
SRR27421013.177890	NC_012154.1	8938
SRR27421013.102957	NC_012154.1	5878
SRR27421013.160397	NC_012154.1	10456
SRR27421013.279413	NC_012154.1	13306
SRR27421013.71179	NC_012154.1	15153
SRR27421013.14037	NC_012154.1	13152
SRR27421013.62133	NC_012154.1	13095
SRR27421013.187082	NC_012154.1	17374
SRR27421013.8227	NC_012154.1	14245
SRR27421013.81813	NC_012154.1	30700
SRR27421013.41704	NC_012154.1	15907
SRR27421013.157319	NC_012154.1	15463
SRR27421013.160036	NC_012154.1	13134
SRR27421013.156117	NC_012154.1	16626
SRR27421013.5179	NC_012154.1	20003
SRR27421013.181322	NC_012154.1	15789
SRR27421013.256422	NC_012154.1	9734
SRR27421013.171178	NC_012154.1	6370
SRR27421013.142521	NC_012154.1	7741
SRR27421013.57914	NC_012154.1	13065
SRR27421013.101761	NC_012154.1	31701
SRR27421013.250184	NC_012154.1	18139
SRR27421013.238672	NC_012154.1	8052
SRR27421013.237922	NC_012154.1	8073
SRR27421013.269058	NC_012154.1	17655
SRR27421013.174703	NC_012154.1	13012
SRR27421013.286518	NC_012154.1	31703
SRR27421013.192117	NC_012154.1	13002
SRR27421013.149272	NC_012154.1	20173
SRR27421013.193498	NC_012154.1	11451
SRR27421013.129250	NC_012154.1	9802
SRR27421013.198437	NC_012154.1	12997
SRR27421013.25430	NC_012154.1	7153
SRR27421013.218433	NC_012154.1	31394
SRR27421013.72189	NC_012154.1	7724
SRR27421013.80145	NC_012154.1	16058
SRR27421013.183262	NC_012154.1	17171
SRR27421013.277527	NC_012154.1	20749
SRR27421013.209986	NC_012154.1	17797
SRR27421013.38566	NC_012154.1	12842
SRR27421013.121849	NC_012154.1	12494
SRR27421013.170073	NC_012154.1	15006
SRR27421013.23634	NC_012154.1	19114
SRR27421013.139758	NC_012154.1	14318
SRR27421013.125985	NC_012154.1	13028
SRR27421013.72786	NC_012154.1	5564
SRR27421013.120121	NC_012154.1	12888
SRR27421013.10576	NC_012154.1	5869
SRR27421013.153155	NC_012154.1	19198
SRR27421013.234012	NC_012154.1	12910
SRR27421013.95761	NC_012154.1	17662
SRR27421013.280906	NC_012154.1	5842
SRR27421013.155173	NC_012154.1	31119
SRR27421013.34883	NC_012154.1	14838
SRR27421013.235535	NC_012154.1	13895
SRR27421013.42542	NC_012154.1	13849
SRR27421013.80329	NC_012154.1	15647
SRR27421013.120682	NC_012154.1	31086
SRR27421013.21110	NC_012154.1	5874
SRR27421013.206754	NC_012154.1	14019
SRR27421013.112235	NC_012154.1	7541
SRR27421013.15705	NC_012154.1	18618
SRR27421013.173553	NC_012154.1	16033
SRR27421013.132541	NC_012154.1	14002
SRR27421013.92538	NC_012154.1	9407
SRR27421013.189469	NC_012154.1	18235
SRR27421013.265215	NC_012154.1	15917
SRR27421013.135846	NC_012154.1	12472
SRR27421013.266570	NC_012154.1	8082
SRR27421013.76490	NC_012154.1	22152
SRR27421013.142720	NC_012154.1	6535
SRR27421013.109384	NC_012154.1	21737
SRR27421013.143768	NC_012154.1	6501
SRR27421013.235581	NC_012154.1	14619
SRR27421013.269321	NC_012154.1	8757
SRR27421013.52629	NC_012154.1	16922
SRR27421013.27129	NC_012154.1	15820
SRR27421013.153815	NC_012154.1	14079
SRR27421013.217220	NC_012154.1	12827
SRR27421013.140859	NC_012154.1	6329
SRR27421013.43626	NC_012154.1	21325
SRR27421013.288235	NC_012154.1	14571
SRR27421013.34070	NC_012154.1	11079
SRR27421013.38911	NC_012154.1	5794
SRR27421013.276446	NC_012154.1	16242
SRR27421013.173512	NC_012154.1	30404
SRR27421013.37682	NC_012154.1	5757
SRR27421013.146457	NC_012154.1	27393
SRR27421013.168921	NC_012154.1	31344
SRR27421013.98014	NC_012154.1	14539
SRR27421013.39229	NC_012154.1	15341
SRR27421013.76380	NC_012154.1	7183
SRR27421013.146448	NC_012154.1	14371
SRR27421013.192913	NC_012154.1	12396
SRR27421013.155477	NC_012154.1	12577
SRR27421013.227828	NC_012154.1	6535
SRR27421013.278209	NC_012154.1	17635
SRR27421013.178760	NC_012154.1	21653
SRR27421013.205974	NC_012154.1	17303
SRR27421013.149669	NC_012154.1	8345
SRR27421013.147095	NC_012154.1	26186
SRR27421013.253245	NC_012154.1	6178
SRR27421013.50303	NC_012154.1	26176
SRR27421013.251747	NC_012154.1	6179
SRR27421013.171991	NC_012154.1	7158
SRR27421013.95903	NC_012154.1	31895
SRR27421013.32897	NC_012154.1	14495
SRR27421013.18880	NC_012154.1	21519
SRR27421013.94678	NC_012154.1	21395
SRR27421013.159455	NC_012154.1	13428
SRR27421013.15746	NC_012154.1	9587
SRR27421013.159324	NC_012154.1	6958
SRR27421013.41711	NC_012154.1	16512
SRR27421013.102062	NC_012154.1	14343
SRR27421013.163136	NC_012154.1	23947
SRR27421013.131560	NC_012154.1	17718
SRR27421013.209849	NC_012154.1	17476
SRR27421013.94893	NC_012154.1	12268
SRR27421013.270354	NC_012154.1	12395
SRR27421013.179822	NC_012154.1	31681
SRR27421013.273175	NC_012154.1	6821
SRR27421013.138339	NC_012154.1	14750
SRR27421013.241834	NC_012154.1	5812
SRR27421013.90030	NC_012154.1	8224
SRR27421013.110657	NC_012154.1	17924
SRR27421013.136986	NC_012154.1	5442
SRR27421013.122946	NC_012154.1	13873
SRR27421013.50648	NC_012154.1	11965
SRR27421013.156668	NC_012154.1	31198
SRR27421013.134707	NC_012154.1	27287
SRR27421013.143127	NC_012154.1	23093
SRR27421013.19485	NC_012154.1	15971
SRR27421013.284743	NC_012154.1	13791
SRR27421013.41047	NC_012154.1	13482
SRR27421013.32530	NC_012154.1	15114
SRR27421013.226063	NC_012154.1	14838
SRR27421013.166885	NC_012154.1	16492
SRR27421013.32395	NC_012154.1	12037
SRR27421013.99001	NC_012154.1	12063
SRR27421013.75411	NC_012154.1	14857
SRR27421013.50596	NC_012154.1	18503
SRR27421013.178128	NC_012154.1	9362
SRR27421013.198346	NC_012154.1	18423
SRR27421013.206542	NC_012154.1	5080
SRR27421013.71558	NC_012154.1	13524
SRR27421013.143202	NC_012154.1	18711
SRR27421013.70900	NC_012154.1	12243
SRR27421013.209737	NC_012154.1	27146
SRR27421013.99463	NC_012154.1	5585
SRR27421013.158755	NC_012154.1	13455
SRR27421013.68008	NC_012154.1	14975
SRR27421013.97021	NC_012154.1	14076
SRR27421013.175261	NC_012154.1	14240
SRR27421013.233952	NC_012154.1	11963
SRR27421013.285538	NC_012154.1	27356
SRR27421013.75914	NC_012154.1	12943
SRR27421013.222352	NC_012154.1	10592
SRR27421013.215134	NC_012154.1	13650
SRR27421013.16657	NC_012154.1	14372
SRR27421013.222274	NC_012154.1	12753
SRR27421013.259372	NC_012154.1	12770
SRR27421013.222116	NC_012154.1	21293
SRR27421013.90028	NC_012154.1	15514
SRR27421013.177037	NC_012154.1	12941
SRR27421013.253446	NC_012154.1	18630
SRR27421013.273260	NC_012154.1	12884
SRR27421013.288335	NC_012154.1	20320
SRR27421013.184308	NC_012154.1	15141
SRR27421013.256218	NC_012154.1	11948
SRR27421013.125268	NC_012154.1	6853
SRR27421013.158812	NC_012154.1	5556
SRR27421013.196247	NC_012154.1	15984
SRR27421013.138036	NC_012154.1	22030
SRR27421013.223410	NC_012154.1	23136
SRR27421013.106810	NC_012154.1	13069
SRR27421013.21343	NC_012154.1	23147
SRR27421013.226919	NC_012154.1	11791
SRR27421013.87461	NC_012154.1	13359
SRR27421013.31876	NC_012154.1	14291
SRR27421013.42706	NC_012154.1	18596
SRR27421013.249317	NC_012154.1	14944
SRR27421013.137074	NC_012154.1	20141
SRR27421013.61425	NC_012154.1	12793
SRR27421013.137175	NC_012154.1	16441
SRR27421013.199863	NC_012154.1	6081
SRR27421013.103420	NC_012154.1	22103
SRR27421013.128215	NC_012154.1	16133
SRR27421013.224262	NC_012154.1	13828
SRR27421013.9160	NC_012154.1	15240
SRR27421013.260496	NC_012154.1	23568
SRR27421013.196539	NC_012154.1	7264
SRR27421013.218549	NC_012154.1	5614
SRR27421013.217549	NC_012154.1	13107
SRR27421013.78860	NC_012154.1	6108
SRR27421013.122985	NC_012154.1	15124
SRR27421013.282938	NC_012154.1	7539
SRR27421013.142138	NC_012154.1	14876
SRR27421013.53697	NC_012154.1	5243
SRR27421013.161741	NC_012154.1	14607
SRR27421013.104143	NC_012154.1	14593
SRR27421013.278845	NC_012154.1	12896
SRR27421013.25054	NC_012154.1	11501
SRR27421013.166984	NC_012154.1	20601
SRR27421013.256828	NC_012154.1	11310
SRR27421013.144809	NC_012154.1	9745
SRR27421013.9616	NC_012154.1	5465
SRR27421013.168495	NC_012154.1	19660
SRR27421013.261643	NC_012154.1	18010
SRR27421013.220424	NC_012154.1	17948
SRR27421013.57026	NC_012154.1	12777
SRR27421013.218676	NC_012154.1	11577
SRR27421013.102443	NC_012154.1	16498
SRR27421013.103598	NC_012154.1	11467
SRR27421013.99969	NC_012154.1	25663
SRR27421013.95648	NC_012154.1	14963
SRR27421013.12586	NC_012154.1	11438
SRR27421013.285516	NC_012154.1	15858
SRR27421013.251053	NC_012154.1	11561
SRR27421013.181994	NC_012154.1	11426
SRR27421013.12168	NC_012154.1	17142
SRR27421013.26960	NC_012154.1	15959
SRR27421013.261642	NC_012154.1	17851
SRR27421013.165533	NC_012154.1	14658
SRR27421013.52828	NC_012154.1	22323
SRR27421013.82518	NC_012154.1	15530
SRR27421013.226834	NC_012154.1	15483
SRR27421013.139441	NC_012154.1	14844
SRR27421013.11525	NC_012154.1	11272
SRR27421013.218313	NC_012154.1	13125
SRR27421013.212466	NC_012154.1	17515
SRR27421013.71537	NC_012154.1	8846
SRR27421013.5728	NC_012154.1	11396
SRR27421013.165463	NC_012154.1	11336
SRR27421013.218273	NC_012154.1	6045
SRR27421013.67975	NC_012154.1	11240
SRR27421013.204830	NC_012154.1	27415
SRR27421013.275029	NC_012154.1	17173
SRR27421013.235419	NC_012154.1	12140
SRR27421013.165013	NC_012154.1	17841
SRR27421013.12427	NC_012154.1	18150
SRR27421013.242228	NC_012154.1	12808
SRR27421013.39480	NC_012154.1	27350
SRR27421013.40162	NC_012154.1	11053
SRR27421013.52143	NC_012154.1	18289
SRR27421013.51197	NC_012154.1	11200
SRR27421013.76507	NC_012154.1	11172
SRR27421013.18464	NC_012154.1	15099
SRR27421013.157559	NC_012154.1	14594
SRR27421013.22705	NC_012154.1	11085
SRR27421013.88174	NC_012154.1	13552
SRR27421013.13621	NC_012154.1	13160
SRR27421013.63652	NC_012154.1	11781
SRR27421013.167526	NC_012154.1	20872
SRR27421013.160039	NC_012154.1	12897
SRR27421013.143205	NC_012154.1	11759
SRR27421013.98118	NC_012154.1	13332
SRR27421013.198855	NC_012154.1	5558
SRR27421013.196963	NC_012154.1	5555
SRR27421013.185877	NC_012154.1	18660
SRR27421013.103080	NC_012154.1	6648
SRR27421013.112237	NC_012154.1	12008
SRR27421013.209988	NC_012154.1	24479
SRR27421013.192975	NC_012154.1	18121
SRR27421013.142895	NC_012154.1	13837
SRR27421013.11698	NC_012154.1	11010
SRR27421013.232948	NC_012154.1	17678
SRR27421013.144856	NC_012154.1	16772
SRR27421013.171310	NC_012154.1	14139
SRR27421013.97342	NC_012154.1	5806
SRR27421013.267337	NC_012154.1	15090
SRR27421013.124898	NC_012154.1	12548
SRR27421013.193609	NC_012154.1	14902
SRR27421013.87351	NC_012154.1	15894
SRR27421013.255461	NC_012154.1	20864
SRR27421013.194300	NC_012154.1	28470
SRR27421013.116279	NC_012154.1	6461
SRR27421013.240145	NC_012154.1	13259
SRR27421013.139418	NC_012154.1	8966
SRR27421013.187201	NC_012154.1	14644
SRR27421013.211440	NC_012154.1	15476
SRR27421013.180696	NC_012154.1	7121
SRR27421013.151743	NC_012154.1	7951
SRR27421013.152371	NC_012154.1	6704
SRR27421013.269204	NC_012154.1	13253
SRR27421013.69306	NC_012154.1	16773
SRR27421013.201833	NC_012154.1	13710
SRR27421013.137262	NC_012154.1	10949
SRR27421013.130779	NC_012154.1	21931
SRR27421013.265791	NC_012154.1	14191
SRR27421013.143056	NC_012154.1	5430
SRR27421013.190505	NC_012154.1	10681
SRR27421013.190530	NC_012154.1	12107
SRR27421013.107197	NC_012154.1	10904
SRR27421013.213481	NC_012154.1	34237
SRR27421013.42284	NC_012154.1	12517
SRR27421013.117475	NC_012154.1	12434
SRR27421013.47956	NC_012154.1	27412
SRR27421013.198117	NC_012154.1	5186
SRR27421013.168109	NC_012154.1	7016
SRR27421013.271719	NC_012154.1	11889
SRR27421013.177142	NC_012154.1	8698
SRR27421013.166417	NC_012154.1	11926
SRR27421013.76726	NC_012154.1	17733
SRR27421013.97335	NC_012154.1	14040
SRR27421013.281888	NC_012154.1	11645
SRR27421013.206108	NC_012154.1	11913
SRR27421013.151220	NC_012154.1	7785
SRR27421013.211247	NC_012154.1	11844
SRR27421013.124082	NC_012154.1	14212
SRR27421013.209645	NC_012154.1	16844
SRR27421013.75041	NC_012154.1	12137
SRR27421013.152052	NC_012154.1	14181
SRR27421013.180739	NC_012154.1	13209
SRR27421013.19644	NC_012154.1	10372
SRR27421013.215029	NC_012154.1	17049
SRR27421013.236803	NC_012154.1	16514
SRR27421013.225814	NC_012154.1	28512
SRR27421013.264912	NC_012154.1	12231
SRR27421013.75040	NC_012154.1	12063
SRR27421013.274043	NC_012154.1	8113
SRR27421013.174777	NC_012154.1	6341
SRR27421013.196639	NC_012154.1	14637
SRR27421013.172022	NC_012154.1	10610
SRR27421013.251079	NC_012154.1	6817
SRR27421013.50362	NC_012154.1	19882
SRR27421013.69064	NC_012154.1	14325
SRR27421013.276971	NC_012154.1	12246
SRR27421013.273700	NC_012154.1	12192
SRR27421013.21661	NC_012154.1	16058
SRR27421013.58408	NC_012154.1	15086
SRR27421013.149098	NC_012154.1	14222
SRR27421013.95390	NC_012154.1	5865
SRR27421013.3449	NC_012154.1	13421
SRR27421013.272891	NC_012154.1	21803
SRR27421013.91831	NC_012154.1	10632
SRR27421013.30178	NC_012154.1	10263
SRR27421013.104944	NC_012154.1	16254
SRR27421013.77536	NC_012154.1	12354
SRR27421013.157517	NC_012154.1	16918
SRR27421013.57849	NC_012154.1	11366
SRR27421013.224459	NC_012154.1	18872
SRR27421013.168142	NC_012154.1	10086
SRR27421013.259159	NC_012154.1	11924
SRR27421013.253073	NC_012154.1	11456
SRR27421013.25686	NC_012154.1	14801
SRR27421013.43105	NC_012154.1	12305
SRR27421013.259437	NC_012154.1	14519
SRR27421013.284761	NC_012154.1	11329
SRR27421013.159153	NC_012154.1	11051
SRR27421013.161572	NC_012154.1	11031
SRR27421013.17260	NC_012154.1	29668
SRR27421013.220615	NC_012154.1	15262
SRR27421013.11428	NC_012154.1	12799
SRR27421013.243139	NC_012154.1	14670
SRR27421013.121380	NC_012154.1	14143
SRR27421013.43736	NC_012154.1	20952
SRR27421013.16391	NC_012154.1	16185
SRR27421013.153928	NC_012154.1	21866
SRR27421013.32794	NC_012154.1	17568
SRR27421013.128513	NC_012154.1	29116
SRR27421013.73080	NC_012154.1	12451
SRR27421013.213905	NC_012154.1	12046
SRR27421013.119939	NC_012154.1	29926
SRR27421013.170055	NC_012154.1	10959
SRR27421013.164180	NC_012154.1	14796
SRR27421013.67768	NC_012154.1	15428
SRR27421013.61349	NC_012154.1	16726
SRR27421013.287365	NC_012154.1	17394
SRR27421013.55455	NC_012154.1	9986
SRR27421013.237083	NC_012154.1	9806
SRR27421013.100681	NC_012154.1	15089
SRR27421013.205146	NC_012154.1	15814
SRR27421013.92897	NC_012154.1	14540
SRR27421013.2445	NC_012154.1	13742
SRR27421013.197342	NC_012154.1	11502
SRR27421013.254459	NC_012154.1	5928
SRR27421013.237490	NC_012154.1	11837
SRR27421013.80627	NC_012154.1	7106
SRR27421013.36564	NC_012154.1	13105
SRR27421013.64845	NC_012154.1	8359
SRR27421013.123003	NC_012154.1	24959
SRR27421013.36371	NC_012154.1	9608
SRR27421013.175625	NC_012154.1	9934
SRR27421013.189267	NC_012154.1	17373
SRR27421013.172313	NC_012154.1	6584
SRR27421013.65481	NC_012154.1	16782
SRR27421013.101017	NC_012154.1	13605
SRR27421013.13259	NC_012154.1	19054
SRR27421013.73563	NC_012154.1	9775
SRR27421013.266554	NC_012154.1	8112
SRR27421013.15979	NC_012154.1	14819
SRR27421013.154032	NC_012154.1	16075
SRR27421013.15966	NC_012154.1	8021
SRR27421013.208682	NC_012154.1	14274
SRR27421013.41055	NC_012154.1	5272
SRR27421013.222283	NC_012154.1	9654
SRR27421013.205872	NC_012154.1	9652
SRR27421013.161537	NC_012154.1	13656
SRR27421013.217245	NC_012154.1	19292
SRR27421013.248080	NC_012154.1	18750
SRR27421013.136297	NC_012154.1	20390
SRR27421013.226205	NC_012154.1	6335
SRR27421013.48746	NC_012154.1	16075
SRR27421013.155073	NC_012154.1	10809
SRR27421013.240725	NC_012154.1	19852
SRR27421013.208439	NC_012154.1	9512
SRR27421013.199035	NC_012154.1	9648
SRR27421013.211438	NC_012154.1	13629
SRR27421013.282290	NC_012154.1	9242
SRR27421013.247725	NC_012154.1	9562
SRR27421013.133275	NC_012154.1	15556
SRR27421013.244530	NC_012154.1	9971
SRR27421013.246991	NC_012154.1	9904
SRR27421013.110868	NC_012154.1	9358
SRR27421013.216174	NC_012154.1	9401
SRR27421013.35231	NC_012154.1	11192
SRR27421013.232118	NC_012154.1	9684
SRR27421013.174320	NC_012154.1	10848
SRR27421013.69088	NC_012154.1	15713
SRR27421013.115747	NC_012154.1	10580
SRR27421013.161879	NC_012154.1	9482
SRR27421013.123789	NC_012154.1	11007
SRR27421013.189673	NC_012154.1	8926
SRR27421013.133182	NC_012154.1	10558
SRR27421013.61681	NC_012154.1	12785
SRR27421013.228702	NC_012154.1	23726
SRR27421013.269723	NC_012154.1	11718
SRR27421013.250351	NC_012154.1	5854
SRR27421013.42759	NC_012154.1	12814
SRR27421013.261354	NC_012154.1	11724
SRR27421013.280730	NC_012154.1	8241
SRR27421013.271164	NC_012154.1	15066
SRR27421013.85362	NC_012154.1	18200
SRR27421013.146083	NC_012154.1	14255
SRR27421013.222564	NC_012154.1	7117
SRR27421013.223055	NC_012154.1	10979
SRR27421013.272853	NC_012154.1	14932
SRR27421013.104458	NC_012154.1	11888
SRR27421013.277688	NC_012154.1	13725
SRR27421013.287717	NC_012154.1	12091
SRR27421013.7417	NC_012154.1	10733
SRR27421013.276204	NC_012154.1	20540
SRR27421013.209458	NC_012154.1	20177
SRR27421013.188672	NC_012154.1	6055
SRR27421013.203507	NC_012154.1	6318
SRR27421013.16609	NC_012154.1	13817
SRR27421013.121565	NC_012154.1	13820
SRR27421013.272045	NC_012154.1	14836
SRR27421013.253186	NC_012154.1	9672
SRR27421013.222013	NC_012154.1	5464
SRR27421013.159563	NC_012154.1	12893
SRR27421013.30953	NC_012154.1	9111
SRR27421013.151939	NC_012154.1	21910
SRR27421013.40413	NC_012154.1	16029
SRR27421013.34141	NC_012154.1	16873
SRR27421013.100795	NC_012154.1	9117
SRR27421013.186310	NC_012154.1	20982
SRR27421013.8740	NC_012154.1	18069
SRR27421013.192177	NC_012154.1	7386
SRR27421013.246808	NC_012154.1	21217
SRR27421013.180170	NC_012154.1	9093
SRR27421013.164487	NC_012154.1	16359
SRR27421013.197193	NC_012154.1	21314
SRR27421013.21963	NC_012154.1	9040
SRR27421013.255648	NC_012154.1	6614
SRR27421013.77940	NC_012154.1	10439
SRR27421013.244019	NC_012154.1	21835
SRR27421013.52798	NC_012154.1	6486
SRR27421013.133133	NC_012154.1	20267
SRR27421013.49416	NC_012154.1	18456
SRR27421013.135606	NC_012154.1	13505
SRR27421013.274207	NC_012154.1	8945
SRR27421013.138153	NC_012154.1	13495
SRR27421013.104072	NC_012154.1	20303
SRR27421013.143883	NC_012154.1	10154
SRR27421013.1529	NC_012154.1	17465
SRR27421013.29762	NC_012154.1	21461
SRR27421013.129099	NC_012154.1	10332
SRR27421013.177762	NC_012154.1	10295
SRR27421013.49264	NC_012154.1	5495
SRR27421013.124382	NC_012154.1	10178
SRR27421013.41358	NC_012154.1	15522
SRR27421013.194931	NC_012154.1	13325
SRR27421013.143971	NC_012154.1	15403
SRR27421013.122682	NC_012154.1	39648
SRR27421013.170936	NC_012154.1	12602
SRR27421013.24089	NC_012154.1	11293
SRR27421013.257582	NC_012154.1	10539
SRR27421013.121511	NC_012154.1	10826
SRR27421013.210090	NC_012154.1	9471
SRR27421013.140540	NC_012154.1	16525
SRR27421013.98282	NC_012154.1	9856
SRR27421013.225767	NC_012154.1	15937
SRR27421013.36385	NC_012154.1	19326
SRR27421013.165054	NC_012154.1	8643
SRR27421013.236468	NC_012154.1	13176
SRR27421013.71703	NC_012154.1	8427
SRR27421013.203032	NC_012154.1	10175
SRR27421013.266405	NC_012154.1	8536
SRR27421013.276433	NC_012154.1	11691
SRR27421013.278312	NC_012154.1	13496
SRR27421013.51411	NC_012154.1	10135
SRR27421013.53435	NC_012154.1	10134
SRR27421013.19585	NC_012154.1	17701
SRR27421013.208642	NC_012154.1	12276
SRR27421013.99455	NC_012154.1	21100
SRR27421013.255260	NC_012154.1	23830
SRR27421013.203642	NC_012154.1	12453
SRR27421013.174359	NC_012154.1	15861
SRR27421013.79843	NC_012154.1	17552
SRR27421013.194268	NC_012154.1	13642
SRR27421013.13597	NC_012154.1	14763
SRR27421013.246112	NC_012154.1	23232
SRR27421013.193359	NC_012154.1	13555
SRR27421013.68551	NC_012154.1	11587
SRR27421013.236981	NC_012154.1	20410
SRR27421013.63808	NC_012154.1	10108
SRR27421013.226093	NC_012154.1	18854
SRR27421013.161349	NC_012154.1	10792
SRR27421013.222204	NC_012154.1	11159
SRR27421013.98590	NC_012154.1	11478
SRR27421013.70240	NC_012154.1	14159
SRR27421013.86018	NC_012154.1	8456
SRR27421013.2876	NC_012154.1	9215
SRR27421013.232178	NC_012154.1	9763
SRR27421013.243851	NC_012154.1	11602
SRR27421013.21323	NC_012154.1	9974
SRR27421013.190539	NC_012154.1	17492
SRR27421013.76424	NC_012154.1	14217
SRR27421013.205314	NC_012154.1	16797
SRR27421013.213362	NC_012154.1	15275
SRR27421013.231835	NC_012154.1	8361
SRR27421013.217916	NC_012154.1	16829
SRR27421013.77414	NC_012154.1	11273
SRR27421013.179070	NC_012154.1	8255
SRR27421013.159827	NC_012154.1	9455
SRR27421013.155820	NC_012154.1	19333
SRR27421013.74995	NC_012154.1	15038
SRR27421013.137910	NC_012154.1	14827
SRR27421013.129104	NC_012154.1	11457
SRR27421013.13846	NC_012154.1	10220
SRR27421013.276216	NC_012154.1	13874
SRR27421013.4771	NC_012154.1	12385
SRR27421013.190462	NC_012154.1	15887
SRR27421013.115382	NC_012154.1	8189
SRR27421013.251045	NC_012154.1	9469
SRR27421013.57082	NC_012154.1	11367
SRR27421013.196237	NC_012154.1	9758
SRR27421013.197771	NC_012154.1	9767
SRR27421013.32767	NC_012154.1	21288
SRR27421013.179912	NC_012154.1	12175
SRR27421013.5249	NC_012154.1	7752
SRR27421013.104856	NC_012154.1	9346
SRR27421013.142620	NC_012154.1	17107
SRR27421013.118202	NC_012154.1	18042
SRR27421013.156346	NC_012154.1	12669
SRR27421013.27028	NC_012154.1	9745
SRR27421013.272964	NC_012154.1	9471
SRR27421013.98508	NC_012154.1	19050
SRR27421013.165076	NC_012154.1	35604
SRR27421013.34851	NC_012154.1	7967
SRR27421013.180867	NC_012154.1	13170
SRR27421013.30126	NC_012154.1	7892
SRR27421013.58167	NC_012154.1	11405
SRR27421013.83967	NC_012154.1	13992
SRR27421013.226714	NC_012154.1	18932
SRR27421013.238663	NC_012154.1	8912
SRR27421013.265963	NC_012154.1	11550
SRR27421013.101588	NC_012154.1	7917
SRR27421013.35410	NC_012154.1	14541
SRR27421013.130591	NC_012154.1	16812
SRR27421013.283759	NC_012154.1	7912
SRR27421013.234245	NC_012154.1	10771
SRR27421013.138917	NC_012154.1	15058
SRR27421013.90445	NC_012154.1	8934
SRR27421013.259353	NC_012154.1	13043
SRR27421013.155207	NC_012154.1	16506
SRR27421013.70295	NC_012154.1	9494
SRR27421013.60637	NC_012154.1	14978
SRR27421013.229748	NC_012154.1	16435
SRR27421013.282818	NC_012154.1	14959
SRR27421013.251179	NC_012154.1	9222
SRR27421013.266100	NC_012154.1	8756
SRR27421013.40177	NC_012154.1	9327
SRR27421013.266237	NC_012154.1	9484
SRR27421013.81594	NC_012154.1	19535
SRR27421013.92227	NC_012154.1	9794
SRR27421013.39076	NC_012154.1	8777
SRR27421013.107207	NC_012154.1	9174
SRR27421013.181104	NC_012154.1	18469
SRR27421013.34069	NC_012154.1	18132
SRR27421013.121013	NC_012154.1	20942
SRR27421013.76504	NC_012154.1	18824
SRR27421013.107804	NC_012154.1	8972
SRR27421013.1149	NC_012154.1	12664
SRR27421013.128518	NC_012154.1	17245
SRR27421013.86625	NC_012154.1	9234
SRR27421013.81971	NC_012154.1	9233
SRR27421013.136128	NC_012154.1	8603
SRR27421013.237497	NC_012154.1	11693
SRR27421013.199495	NC_012154.1	16094
SRR27421013.199593	NC_012154.1	7601
SRR27421013.146314	NC_012154.1	16313
SRR27421013.22760	NC_012154.1	18198
SRR27421013.228283	NC_012154.1	7714
SRR27421013.100884	NC_012154.1	7455
SRR27421013.39960	NC_012154.1	18317
SRR27421013.187015	NC_012154.1	12633
SRR27421013.282836	NC_012154.1	10581
SRR27421013.133075	NC_012154.1	10260
SRR27421013.162163	NC_012154.1	8846
SRR27421013.242928	NC_012154.1	8440
SRR27421013.198294	NC_012154.1	9968
SRR27421013.13775	NC_012154.1	8249
SRR27421013.86852	NC_012154.1	7515
SRR27421013.191155	NC_012154.1	9522
SRR27421013.88528	NC_012154.1	7278
SRR27421013.31910	NC_012154.1	8994
SRR27421013.209457	NC_012154.1	25497
SRR27421013.254469	NC_012154.1	7948
SRR27421013.71518	NC_012154.1	11386
SRR27421013.166026	NC_012154.1	9354
SRR27421013.9613	NC_012154.1	15333
SRR27421013.105096	NC_012154.1	7343
SRR27421013.168395	NC_012154.1	11154
SRR27421013.48743	NC_012154.1	16309
SRR27421013.199518	NC_012154.1	8864
SRR27421013.210240	NC_012154.1	8509
SRR27421013.241630	NC_012154.1	8614
SRR27421013.191068	NC_012154.1	6280
SRR27421013.249941	NC_012154.1	10027
SRR27421013.228065	NC_012154.1	8302
SRR27421013.180748	NC_012154.1	13315
SRR27421013.179718	NC_012154.1	13427
SRR27421013.182054	NC_012154.1	15379
SRR27421013.191067	NC_012154.1	10632
SRR27421013.278560	NC_012154.1	7256
SRR27421013.48550	NC_012154.1	6849
SRR27421013.284192	NC_012154.1	10353
SRR27421013.7	NC_012154.1	15356
SRR27421013.133852	NC_012154.1	11082
SRR27421013.136106	NC_012154.1	17727
SRR27421013.29279	NC_012154.1	14301
SRR27421013.168874	NC_012154.1	10788
SRR27421013.58424	NC_012154.1	8285
SRR27421013.50881	NC_012154.1	13537
SRR27421013.185016	NC_012154.1	11056
SRR27421013.169528	NC_012154.1	6963
SRR27421013.22563	NC_012154.1	17715
SRR27421013.192317	NC_012154.1	17889
SRR27421013.104975	NC_012154.1	12704
SRR27421013.120009	NC_012154.1	17604
SRR27421013.141471	NC_012154.1	6814
SRR27421013.198097	NC_012154.1	8703
SRR27421013.141097	NC_012154.1	13853
SRR27421013.277778	NC_012154.1	15848
SRR27421013.13067	NC_012154.1	18438
SRR27421013.33528	NC_012154.1	9299
SRR27421013.81927	NC_012154.1	6968
SRR27421013.132628	NC_012154.1	10115
SRR27421013.101845	NC_012154.1	8507
SRR27421013.178183	NC_012154.1	14904
SRR27421013.231816	NC_012154.1	15141
SRR27421013.230950	NC_012154.1	11433
SRR27421013.119735	NC_012154.1	6903
SRR27421013.202989	NC_012154.1	8488
SRR27421013.210250	NC_012154.1	12580
SRR27421013.196451	NC_012154.1	11362
SRR27421013.108867	NC_012154.1	13171
SRR27421013.286527	NC_012154.1	10430
SRR27421013.143443	NC_012154.1	12588
SRR27421013.125147	NC_012154.1	9078
SRR27421013.219546	NC_012154.1	8591
SRR27421013.225159	NC_012154.1	18254
SRR27421013.98082	NC_012154.1	6507
SRR27421013.168634	NC_012154.1	8902
SRR27421013.26925	NC_012154.1	11933
SRR27421013.42247	NC_012154.1	9895
SRR27421013.230863	NC_012154.1	15272
SRR27421013.102253	NC_012154.1	6752
SRR27421013.174474	NC_012154.1	6636
SRR27421013.238246	NC_012154.1	10082
SRR27421013.186809	NC_012154.1	8270
SRR27421013.118284	NC_012154.1	10126
SRR27421013.61267	NC_012154.1	14342
SRR27421013.169132	NC_012154.1	7782
SRR27421013.191160	NC_012154.1	6513
SRR27421013.215335	NC_012154.1	15200
SRR27421013.269797	NC_012154.1	8161
SRR27421013.245394	NC_012154.1	13016
SRR27421013.80498	NC_012154.1	18740
SRR27421013.255172	NC_012154.1	6655
SRR27421013.255171	NC_012154.1	10703
SRR27421013.245664	NC_012154.1	10316
SRR27421013.149176	NC_012154.1	6940
SRR27421013.230022	NC_012154.1	8874
SRR27421013.256995	NC_012154.1	16838
SRR27421013.176337	NC_012154.1	9340
SRR27421013.90077	NC_012154.1	9970
SRR27421013.143432	NC_012154.1	19099
SRR27421013.270269	NC_012154.1	6904
SRR27421013.79753	NC_012154.1	8127
SRR27421013.118849	NC_012154.1	27429
SRR27421013.203914	NC_012154.1	9448
SRR27421013.144720	NC_012154.1	10213
SRR27421013.135295	NC_012154.1	6477
SRR27421013.27920	NC_012154.1	6386
SRR27421013.275227	NC_012154.1	10077
SRR27421013.138128	NC_012154.1	10323
SRR27421013.77592	NC_012154.1	7978
SRR27421013.108808	NC_012154.1	14013
SRR27421013.11814	NC_012154.1	6676
SRR27421013.16787	NC_012154.1	10334
SRR27421013.107107	NC_012154.1	6252
SRR27421013.135525	NC_012154.1	11353
SRR27421013.167616	NC_012154.1	6315
SRR27421013.76703	NC_012154.1	6286
SRR27421013.39734	NC_012154.1	17351
SRR27421013.199032	NC_012154.1	6310
SRR27421013.102136	NC_012154.1	8404
SRR27421013.206665	NC_012154.1	8525
SRR27421013.154915	NC_012154.1	6294
SRR27421013.212100	NC_012154.1	10206
SRR27421013.190973	NC_012154.1	6455
SRR27421013.92673	NC_012154.1	8236
SRR27421013.192453	NC_012154.1	13105
SRR27421013.127477	NC_012154.1	8241
SRR27421013.134072	NC_012154.1	10185
SRR27421013.203454	NC_012154.1	6307
SRR27421013.118274	NC_012154.1	17229
SRR27421013.271634	NC_012154.1	9192
SRR27421013.219905	NC_012154.1	25357
SRR27421013.36209	NC_012154.1	12202
SRR27421013.140328	NC_012154.1	9144
SRR27421013.162189	NC_012154.1	16047
SRR27421013.166077	NC_012154.1	7564
SRR27421013.278108	NC_012154.1	7327
SRR27421013.15344	NC_012154.1	8216
SRR27421013.12029	NC_012154.1	7945
SRR27421013.154156	NC_012154.1	16667
SRR27421013.57039	NC_012154.1	14407
SRR27421013.69220	NC_012154.1	13048
SRR27421013.147962	NC_012154.1	15595
SRR27421013.264068	NC_012154.1	9435
SRR27421013.107258	NC_012154.1	9200
SRR27421013.148996	NC_012154.1	8423
SRR27421013.210132	NC_012154.1	25957
SRR27421013.84906	NC_012154.1	7416
SRR27421013.87279	NC_012154.1	6211
SRR27421013.255809	NC_012154.1	6923
SRR27421013.275255	NC_012154.1	8519
SRR27421013.96409	NC_012154.1	14555
SRR27421013.102208	NC_012154.1	12583
SRR27421013.51661	NC_012154.1	7378
SRR27421013.192281	NC_012154.1	12111
SRR27421013.136253	NC_012154.1	6167
SRR27421013.252390	NC_012154.1	9820
SRR27421013.274661	NC_012154.1	12215
SRR27421013.145508	NC_012154.1	6167
SRR27421013.146482	NC_012154.1	12503
SRR27421013.127916	NC_012154.1	14467
SRR27421013.200872	NC_012154.1	8913
SRR27421013.50252	NC_012154.1	5928
SRR27421013.82475	NC_012154.1	11624
SRR27421013.24315	NC_012154.1	8374
SRR27421013.250163	NC_012154.1	8904
SRR27421013.244317	NC_012154.1	7339
SRR27421013.138360	NC_012154.1	7521
SRR27421013.165469	NC_012154.1	10791
SRR27421013.217735	NC_012154.1	6089
SRR27421013.186675	NC_012154.1	7100
SRR27421013.246392	NC_012154.1	6106
SRR27421013.96262	NC_012154.1	9476
SRR27421013.89625	NC_012154.1	12138
SRR27421013.156048	NC_012154.1	16720
SRR27421013.208168	NC_012154.1	6810
SRR27421013.206118	NC_012154.1	5882
SRR27421013.284596	NC_012154.1	9404
SRR27421013.78709	NC_012154.1	12479
SRR27421013.189639	NC_012154.1	7695
SRR27421013.104365	NC_012154.1	13940
SRR27421013.278190	NC_012154.1	9646
SRR27421013.51879	NC_012154.1	5495
SRR27421013.284345	NC_012154.1	13372
SRR27421013.178968	NC_012154.1	9777
SRR27421013.10938	NC_012154.1	5423
SRR27421013.19192	NC_012154.1	12638
SRR27421013.196920	NC_012154.1	11613
SRR27421013.11624	NC_012154.1	9697
SRR27421013.90724	NC_012154.1	14116
SRR27421013.197508	NC_012154.1	14455
SRR27421013.277468	NC_012154.1	6634
SRR27421013.257026	NC_012154.1	9278
SRR27421013.277329	NC_012154.1	5999
SRR27421013.277262	NC_012154.1	5995
SRR27421013.230684	NC_012154.1	13403
SRR27421013.62380	NC_012154.1	10860
SRR27421013.55872	NC_012154.1	6664
SRR27421013.78455	NC_012154.1	8922
SRR27421013.80428	NC_012154.1	8948
SRR27421013.283859	NC_012154.1	6990
SRR27421013.191078	NC_012154.1	6700
SRR27421013.61061	NC_012154.1	9582
SRR27421013.2973	NC_012154.1	5865
SRR27421013.19397	NC_012154.1	12010
SRR27421013.167402	NC_012154.1	7658
SRR27421013.274724	NC_012154.1	5604
SRR27421013.70920	NC_012154.1	7874
SRR27421013.33176	NC_012154.1	5132
SRR27421013.275143	NC_012154.1	11799
SRR27421013.75894	NC_012154.1	16916
SRR27421013.149906	NC_012154.1	13293
SRR27421013.66249	NC_012154.1	13293
SRR27421013.39093	NC_012154.1	18678
SRR27421013.181905	NC_012154.1	9239
SRR27421013.9727	NC_012154.1	11393
SRR27421013.52002	NC_012154.1	9626
SRR27421013.266880	NC_012154.1	6358
SRR27421013.259812	NC_012154.1	9085
SRR27421013.31840	NC_012154.1	5411
SRR27421013.75729	NC_012154.1	5384
SRR27421013.183050	NC_012154.1	14397
SRR27421013.118955	NC_012154.1	11176
SRR27421013.251002	NC_012154.1	7316
SRR27421013.250502	NC_012154.1	7409
SRR27421013.248559	NC_012154.1	6490
SRR27421013.81924	NC_012154.1	6996
SRR27421013.94842	NC_012154.1	7236
SRR27421013.213831	NC_012154.1	5584
SRR27421013.12722	NC_012154.1	7184
SRR27421013.165493	NC_012154.1	5358
SRR27421013.11296	NC_012154.1	8637
SRR27421013.284052	NC_012154.1	10931
SRR27421013.258100	NC_012154.1	5973
SRR27421013.12140	NC_012154.1	14509
SRR27421013.41551	NC_012154.1	17591
SRR27421013.191190	NC_012154.1	7095
SRR27421013.137194	NC_012154.1	6258
SRR27421013.73283	NC_012154.1	14077
SRR27421013.134433	NC_012154.1	5929
SRR27421013.96315	NC_012154.1	6887
SRR27421013.25468	NC_012154.1	10294
SRR27421013.120411	NC_012154.1	8308
SRR27421013.282765	NC_012154.1	10213
SRR27421013.255176	NC_012154.1	9513
SRR27421013.79668	NC_012154.1	5505
SRR27421013.256209	NC_012154.1	11728
SRR27421013.185483	NC_012154.1	9846
SRR27421013.243717	NC_012154.1	10734
SRR27421013.5633	NC_012154.1	8697
SRR27421013.164470	NC_012154.1	8521
SRR27421013.256055	NC_012154.1	12920
SRR27421013.274792	NC_012154.1	10782
SRR27421013.27667	NC_012154.1	5060
SRR27421013.246948	NC_012154.1	5127
SRR27421013.41696	NC_012154.1	9016
SRR27421013.59589	NC_012154.1	8108
SRR27421013.260057	NC_012154.1	6460
SRR27421013.39453	NC_012154.1	10686
SRR27421013.81018	NC_012154.1	8312
SRR27421013.152807	NC_012154.1	6566
SRR27421013.74470	NC_012154.1	11560
SRR27421013.179080	NC_012154.1	9804
SRR27421013.1288	NC_012154.1	9694
SRR27421013.75279	NC_012154.1	12378
SRR27421013.21884	NC_012154.1	7236
SRR27421013.27363	NC_012154.1	8513
SRR27421013.257781	NC_012154.1	13479
SRR27421013.52261	NC_012154.1	8472
SRR27421013.123962	NC_012154.1	10920
SRR27421013.247691	NC_012154.1	6004
SRR27421013.224133	NC_012154.1	9445
SRR27421013.269962	NC_012154.1	19084
SRR27421013.13102	NC_012154.1	8878
SRR27421013.207832	NC_012154.1	11381
SRR27421013.247640	NC_012154.1	10678
SRR27421013.1829	NC_012154.1	8288
SRR27421013.154979	NC_012154.1	8218
SRR27421013.126096	NC_012154.1	5903
SRR27421013.127548	NC_012154.1	7736
SRR27421013.64446	NC_012154.1	7857
SRR27421013.253560	NC_012154.1	6851
SRR27421013.88485	NC_012154.1	13368
SRR27421013.194883	NC_012154.1	7064
SRR27421013.246298	NC_012154.1	12795
SRR27421013.286384	NC_012154.1	12072
SRR27421013.180959	NC_012154.1	7323
SRR27421013.154252	NC_012154.1	9275
SRR27421013.239407	NC_012154.1	9249
SRR27421013.135244	NC_012154.1	6619
SRR27421013.252611	NC_012154.1	12458
SRR27421013.202444	NC_012154.1	10942
SRR27421013.256817	NC_012154.1	5973
SRR27421013.273346	NC_012154.1	6788
SRR27421013.248199	NC_012154.1	9185
SRR27421013.25099	NC_012154.1	12562
SRR27421013.138659	NC_012154.1	8718
SRR27421013.143011	NC_012154.1	5725
SRR27421013.16071	NC_012154.1	6319
SRR27421013.30975	NC_012154.1	6880
SRR27421013.241095	NC_012154.1	9815
SRR27421013.157627	NC_012154.1	7424
SRR27421013.215140	NC_012154.1	9121
SRR27421013.160210	NC_012154.1	11300
SRR27421013.276647	NC_012154.1	7804
SRR27421013.74190	NC_012154.1	8166
SRR27421013.236189	NC_012154.1	9912
SRR27421013.173288	NC_012154.1	8161
SRR27421013.277145	NC_012154.1	6810
SRR27421013.199561	NC_012154.1	9786
SRR27421013.129058	NC_012154.1	13760
SRR27421013.236499	NC_012154.1	11070
SRR27421013.32390	NC_012154.1	11829
SRR27421013.171248	NC_012154.1	7516
SRR27421013.185063	NC_012154.1	8145
SRR27421013.79	NC_012154.1	5695
SRR27421013.246378	NC_012154.1	6264
SRR27421013.9411	NC_012154.1	8184
SRR27421013.265020	NC_012154.1	5859
SRR27421013.155423	NC_012154.1	12917
SRR27421013.10333	NC_012154.1	7384
SRR27421013.135586	NC_012154.1	10003
SRR27421013.237441	NC_012154.1	16162
SRR27421013.107399	NC_012154.1	7954
SRR27421013.285189	NC_012154.1	14947
SRR27421013.192227	NC_012154.1	6139
SRR27421013.62511	NC_012154.1	12088
SRR27421013.208380	NC_012154.1	11052
SRR27421013.97330	NC_012154.1	10877
SRR27421013.222366	NC_012154.1	11443
SRR27421013.40776	NC_012154.1	7113
SRR27421013.81670	NC_012154.1	6349
SRR27421013.89369	NC_012154.1	6036
SRR27421013.80393	NC_012154.1	12090
SRR27421013.3033	NC_012154.1	6170
SRR27421013.174418	NC_012154.1	5543
SRR27421013.63611	NC_012154.1	5116
SRR27421013.162184	NC_012154.1	7633
SRR27421013.162980	NC_012154.1	7198
SRR27421013.208252	NC_012154.1	5712
SRR27421013.162658	NC_012154.1	6945
SRR27421013.220675	NC_012154.1	8942
SRR27421013.267504	NC_012154.1	8368
SRR27421013.265708	NC_012154.1	5455
SRR27421013.115267	NC_012154.1	16079
SRR27421013.271141	NC_012154.1	11014
SRR27421013.238648	NC_012154.1	6370
SRR27421013.145873	NC_012154.1	14932
SRR27421013.21111	NC_012154.1	9178
SRR27421013.176715	NC_012154.1	8644
SRR27421013.235636	NC_012154.1	10708
SRR27421013.277938	NC_012154.1	9867
SRR27421013.22267	NC_012154.1	11352
SRR27421013.21800	NC_012154.1	8489
SRR27421013.139832	NC_012154.1	6353
SRR27421013.101163	NC_012154.1	5680
SRR27421013.287493	NC_012154.1	6105
SRR27421013.230393	NC_012154.1	6022
SRR27421013.205219	NC_012154.1	17426
SRR27421013.127191	NC_012154.1	8198
SRR27421013.19618	NC_012154.1	5294
SRR27421013.270788	NC_012154.1	9574
SRR27421013.234345	NC_012154.1	10696
SRR27421013.162904	NC_012154.1	6877
SRR27421013.168406	NC_012154.1	6967
SRR27421013.53291	NC_012154.1	9643
SRR27421013.56303	NC_012154.1	8641
SRR27421013.166555	NC_012154.1	5697
SRR27421013.268048	NC_012154.1	7558
SRR27421013.166234	NC_012154.1	7797
SRR27421013.17497	NC_012154.1	8786
SRR27421013.38081	NC_012154.1	9208
SRR27421013.35472	NC_012154.1	5795
SRR27421013.274111	NC_012154.1	10733
SRR27421013.27429	NC_012154.1	10641
SRR27421013.166939	NC_012154.1	9996
SRR27421013.94190	NC_012154.1	10394
SRR27421013.70296	NC_012154.1	5345
SRR27421013.13450	NC_012154.1	6348
SRR27421013.93013	NC_012154.1	8750
SRR27421013.13148	NC_012154.1	6362
SRR27421013.8322	NC_012154.1	6405
SRR27421013.105846	NC_012154.1	7001
SRR27421013.174770	NC_012154.1	7796
SRR27421013.267330	NC_012154.1	11038
SRR27421013.28032	NC_012154.1	7666
SRR27421013.210502	NC_012154.1	10157
SRR27421013.270510	NC_012154.1	10203
SRR27421013.68357	NC_012154.1	9948
SRR27421013.68369	NC_012154.1	9992
SRR27421013.107095	NC_012154.1	8502
SRR27421013.40695	NC_012154.1	10267
SRR27421013.7785	NC_012154.1	10048
SRR27421013.29813	NC_012154.1	9705
SRR27421013.96934	NC_012154.1	7567
SRR27421013.147312	NC_012154.1	9968
SRR27421013.248147	NC_012154.1	9776
SRR27421013.231052	NC_012154.1	5659
SRR27421013.96553	NC_012154.1	9333
SRR27421013.97803	NC_012154.1	9384
SRR27421013.73526	NC_012154.1	11100
SRR27421013.236531	NC_012154.1	6941
SRR27421013.195010	NC_012154.1	8314
SRR27421013.149734	NC_012154.1	6772
SRR27421013.265967	NC_012154.1	9535
SRR27421013.73243	NC_012154.1	7355
SRR27421013.25888	NC_012154.1	5477
SRR27421013.121518	NC_012154.1	6803
SRR27421013.131866	NC_012154.1	10869
SRR27421013.266150	NC_012154.1	8126
SRR27421013.265353	NC_012154.1	8131
SRR27421013.51669	NC_012154.1	8212
SRR27421013.172665	NC_012154.1	7917
SRR27421013.134922	NC_012154.1	10617
SRR27421013.131967	NC_012154.1	8371
SRR27421013.104542	NC_012154.1	10622
SRR27421013.231847	NC_012154.1	10397
SRR27421013.287427	NC_012154.1	5048
SRR27421013.105689	NC_012154.1	5712
SRR27421013.148502	NC_012154.1	5122
SRR27421013.69122	NC_012154.1	10524
SRR27421013.124413	NC_012154.1	5936
SRR27421013.209542	NC_012154.1	7904
SRR27421013.268745	NC_012154.1	7959
SRR27421013.283120	NC_012154.1	5291
SRR27421013.2965	NC_012154.1	7136
SRR27421013.1019	NC_012154.1	8484
SRR27421013.263089	NC_012154.1	5593
SRR27421013.280214	NC_012154.1	7543
SRR27421013.19950	NC_012154.1	6857
SRR27421013.40752	NC_012154.1	7927
SRR27421013.139073	NC_012154.1	8221
SRR27421013.221799	NC_012154.1	9367
SRR27421013.196145	NC_012154.1	10957
SRR27421013.197783	NC_012154.1	7341
SRR27421013.278188	NC_012154.1	6842
SRR27421013.235024	NC_012154.1	7553
SRR27421013.123686	NC_012154.1	7833
SRR27421013.285788	NC_012154.1	5915
SRR27421013.269302	NC_012154.1	11373
SRR27421013.202471	NC_012154.1	8427
SRR27421013.261664	NC_012154.1	13343
SRR27421013.248111	NC_012154.1	9327
SRR27421013.99650	NC_012154.1	6133
SRR27421013.133815	NC_012154.1	6793
SRR27421013.238085	NC_012154.1	11708
SRR27421013.257139	NC_012154.1	5179
SRR27421013.2895	NC_012154.1	6372
SRR27421013.144285	NC_012154.1	8288
SRR27421013.157406	NC_012154.1	11893
SRR27421013.129103	NC_012154.1	5362
SRR27421013.78375	NC_012154.1	7509
SRR27421013.265609	NC_012154.1	10082
SRR27421013.210462	NC_012154.1	11645
SRR27421013.227538	NC_012154.1	5997
SRR27421013.107905	NC_012154.1	8983
SRR27421013.222807	NC_012154.1	5274
SRR27421013.118396	NC_012154.1	8954
SRR27421013.102335	NC_012154.1	9712
SRR27421013.261677	NC_012154.1	5126
SRR27421013.126756	NC_012154.1	7988
SRR27421013.70604	NC_012154.1	11908
SRR27421013.38150	NC_012154.1	5035
SRR27421013.267169	NC_012154.1	7620
SRR27421013.276282	NC_012154.1	9367
SRR27421013.259539	NC_012154.1	7955
SRR27421013.287652	NC_012154.1	5219
SRR27421013.233795	NC_012154.1	7946
SRR27421013.35181	NC_012154.1	8710
SRR27421013.157188	NC_012154.1	5718
SRR27421013.75657	NC_012154.1	10728
SRR27421013.107404	NC_012154.1	5963
SRR27421013.161361	NC_012154.1	5008
SRR27421013.142204	NC_012154.1	5495
SRR27421013.54344	NC_012154.1	11328
SRR27421013.232724	NC_012154.1	9215
SRR27421013.165346	NC_012154.1	10567
SRR27421013.274393	NC_012154.1	17589
SRR27421013.158294	NC_012154.1	7368
SRR27421013.282408	NC_012154.1	5520
SRR27421013.78768	NC_012154.1	8933
SRR27421013.159422	NC_012154.1	7500
SRR27421013.68342	NC_012154.1	10713
SRR27421013.102588	NC_012154.1	5301
SRR27421013.190432	NC_012154.1	13630
SRR27421013.78706	NC_012154.1	9512
SRR27421013.40006	NC_012154.1	5526
SRR27421013.53396	NC_012154.1	6626
SRR27421013.137681	NC_012154.1	6767
SRR27421013.80030	NC_012154.1	7890
SRR27421013.140093	NC_012154.1	5525
SRR27421013.139203	NC_012154.1	5500
SRR27421013.159484	NC_012154.1	10182
SRR27421013.15677	NC_012154.1	9869
SRR27421013.265264	NC_012154.1	6682
SRR27421013.134566	NC_012154.1	8627
SRR27421013.210922	NC_012154.1	8420
SRR27421013.191754	NC_012154.1	8218
SRR27421013.229365	NC_012154.1	10377
SRR27421013.15450	NC_012154.1	5217
SRR27421013.33500	NC_012154.1	6534
SRR27421013.84793	NC_012154.1	6435
SRR27421013.148349	NC_012154.1	8863
SRR27421013.83669	NC_012154.1	11347
SRR27421013.126503	NC_012154.1	5165
SRR27421013.222773	NC_012154.1	5009
SRR27421013.24103	NC_012154.1	8235
SRR27421013.183316	NC_012154.1	7722
SRR27421013.16643	NC_012154.1	7929
SRR27421013.63176	NC_012154.1	8148
SRR27421013.35944	NC_012154.1	7008
SRR27421013.4385	NC_012154.1	5841
SRR27421013.55495	NC_012154.1	6146
SRR27421013.144563	NC_012154.1	5414
SRR27421013.198436	NC_012154.1	9835
SRR27421013.275744	NC_012154.1	9124
SRR27421013.113570	NC_012154.1	5969
SRR27421013.249777	NC_012154.1	5484
SRR27421013.287273	NC_012154.1	6989
SRR27421013.149627	NC_012154.1	6829
SRR27421013.238636	NC_012154.1	5243
SRR27421013.223102	NC_012154.1	9056
SRR27421013.237103	NC_012154.1	5147
SRR27421013.90865	NC_012154.1	8825
SRR27421013.89065	NC_012154.1	8777
SRR27421013.226211	NC_012154.1	9254
SRR27421013.161719	NC_012154.1	7277
SRR27421013.255575	NC_012154.1	5381
SRR27421013.231936	NC_012154.1	5747
SRR27421013.196827	NC_012154.1	5812
SRR27421013.282355	NC_012154.1	9813
SRR27421013.13519	NC_012154.1	7489
SRR27421013.175020	NC_012154.1	10145
SRR27421013.148786	NC_012154.1	5297
SRR27421013.56483	NC_012154.1	8000
SRR27421013.165551	NC_012154.1	5920
SRR27421013.219099	NC_012154.1	8734
SRR27421013.28075	NC_012154.1	5323
SRR27421013.207751	NC_012154.1	7324
SRR27421013.213976	NC_012154.1	5129
SRR27421013.264942	NC_012154.1	5340
SRR27421013.153166	NC_012154.1	5527
SRR27421013.41368	NC_012154.1	8336
SRR27421013.180888	NC_012154.1	6196
SRR27421013.185267	NC_012154.1	8843
SRR27421013.79958	NC_012154.1	5379
SRR27421013.240213	NC_012154.1	5594
SRR27421013.104205	NC_012154.1	10262
SRR27421013.287486	NC_012154.1	7585
SRR27421013.50374	NC_012154.1	5490
SRR27421013.46328	NC_012154.1	5988
SRR27421013.18761	NC_012154.1	5382
SRR27421013.92282	NC_012154.1	15741
SRR27421013.120129	NC_012154.1	5193
SRR27421013.170100	NC_012154.1	5366
SRR27421013.164493	NC_012154.1	8047
SRR27421013.262498	NC_012154.1	6346
SRR27421013.249328	NC_012154.1	5713
SRR27421013.28292	NC_012154.1	6938
SRR27421013.161208	NC_012154.1	5567
SRR27421013.189977	NC_012154.1	6826
SRR27421013.190978	NC_012154.1	6816
SRR27421013.269631	NC_012154.1	7768
SRR27421013.48716	NC_012154.1	6950
SRR27421013.86045	NC_012154.1	5484
SRR27421013.20851	NC_012154.1	6923
SRR27421013.74371	NC_012154.1	7041
SRR27421013.267298	NC_012154.1	6290
SRR27421013.170344	NC_012154.1	5540
SRR27421013.134285	NC_012154.1	6555
SRR27421013.252733	NC_012154.1	5324
SRR27421013.285780	NC_012154.1	5310
SRR27421013.64901	NC_012154.1	6210
SRR27421013.185377	NC_012154.1	7452
SRR27421013.249422	NC_012154.1	6412
SRR27421013.214904	NC_012154.1	9325
SRR27421013.203596	NC_012154.1	5502
SRR27421013.191379	NC_012154.1	6032
SRR27421013.221003	NC_012154.1	8561
SRR27421013.213440	NC_012154.1	5982
SRR27421013.119764	NC_012154.1	5003
SRR27421013.70529	NC_012154.1	6446
SRR27421013.14460	NC_012154.1	5303
SRR27421013.225517	NC_012154.1	5467
SRR27421013.124793	NC_012154.1	5392
SRR27421013.13688	NC_012154.1	5339
SRR27421013.179526	NC_012154.1	5994
SRR27421013.144659	NC_012154.1	6961
SRR27421013.162898	NC_012154.1	5046
SRR27421013.122843	NC_012154.1	5627
SRR27421013.188024	NC_012154.1	5528
SRR27421013.284307	NC_012154.1	5453
SRR27421013.231570	NC_012154.1	5680
SRR27421013.258273	NC_012154.1	5646
SRR27421013.145071	NC_012154.1	5641
SRR27421013.141281	NC_012154.1	6319
SRR27421013.123186	NC_012154.1	5249
SRR27421013.162361	NC_012154.1	5127
SRR27421013.75693	NC_012154.1	5307
SRR27421013.252679	NC_012154.1	5254
SRR27421013.21886	NC_012154.1	5149
SRR27421013.124391	NC_012154.1	5040
SRR27421013.225099	NC_012154.1	5296
SRR27421013.816	NC_012149.1	32131
SRR27421013.3257	NC_012149.1	16365
SRR27421013.4754	NC_012149.1	5329
SRR27421013.7933	NC_012149.1	15662
SRR27421013.8421	NC_012149.1	6210
SRR27421013.10622	NC_012149.1	32269
SRR27421013.11030	NC_012149.1	6051
SRR27421013.11667	NC_012149.1	9940
SRR27421013.13726	NC_012149.1	17198
SRR27421013.16197	NC_012149.1	11023
SRR27421013.16242	NC_012149.1	12033
SRR27421013.16955	NC_012149.1	5760
SRR27421013.20494	NC_012149.1	13483
SRR27421013.21849	NC_012149.1	7148
SRR27421013.21876	NC_012149.1	8740
SRR27421013.22622	NC_012149.1	32197
SRR27421013.23497	NC_012149.1	13746
SRR27421013.25066	NC_012149.1	18900
SRR27421013.25792	NC_012149.1	25018
SRR27421013.26441	NC_012149.1	15964
SRR27421013.27665	NC_012149.1	9766
SRR27421013.27943	NC_012149.1	32513
SRR27421013.28047	NC_012149.1	32456
SRR27421013.28456	NC_012149.1	32048
SRR27421013.29074	NC_012149.1	20015
SRR27421013.29107	NC_012149.1	18785
SRR27421013.30580	NC_012149.1	5802
SRR27421013.33900	NC_012149.1	18526
SRR27421013.37211	NC_012149.1	31788
SRR27421013.37596	NC_012149.1	32401
SRR27421013.38357	NC_012149.1	6254
SRR27421013.38604	NC_012149.1	32749
SRR27421013.38670	NC_012149.1	37419
SRR27421013.39228	NC_012149.1	31896
SRR27421013.39777	NC_012149.1	30578
SRR27421013.40876	NC_012149.1	26415
SRR27421013.42078	NC_012149.1	32364
SRR27421013.42606	NC_012149.1	20931
SRR27421013.43293	NC_012149.1	20377
SRR27421013.47347	NC_012149.1	32140
SRR27421013.47356	NC_012149.1	11329
SRR27421013.47567	NC_012149.1	21867
SRR27421013.47861	NC_012149.1	32286
SRR27421013.48143	NC_012149.1	32035
SRR27421013.48919	NC_012149.1	27357
SRR27421013.49085	NC_012149.1	32257
SRR27421013.50213	NC_012149.1	6561
SRR27421013.50408	NC_012149.1	14442
SRR27421013.50548	NC_012149.1	31498
SRR27421013.53228	NC_012149.1	19943
SRR27421013.58043	NC_012149.1	22494
SRR27421013.59523	NC_012149.1	20264
SRR27421013.60713	NC_012149.1	10084
SRR27421013.61475	NC_012149.1	23598
SRR27421013.62391	NC_012149.1	13441
SRR27421013.62696	NC_012149.1	12390
SRR27421013.65795	NC_012149.1	19317
SRR27421013.69695	NC_012149.1	15562
SRR27421013.69704	NC_012149.1	7790
SRR27421013.70653	NC_012149.1	10596
SRR27421013.70713	NC_012149.1	11648
SRR27421013.71214	NC_012149.1	14804
SRR27421013.71439	NC_012149.1	12130
SRR27421013.73025	NC_012149.1	24039
SRR27421013.74906	NC_012149.1	31444
SRR27421013.75101	NC_012149.1	32307
SRR27421013.75708	NC_012149.1	30127
SRR27421013.75920	NC_012149.1	27896
SRR27421013.76005	NC_012149.1	31472
SRR27421013.76367	NC_012149.1	31480
SRR27421013.77316	NC_012149.1	34894
SRR27421013.78203	NC_012149.1	10905
SRR27421013.82239	NC_012149.1	39641
SRR27421013.82348	NC_012149.1	7618
SRR27421013.83165	NC_012149.1	31091
SRR27421013.83809	NC_012149.1	31468
SRR27421013.84018	NC_012149.1	32391
SRR27421013.84260	NC_012149.1	32023
SRR27421013.86243	NC_012149.1	5841
SRR27421013.88589	NC_012149.1	13607
SRR27421013.88704	NC_012149.1	12774
SRR27421013.90268	NC_012149.1	17792
SRR27421013.90620	NC_012149.1	8396
SRR27421013.91419	NC_012149.1	7450
SRR27421013.94739	NC_012149.1	31502
SRR27421013.95449	NC_012149.1	31379
SRR27421013.96045	NC_012149.1	19352
SRR27421013.96471	NC_012149.1	32049
SRR27421013.96806	NC_012149.1	32707
SRR27421013.97316	NC_012149.1	27923
SRR27421013.98091	NC_012149.1	8392
SRR27421013.98996	NC_012149.1	30844
SRR27421013.99088	NC_012149.1	31736
SRR27421013.99294	NC_012149.1	31380
SRR27421013.100072	NC_012149.1	20096
SRR27421013.100262	NC_012149.1	28461
SRR27421013.100609	NC_012149.1	31102
SRR27421013.100784	NC_012149.1	31661
SRR27421013.101531	NC_012149.1	15397
SRR27421013.101669	NC_012149.1	32927
SRR27421013.103225	NC_012149.1	11465
SRR27421013.103675	NC_012149.1	16867
SRR27421013.104433	NC_012149.1	15235
SRR27421013.104571	NC_012149.1	32604
SRR27421013.104825	NC_012149.1	21588
SRR27421013.104892	NC_012149.1	14628
SRR27421013.105112	NC_012149.1	28414
SRR27421013.106125	NC_012149.1	24090
SRR27421013.106184	NC_012149.1	32398
SRR27421013.106585	NC_012149.1	31955
SRR27421013.106826	NC_012149.1	25968
SRR27421013.106977	NC_012149.1	31645
SRR27421013.107595	NC_012149.1	31046
SRR27421013.113439	NC_012149.1	13393
SRR27421013.114225	NC_012149.1	11343
SRR27421013.118403	NC_012149.1	14178
SRR27421013.118812	NC_012149.1	9189
SRR27421013.118900	NC_012149.1	31751
SRR27421013.119563	NC_012149.1	9079
SRR27421013.119623	NC_012149.1	28735
SRR27421013.120180	NC_012149.1	17710
SRR27421013.120550	NC_012149.1	31657
SRR27421013.120788	NC_012149.1	31135
SRR27421013.121115	NC_012149.1	17872
SRR27421013.122294	NC_012149.1	17713
SRR27421013.122991	NC_012149.1	31762
SRR27421013.123099	NC_012149.1	31469
SRR27421013.123349	NC_012149.1	24032
SRR27421013.125087	NC_012149.1	31661
SRR27421013.125106	NC_012149.1	31068
SRR27421013.130090	NC_012149.1	32019
SRR27421013.130107	NC_012149.1	32423
SRR27421013.130687	NC_012149.1	31497
SRR27421013.131659	NC_012149.1	28064
SRR27421013.133283	NC_012149.1	15697
SRR27421013.134801	NC_012149.1	21134
SRR27421013.135687	NC_012149.1	32176
SRR27421013.135856	NC_012149.1	16007
SRR27421013.136050	NC_012149.1	32231
SRR27421013.137694	NC_012149.1	47652
SRR27421013.138572	NC_012149.1	28528
SRR27421013.139019	NC_012149.1	7326
SRR27421013.139301	NC_012149.1	14156
SRR27421013.140041	NC_012149.1	10052
SRR27421013.142910	NC_012149.1	11767
SRR27421013.143654	NC_012149.1	10291
SRR27421013.144277	NC_012149.1	20673
SRR27421013.144626	NC_012149.1	23455
SRR27421013.146562	NC_012149.1	24463
SRR27421013.147039	NC_012149.1	25289
SRR27421013.147239	NC_012149.1	32302
SRR27421013.147257	NC_012149.1	21362
SRR27421013.147761	NC_012149.1	32458
SRR27421013.147825	NC_012149.1	7240
SRR27421013.148120	NC_012149.1	63897
SRR27421013.148420	NC_012149.1	30684
SRR27421013.148441	NC_012149.1	30987
SRR27421013.148505	NC_012149.1	32859
SRR27421013.148682	NC_012149.1	32541
SRR27421013.149030	NC_012149.1	22486
SRR27421013.149043	NC_012149.1	13541
SRR27421013.151879	NC_012149.1	17328
SRR27421013.152053	NC_012149.1	30650
SRR27421013.152130	NC_012149.1	32459
SRR27421013.154039	NC_012149.1	31819
SRR27421013.154343	NC_012149.1	58888
SRR27421013.154966	NC_012149.1	42851
SRR27421013.155316	NC_012149.1	38883
SRR27421013.155356	NC_012149.1	31996
SRR27421013.155515	NC_012149.1	57268
SRR27421013.155628	NC_012149.1	8647
SRR27421013.155899	NC_012149.1	30777
SRR27421013.156613	NC_012149.1	16424
SRR27421013.157007	NC_012149.1	31820
SRR27421013.157234	NC_012149.1	33048
SRR27421013.157408	NC_012149.1	31525
SRR27421013.157579	NC_012149.1	5671
SRR27421013.157594	NC_012149.1	31392
SRR27421013.158020	NC_012149.1	33337
SRR27421013.158170	NC_012149.1	32568
SRR27421013.158383	NC_012149.1	31660
SRR27421013.158466	NC_012149.1	32174
SRR27421013.159757	NC_012149.1	18740
SRR27421013.160207	NC_012149.1	19301
SRR27421013.162329	NC_012149.1	13157
SRR27421013.163082	NC_012149.1	18073
SRR27421013.163317	NC_012149.1	6433
SRR27421013.163385	NC_012149.1	31604
SRR27421013.163693	NC_012149.1	32129
SRR27421013.164062	NC_012149.1	32255
SRR27421013.164658	NC_012149.1	5691
SRR27421013.164812	NC_012149.1	31854
SRR27421013.165044	NC_012149.1	22001
SRR27421013.165574	NC_012149.1	13971
SRR27421013.172237	NC_012149.1	32266
SRR27421013.173293	NC_012149.1	31922
SRR27421013.174411	NC_012149.1	30996
SRR27421013.174445	NC_012149.1	30971
SRR27421013.174600	NC_012149.1	32558
SRR27421013.175012	NC_012149.1	21503
SRR27421013.179155	NC_012149.1	18731
SRR27421013.179505	NC_012149.1	31866
SRR27421013.179613	NC_012149.1	32618
SRR27421013.179820	NC_012149.1	18761
SRR27421013.181429	NC_012149.1	30720
SRR27421013.181632	NC_012149.1	12230
SRR27421013.182374	NC_012149.1	8760
SRR27421013.186625	NC_012149.1	6355
SRR27421013.186741	NC_012149.1	6887
SRR27421013.188061	NC_012149.1	27054
SRR27421013.188159	NC_012149.1	13399
SRR27421013.190066	NC_012149.1	5625
SRR27421013.191375	NC_012149.1	8458
SRR27421013.191911	NC_012149.1	7169
SRR27421013.192004	NC_012149.1	15956
SRR27421013.193057	NC_012149.1	31081
SRR27421013.193475	NC_012149.1	30306
SRR27421013.193698	NC_012149.1	32188
SRR27421013.194074	NC_012149.1	37534
SRR27421013.194116	NC_012149.1	11455
SRR27421013.194293	NC_012149.1	30160
SRR27421013.194587	NC_012149.1	31169
SRR27421013.195098	NC_012149.1	9397
SRR27421013.195100	NC_012149.1	31333
SRR27421013.195118	NC_012149.1	31888
SRR27421013.195308	NC_012149.1	9880
SRR27421013.195522	NC_012149.1	32045
SRR27421013.195613	NC_012149.1	32396
SRR27421013.196243	NC_012149.1	14960
SRR27421013.196367	NC_012149.1	9468
SRR27421013.197290	NC_012149.1	8632
SRR27421013.201273	NC_012149.1	5754
SRR27421013.201867	NC_012149.1	9953
SRR27421013.206582	NC_012149.1	13601
SRR27421013.207187	NC_012149.1	17463
SRR27421013.208345	NC_012149.1	18590
SRR27421013.209364	NC_012149.1	26694
SRR27421013.209479	NC_012149.1	16450
SRR27421013.209832	NC_012149.1	14253
SRR27421013.209923	NC_012149.1	32875
SRR27421013.210051	NC_012149.1	32111
SRR27421013.210057	NC_012149.1	7195
SRR27421013.210137	NC_012149.1	28140
SRR27421013.210156	NC_012149.1	14106
SRR27421013.210799	NC_012149.1	31858
SRR27421013.210801	NC_012149.1	31546
SRR27421013.211133	NC_012149.1	31387
SRR27421013.211197	NC_012149.1	33042
SRR27421013.211376	NC_012149.1	18901
SRR27421013.211534	NC_012149.1	62174
SRR27421013.212185	NC_012149.1	22856
SRR27421013.212207	NC_012149.1	31961
SRR27421013.213364	NC_012149.1	34822
SRR27421013.213684	NC_012149.1	30873
SRR27421013.216015	NC_012149.1	11191
SRR27421013.216019	NC_012149.1	21093
SRR27421013.217473	NC_012149.1	28448
SRR27421013.217508	NC_012149.1	31602
SRR27421013.217922	NC_012149.1	11254
SRR27421013.218400	NC_012149.1	25706
SRR27421013.218627	NC_012149.1	8551
SRR27421013.218910	NC_012149.1	21653
SRR27421013.219245	NC_012149.1	18837
SRR27421013.219628	NC_012149.1	25880
SRR27421013.219878	NC_012149.1	27840
SRR27421013.220066	NC_012149.1	33152
SRR27421013.220219	NC_012149.1	9613
SRR27421013.221074	NC_012149.1	22183
SRR27421013.224047	NC_012149.1	31842
SRR27421013.224126	NC_012149.1	32117
SRR27421013.224218	NC_012149.1	27936
SRR27421013.224325	NC_012149.1	31139
SRR27421013.224747	NC_012149.1	30465
SRR27421013.225215	NC_012149.1	32185
SRR27421013.225223	NC_012149.1	31229
SRR27421013.225372	NC_012149.1	31775
SRR27421013.225542	NC_012149.1	31244
SRR27421013.225602	NC_012149.1	7166
SRR27421013.226059	NC_012149.1	32367
SRR27421013.226201	NC_012149.1	33081
SRR27421013.226408	NC_012149.1	30626
SRR27421013.231249	NC_012149.1	17197
SRR27421013.233983	NC_012149.1	9651
SRR27421013.234895	NC_012149.1	16500
SRR27421013.235437	NC_012149.1	24861
SRR27421013.235613	NC_012149.1	32741
SRR27421013.236232	NC_012149.1	31290
SRR27421013.236404	NC_012149.1	6310
SRR27421013.236619	NC_012149.1	8140
SRR27421013.237484	NC_012149.1	22787
SRR27421013.238740	NC_012149.1	18862
SRR27421013.239913	NC_012149.1	20062
SRR27421013.244050	NC_012149.1	21251
SRR27421013.247213	NC_012149.1	12864
SRR27421013.247692	NC_012149.1	11572
SRR27421013.248474	NC_012149.1	16422
SRR27421013.248937	NC_012149.1	7468
SRR27421013.249470	NC_012149.1	24735
SRR27421013.249905	NC_012149.1	17089
SRR27421013.250244	NC_012149.1	20356
SRR27421013.255097	NC_012149.1	60859
SRR27421013.255111	NC_012149.1	19061
SRR27421013.255539	NC_012149.1	31888
SRR27421013.255958	NC_012149.1	31356
SRR27421013.256293	NC_012149.1	20008
SRR27421013.256900	NC_012149.1	32159
SRR27421013.256996	NC_012149.1	10820
SRR27421013.257090	NC_012149.1	31650
SRR27421013.257101	NC_012149.1	31665
SRR27421013.257403	NC_012149.1	31980
SRR27421013.257809	NC_012149.1	14585
SRR27421013.257887	NC_012149.1	55148
SRR27421013.258046	NC_012149.1	32861
SRR27421013.259466	NC_012149.1	7524
SRR27421013.259776	NC_012149.1	31946
SRR27421013.259964	NC_012149.1	32093
SRR27421013.260795	NC_012149.1	32122
SRR27421013.261169	NC_012149.1	31663
SRR27421013.261386	NC_012149.1	7941
SRR27421013.261591	NC_012149.1	31605
SRR27421013.262695	NC_012149.1	15387
SRR27421013.264043	NC_012149.1	31693
SRR27421013.264261	NC_012149.1	24766
SRR27421013.264417	NC_012149.1	9152
SRR27421013.264642	NC_012149.1	34849
SRR27421013.265122	NC_012149.1	31695
SRR27421013.265613	NC_012149.1	17763
SRR27421013.266113	NC_012149.1	13623
SRR27421013.266174	NC_012149.1	10758
SRR27421013.266275	NC_012149.1	12528
SRR27421013.266665	NC_012149.1	30625
SRR27421013.267198	NC_012149.1	32522
SRR27421013.267309	NC_012149.1	7212
SRR27421013.267352	NC_012149.1	32451
SRR27421013.267512	NC_012149.1	21569
SRR27421013.268195	NC_012149.1	31247
SRR27421013.272414	NC_012149.1	25254
SRR27421013.272673	NC_012149.1	17799
SRR27421013.275059	NC_012149.1	15337
SRR27421013.275109	NC_012149.1	41246
SRR27421013.275269	NC_012149.1	31146
SRR27421013.275318	NC_012149.1	32466
SRR27421013.275368	NC_012149.1	14773
SRR27421013.276238	NC_012149.1	34673
SRR27421013.276481	NC_012149.1	33589
SRR27421013.276944	NC_012149.1	15452
SRR27421013.277098	NC_012149.1	8208
SRR27421013.277587	NC_012149.1	32087
SRR27421013.277792	NC_012149.1	31655
SRR27421013.277864	NC_012149.1	18980
SRR27421013.277866	NC_012149.1	32042
SRR27421013.278355	NC_012149.1	5793
SRR27421013.279255	NC_012149.1	17527
SRR27421013.280199	NC_012149.1	7598
SRR27421013.281955	NC_012149.1	9117
SRR27421013.282251	NC_012149.1	11960
SRR27421013.283219	NC_012149.1	13845
SRR27421013.283315	NC_012149.1	17610
SRR27421013.284837	NC_012149.1	21643
SRR27421013.285291	NC_012149.1	9968
SRR27421013.286061	NC_012149.1	5209
SRR27421013.286077	NC_012149.1	9954
SRR27421013.287723	NC_012149.1	32294
SRR27421013.288288	NC_012149.1	31573
SRR27421013.288422	NC_012149.1	29700
SRR27421013.1124	NC_012149.1	16426
SRR27421013.1911	NC_012149.1	20138
SRR27421013.3850	NC_012149.1	5150
SRR27421013.5984	NC_012149.1	11982
SRR27421013.6070	NC_012149.1	22000
SRR27421013.11528	NC_012149.1	23099
SRR27421013.15420	NC_012149.1	9519
SRR27421013.17508	NC_012149.1	16848
SRR27421013.18596	NC_012149.1	25121
SRR27421013.20460	NC_012149.1	18535
SRR27421013.22034	NC_012149.1	16471
SRR27421013.25386	NC_012149.1	17112
SRR27421013.27318	NC_012149.1	32188
SRR27421013.28476	NC_012149.1	31779
SRR27421013.28817	NC_012149.1	8506
SRR27421013.28881	NC_012149.1	28208
SRR27421013.29532	NC_012149.1	12820
SRR27421013.29823	NC_012149.1	31666
SRR27421013.35037	NC_012149.1	32024
SRR27421013.37027	NC_012149.1	33187
SRR27421013.37503	NC_012149.1	31950
SRR27421013.37659	NC_012149.1	31387
SRR27421013.37733	NC_012149.1	30927
SRR27421013.38373	NC_012149.1	32030
SRR27421013.38464	NC_012149.1	15480
SRR27421013.38542	NC_012149.1	32525
SRR27421013.38958	NC_012149.1	32078
SRR27421013.39119	NC_012149.1	31822
SRR27421013.39187	NC_012149.1	31934
SRR27421013.39891	NC_012149.1	31879
SRR27421013.39977	NC_012149.1	32089
SRR27421013.40323	NC_012149.1	31983
SRR27421013.40999	NC_012149.1	32152
SRR27421013.41237	NC_012149.1	29945
SRR27421013.41946	NC_012149.1	32016
SRR27421013.42357	NC_012149.1	12782
SRR27421013.43161	NC_012149.1	32881
SRR27421013.43208	NC_012149.1	32871
SRR27421013.43597	NC_012149.1	31787
SRR27421013.44209	NC_012149.1	8784
SRR27421013.47547	NC_012149.1	31502
SRR27421013.47562	NC_012149.1	13974
SRR27421013.48365	NC_012149.1	32143
SRR27421013.48710	NC_012149.1	31859
SRR27421013.49134	NC_012149.1	11066
SRR27421013.49621	NC_012149.1	31321
SRR27421013.50014	NC_012149.1	31653
SRR27421013.50659	NC_012149.1	32701
SRR27421013.53292	NC_012149.1	18232
SRR27421013.58349	NC_012149.1	26909
SRR27421013.60108	NC_012149.1	18455
SRR27421013.60984	NC_012149.1	18738
SRR27421013.63938	NC_012149.1	14647
SRR27421013.64083	NC_012149.1	8628
SRR27421013.65900	NC_012149.1	23524
SRR27421013.68592	NC_012149.1	11143
SRR27421013.70809	NC_012149.1	5945
SRR27421013.71152	NC_012149.1	15697
SRR27421013.72972	NC_012149.1	15098
SRR27421013.75008	NC_012149.1	30779
SRR27421013.75023	NC_012149.1	31274
SRR27421013.75547	NC_012149.1	31452
SRR27421013.75737	NC_012149.1	31789
SRR27421013.75975	NC_012149.1	32131
SRR27421013.76247	NC_012149.1	15058
SRR27421013.76656	NC_012149.1	32286
SRR27421013.77037	NC_012149.1	20614
SRR27421013.80454	NC_012149.1	32016
SRR27421013.81787	NC_012149.1	31843
SRR27421013.81836	NC_012149.1	32171
SRR27421013.83057	NC_012149.1	31405
SRR27421013.83556	NC_012149.1	32092
SRR27421013.84311	NC_012149.1	15001
SRR27421013.84417	NC_012149.1	32878
SRR27421013.90637	NC_012149.1	13584
SRR27421013.91218	NC_012149.1	10365
SRR27421013.91751	NC_012149.1	11981
SRR27421013.94623	NC_012149.1	5676
SRR27421013.95280	NC_012149.1	32783
SRR27421013.95408	NC_012149.1	31847
SRR27421013.95917	NC_012149.1	31255
SRR27421013.96460	NC_012149.1	31330
SRR27421013.96769	NC_012149.1	5741
SRR27421013.96945	NC_012149.1	18572
SRR27421013.97758	NC_012149.1	52027
SRR27421013.98167	NC_012149.1	31138
SRR27421013.98418	NC_012149.1	32256
SRR27421013.99435	NC_012149.1	32230
SRR27421013.99564	NC_012149.1	31622
SRR27421013.99739	NC_012149.1	44066
SRR27421013.100064	NC_012149.1	32062
SRR27421013.100111	NC_012149.1	31877
SRR27421013.100536	NC_012149.1	32336
SRR27421013.100785	NC_012149.1	30895
SRR27421013.101150	NC_012149.1	31812
SRR27421013.101443	NC_012149.1	32837
SRR27421013.101969	NC_012149.1	31695
SRR27421013.101980	NC_012149.1	15375
SRR27421013.103458	NC_012149.1	50036
SRR27421013.103487	NC_012149.1	31644
SRR27421013.105199	NC_012149.1	31472
SRR27421013.105940	NC_012149.1	9409
SRR27421013.106458	NC_012149.1	32179
SRR27421013.107888	NC_012149.1	31617
SRR27421013.109621	NC_012149.1	24583
SRR27421013.110742	NC_012149.1	7790
SRR27421013.113764	NC_012149.1	20111
SRR27421013.115219	NC_012149.1	30952
SRR27421013.115371	NC_012149.1	20320
SRR27421013.118509	NC_012149.1	32253
SRR27421013.118695	NC_012149.1	32454
SRR27421013.119741	NC_012149.1	31703
SRR27421013.119972	NC_012149.1	32315
SRR27421013.120048	NC_012149.1	31527
SRR27421013.121205	NC_012149.1	33328
SRR27421013.121300	NC_012149.1	31966
SRR27421013.121421	NC_012149.1	30998
SRR27421013.121573	NC_012149.1	31916
SRR27421013.121614	NC_012149.1	31829
SRR27421013.122081	NC_012149.1	32461
SRR27421013.122632	NC_012149.1	32307
SRR27421013.123082	NC_012149.1	15814
SRR27421013.123327	NC_012149.1	63909
SRR27421013.129764	NC_012149.1	31193
SRR27421013.130899	NC_012149.1	32038
SRR27421013.130988	NC_012149.1	20056
SRR27421013.131051	NC_012149.1	23010
SRR27421013.131582	NC_012149.1	31717
SRR27421013.131992	NC_012149.1	31408
SRR27421013.132230	NC_012149.1	16710
SRR27421013.133839	NC_012149.1	9468
SRR27421013.135645	NC_012149.1	31164
SRR27421013.135861	NC_012149.1	25176
SRR27421013.137239	NC_012149.1	27305
SRR27421013.137719	NC_012149.1	32035
SRR27421013.138487	NC_012149.1	32004
SRR27421013.139986	NC_012149.1	7230
SRR27421013.141742	NC_012149.1	20815
SRR27421013.144620	NC_012149.1	11669
SRR27421013.145369	NC_012149.1	31516
SRR27421013.145520	NC_012149.1	30623
SRR27421013.145702	NC_012149.1	30880
SRR27421013.146087	NC_012149.1	10921
SRR27421013.146179	NC_012149.1	32182
SRR27421013.146469	NC_012149.1	31090
SRR27421013.146510	NC_012149.1	31810
SRR27421013.146723	NC_012149.1	32108
SRR27421013.146799	NC_012149.1	17211
SRR27421013.146989	NC_012149.1	32160
SRR27421013.147188	NC_012149.1	31267
SRR27421013.147512	NC_012149.1	35985
SRR27421013.147782	NC_012149.1	23847
SRR27421013.148190	NC_012149.1	32131
SRR27421013.148586	NC_012149.1	6973
SRR27421013.148681	NC_012149.1	31586
SRR27421013.149769	NC_012149.1	7803
SRR27421013.151216	NC_012149.1	28319
SRR27421013.154651	NC_012149.1	13619
SRR27421013.154673	NC_012149.1	31478
SRR27421013.154937	NC_012149.1	24958
SRR27421013.156293	NC_012149.1	32051
SRR27421013.156300	NC_012149.1	32412
SRR27421013.156351	NC_012149.1	32104
SRR27421013.156471	NC_012149.1	32547
SRR27421013.156496	NC_012149.1	31905
SRR27421013.156926	NC_012149.1	15250
SRR27421013.157160	NC_012149.1	8066
SRR27421013.157507	NC_012149.1	31513
SRR27421013.157857	NC_012149.1	31642
SRR27421013.158327	NC_012149.1	30161
SRR27421013.158467	NC_012149.1	28314
SRR27421013.159449	NC_012149.1	16991
SRR27421013.163044	NC_012149.1	31588
SRR27421013.163415	NC_012149.1	31332
SRR27421013.163916	NC_012149.1	22393
SRR27421013.164099	NC_012149.1	32747
SRR27421013.164386	NC_012149.1	17908
SRR27421013.164622	NC_012149.1	31971
SRR27421013.165105	NC_012149.1	29149
SRR27421013.167087	NC_012149.1	15514
SRR27421013.167195	NC_012149.1	21651
SRR27421013.169998	NC_012149.1	7584
SRR27421013.172030	NC_012149.1	8903
SRR27421013.172428	NC_012149.1	32554
SRR27421013.173788	NC_012149.1	31919
SRR27421013.174152	NC_012149.1	31778
SRR27421013.174811	NC_012149.1	32211
SRR27421013.175029	NC_012149.1	5400
SRR27421013.175260	NC_012149.1	15165
SRR27421013.175293	NC_012149.1	32516
SRR27421013.176523	NC_012149.1	16858
SRR27421013.180665	NC_012149.1	9591
SRR27421013.184970	NC_012149.1	23784
SRR27421013.190853	NC_012149.1	5610
SRR27421013.192640	NC_012149.1	31477
SRR27421013.192858	NC_012149.1	28227
SRR27421013.193130	NC_012149.1	31919
SRR27421013.193258	NC_012149.1	17387
SRR27421013.193817	NC_012149.1	32495
SRR27421013.193981	NC_012149.1	31545
SRR27421013.194051	NC_012149.1	15404
SRR27421013.194313	NC_012149.1	32177
SRR27421013.194521	NC_012149.1	22084
SRR27421013.194695	NC_012149.1	31596
SRR27421013.194862	NC_012149.1	31638
SRR27421013.195071	NC_012149.1	42285
SRR27421013.196874	NC_012149.1	9800
SRR27421013.198389	NC_012149.1	11043
SRR27421013.202464	NC_012149.1	12376
SRR27421013.203561	NC_012149.1	31295
SRR27421013.203625	NC_012149.1	20565
SRR27421013.205557	NC_012149.1	16720
SRR27421013.207831	NC_012149.1	12708
SRR27421013.209408	NC_012149.1	15357
SRR27421013.209439	NC_012149.1	40311
SRR27421013.209759	NC_012149.1	31174
SRR27421013.209859	NC_012149.1	12019
SRR27421013.210359	NC_012149.1	31783
SRR27421013.211253	NC_012149.1	30946
SRR27421013.212206	NC_012149.1	32046
SRR27421013.212569	NC_012149.1	31944
SRR27421013.212824	NC_012149.1	32111
SRR27421013.213222	NC_012149.1	32660
SRR27421013.213341	NC_012149.1	32073
SRR27421013.214521	NC_012149.1	23761
SRR27421013.214835	NC_012149.1	11488
SRR27421013.215608	NC_012149.1	11774
SRR27421013.216819	NC_012149.1	16974
SRR27421013.218027	NC_012149.1	32388
SRR27421013.218403	NC_012149.1	32107
SRR27421013.218573	NC_012149.1	31643
SRR27421013.218644	NC_012149.1	31827
SRR27421013.219674	NC_012149.1	30750
SRR27421013.219935	NC_012149.1	31840
SRR27421013.221252	NC_012149.1	6627
SRR27421013.223851	NC_012149.1	14482
SRR27421013.224297	NC_012149.1	31296
SRR27421013.224339	NC_012149.1	31727
SRR27421013.224603	NC_012149.1	31773
SRR27421013.224640	NC_012149.1	23008
SRR27421013.224755	NC_012149.1	30985
SRR27421013.224774	NC_012149.1	14597
SRR27421013.224818	NC_012149.1	30883
SRR27421013.224842	NC_012149.1	31180
SRR27421013.225173	NC_012149.1	32456
SRR27421013.225358	NC_012149.1	31428
SRR27421013.225395	NC_012149.1	31972
SRR27421013.225560	NC_012149.1	31590
SRR27421013.225606	NC_012149.1	32205
SRR27421013.225947	NC_012149.1	31680
SRR27421013.226076	NC_012149.1	31317
SRR27421013.226773	NC_012149.1	32499
SRR27421013.234568	NC_012149.1	31935
SRR27421013.235275	NC_012149.1	32269
SRR27421013.236169	NC_012149.1	23282
SRR27421013.237655	NC_012149.1	31329
SRR27421013.237897	NC_012149.1	13391
SRR27421013.238071	NC_012149.1	8714
SRR27421013.238512	NC_012149.1	20917
SRR27421013.240368	NC_012149.1	11158
SRR27421013.242993	NC_012149.1	13771
SRR27421013.246799	NC_012149.1	9660
SRR27421013.249476	NC_012149.1	7244
SRR27421013.253168	NC_012149.1	8215
SRR27421013.253512	NC_012149.1	22965
SRR27421013.255254	NC_012149.1	31680
SRR27421013.255332	NC_012149.1	31083
SRR27421013.255960	NC_012149.1	31132
SRR27421013.255999	NC_012149.1	25803
SRR27421013.256404	NC_012149.1	31843
SRR27421013.256602	NC_012149.1	32102
SRR27421013.256901	NC_012149.1	32237
SRR27421013.258240	NC_012149.1	31893
SRR27421013.258818	NC_012149.1	31972
SRR27421013.258990	NC_012149.1	32169
SRR27421013.259386	NC_012149.1	31352
SRR27421013.260577	NC_012149.1	32503
SRR27421013.260694	NC_012149.1	27225
SRR27421013.261153	NC_012149.1	13931
SRR27421013.261249	NC_012149.1	31603
SRR27421013.262114	NC_012149.1	31265
SRR27421013.263280	NC_012149.1	6886
SRR27421013.264032	NC_012149.1	8320
SRR27421013.265833	NC_012149.1	32476
SRR27421013.266926	NC_012149.1	32336
SRR27421013.266979	NC_012149.1	32410
SRR27421013.267635	NC_012149.1	24732
SRR27421013.268010	NC_012149.1	32273
SRR27421013.268198	NC_012149.1	28033
SRR27421013.268674	NC_012149.1	18985
SRR27421013.273684	NC_012149.1	31747
SRR27421013.273868	NC_012149.1	32058
SRR27421013.273962	NC_012149.1	20311
SRR27421013.276062	NC_012149.1	32232
SRR27421013.276588	NC_012149.1	31312
SRR27421013.277121	NC_012149.1	33043
SRR27421013.277210	NC_012149.1	11275
SRR27421013.278174	NC_012149.1	5758
SRR27421013.285719	NC_012149.1	14176
SRR27421013.288144	NC_012149.1	33307
SRR27421013.288198	NC_012149.1	63470
SRR27421013.288511	NC_012149.1	31136
SRR27421013.108649	NC_012149.1	7145
SRR27421013.122520	NC_012149.1	24889
SRR27421013.235620	NC_012149.1	30495
SRR27421013.30159	NC_012149.1	32355
SRR27421013.41468	NC_012149.1	31103
SRR27421013.94878	NC_012149.1	30487
SRR27421013.121596	NC_012149.1	32047
SRR27421013.160707	NC_012149.1	16206
SRR27421013.164108	NC_012149.1	57908
SRR27421013.172018	NC_012149.1	14637
SRR27421013.201318	NC_012149.1	8372
SRR27421013.212173	NC_012149.1	32831
SRR27421013.264058	NC_012149.1	31860
SRR27421013.34682	NC_012149.1	21809
SRR27421013.133227	NC_012149.1	14295
SRR27421013.161089	NC_012149.1	31531
SRR27421013.14355	NC_012149.1	15112
SRR27421013.187407	NC_012149.1	23120
SRR27421013.256686	NC_012149.1	31627
SRR27421013.275497	NC_012149.1	31509
SRR27421013.198715	NC_012149.1	15551
SRR27421013.207238	NC_012149.1	11454
SRR27421013.52687	NC_012149.1	8486
SRR27421013.137553	NC_012149.1	5041
SRR27421013.194474	NC_012149.1	30387
SRR27421013.210940	NC_012149.1	29310
SRR27421013.225607	NC_012149.1	15393
SRR27421013.271124	NC_012149.1	9942
SRR27421013.38648	NC_012149.1	31775
SRR27421013.122128	NC_012149.1	32539
SRR27421013.143071	NC_012149.1	19601
SRR27421013.257663	NC_012149.1	12395
SRR27421013.135954	NC_012149.1	8068
SRR27421013.176079	NC_012149.1	31704
SRR27421013.210363	NC_012149.1	32927
SRR27421013.149644	NC_012149.1	13368
SRR27421013.130786	NC_012149.1	10198
SRR27421013.16948	NC_012149.1	32224
SRR27421013.120244	NC_012149.1	31682
SRR27421013.14659	NC_012149.1	22010
SRR27421013.122344	NC_012149.1	7559
SRR27421013.152620	NC_012149.1	30636
SRR27421013.150804	NC_012149.1	14481
SRR27421013.20529	NC_012149.1	8946
SRR27421013.8786	NC_012149.1	11584
SRR27421013.125894	NC_012149.1	8352
SRR27421013.211950	NC_012149.1	32162
SRR27421013.267669	NC_012149.1	10347
SRR27421013.128361	NC_012149.1	8332
SRR27421013.213511	NC_012149.1	29084
SRR27421013.196633	NC_012149.1	8255
SRR27421013.262541	NC_012149.1	30063
SRR27421013.97284	NC_012149.1	7894
SRR27421013.124097	NC_012149.1	32301
SRR27421013.101904	NC_012149.1	31982
SRR27421013.103281	NC_012149.1	32033
SRR27421013.146766	NC_012149.1	31801
SRR27421013.68436	NC_012149.1	6110
SRR27421013.148019	NC_012149.1	32038
SRR27421013.206010	NC_012149.1	10074
SRR27421013.277475	NC_012149.1	6251
SRR27421013.277979	NC_012149.1	7355
SRR27421013.275805	NC_012149.1	6341
SRR27421013.75383	NC_012149.1	14633
SRR27421013.225590	NC_012149.1	29598
SRR27421013.199567	NC_012149.1	6338
SRR27421013.78266	NC_012149.1	24676
SRR27421013.165934	NC_012149.1	9491
SRR27421013.124643	NC_012149.1	27420
SRR27421013.234426	NC_012149.1	41171
SRR27421013.146052	NC_012149.1	26401
SRR27421013.192868	NC_012149.1	31475
SRR27421013.73833	NC_012149.1	9356
SRR27421013.223571	NC_012149.1	5904
SRR27421013.226955	NC_012149.1	32307
SRR27421013.63230	NC_012149.1	31111
SRR27421013.109491	NC_012149.1	9243
SRR27421013.231408	NC_012149.1	11639
SRR27421013.75349	NC_012149.1	32408
SRR27421013.189362	NC_012149.1	6382
SRR27421013.274113	NC_012149.1	32352
SRR27421013.72475	NC_012149.1	10101
SRR27421013.228427	NC_012149.1	14862
SRR27421013.228263	NC_012149.1	14926
SRR27421013.82247	NC_012149.1	42754
SRR27421013.274369	NC_012149.1	16007
SRR27421013.40499	NC_012149.1	39519
SRR27421013.278273	NC_012149.1	31348
SRR27421013.120173	NC_012149.1	31298
SRR27421013.195214	NC_012149.1	33973
SRR27421013.143941	NC_012149.1	12734
SRR27421013.150382	NC_012149.1	8273
SRR27421013.194563	NC_012149.1	30262
SRR27421013.285724	NC_012149.1	6553
SRR27421013.132581	NC_012149.1	11464
SRR27421013.75741	NC_012149.1	31386
SRR27421013.37128	NC_012149.1	43368
SRR27421013.157664	NC_012149.1	23105
SRR27421013.101474	NC_012149.1	30114
SRR27421013.51369	NC_012149.1	11792
SRR27421013.251532	NC_012149.1	14629
SRR27421013.98281	NC_012149.1	30941
SRR27421013.96888	NC_012149.1	5159
SRR27421013.119039	NC_012149.1	32405
SRR27421013.87694	NC_012149.1	5135
SRR27421013.162884	NC_012149.1	32029
SRR27421013.210717	NC_012149.1	32489
SRR27421013.107772	NC_012149.1	26069
SRR27421013.123871	NC_012149.1	10326
SRR27421013.20437	NC_012149.1	19366
SRR27421013.194158	NC_012149.1	32312
SRR27421013.95905	NC_012149.1	14131
SRR27421013.97495	NC_012149.1	14118
SRR27421013.99675	NC_012149.1	31397
SRR27421013.124868	NC_012149.1	32269
SRR27421013.193863	NC_012149.1	32089
SRR27421013.194572	NC_012149.1	32164
SRR27421013.9138	NC_012149.1	7041
SRR27421013.10672	NC_012149.1	17968
SRR27421013.124809	NC_012149.1	7962
SRR27421013.97884	NC_012149.1	31316
SRR27421013.226936	NC_012149.1	31675
SRR27421013.265929	NC_012149.1	31344
SRR27421013.106622	NC_012149.1	31984
SRR27421013.242077	NC_012149.1	14559
SRR27421013.34087	NC_012149.1	15484
SRR27421013.14269	NC_012149.1	13015
SRR27421013.146832	NC_012149.1	32124
SRR27421013.155863	NC_012149.1	31186
SRR27421013.96423	NC_012149.1	8523
SRR27421013.285591	NC_012149.1	30311
SRR27421013.182212	NC_012149.1	8139
SRR27421013.224934	NC_012149.1	31957
SRR27421013.42241	NC_012149.1	32142
SRR27421013.255572	NC_012149.1	32076
SRR27421013.255312	NC_012149.1	31218
SRR27421013.175712	NC_012149.1	15821
SRR27421013.70294	NC_012149.1	13788
SRR27421013.287634	NC_012149.1	12673
SRR27421013.50219	NC_012149.1	32603
SRR27421013.1889	NC_012149.1	16301
SRR27421013.88657	NC_012149.1	19211
SRR27421013.25940	NC_012149.1	6709
SRR27421013.138232	NC_012149.1	12540
SRR27421013.190053	NC_012149.1	9815
SRR27421013.169565	NC_012149.1	8568
SRR27421013.99843	NC_012149.1	31760
SRR27421013.241422	NC_012149.1	26951
SRR27421013.272667	NC_012149.1	14678
SRR27421013.59153	NC_012149.1	15238
SRR27421013.162218	NC_012149.1	18302
SRR27421013.103234	NC_012149.1	18136
SRR27421013.57895	NC_012149.1	18487
SRR27421013.40558	NC_012149.1	20790
SRR27421013.156483	NC_012149.1	32411
SRR27421013.287205	NC_012149.1	10904
SRR27421013.180664	NC_012149.1	8884
SRR27421013.135721	NC_012149.1	28463
SRR27421013.225184	NC_012149.1	32650
SRR27421013.288102	NC_012149.1	31887
SRR27421013.84668	NC_012149.1	22061
SRR27421013.85760	NC_012149.1	22430
SRR27421013.121690	NC_012149.1	5812
SRR27421013.84148	NC_012149.1	10410
SRR27421013.39873	NC_012149.1	31188
SRR27421013.194653	NC_012149.1	31822
SRR27421013.76569	NC_012149.1	6600
SRR27421013.40153	NC_012149.1	15595
SRR27421013.97005	NC_012149.1	31912
SRR27421013.286242	NC_012149.1	30804
SRR27421013.145643	NC_012149.1	30374
SRR27421013.134201	NC_012149.1	14628
SRR27421013.266738	NC_012149.1	20861
SRR27421013.206107	NC_012149.1	8170
SRR27421013.3529	NC_012149.1	8585
SRR27421013.277208	NC_012149.1	13877
SRR27421013.276352	NC_012149.1	13861
SRR27421013.117623	NC_012149.1	9844
SRR27421013.6997	NC_012149.1	6484
SRR27421013.201834	NC_012149.1	18640
SRR27421013.75971	NC_012149.1	32188
SRR27421013.175658	NC_012149.1	5457
SRR27421013.235355	NC_012149.1	25400
SRR27421013.164405	NC_012149.1	5740
SRR27421013.217920	NC_012149.1	31104
SRR27421013.163512	NC_012149.1	8043
SRR27421013.43755	NC_012149.1	17730
SRR27421013.193803	NC_012149.1	26781
SRR27421013.145276	NC_012149.1	21497
SRR27421013.266077	NC_012149.1	31305
SRR27421013.43031	NC_012149.1	31346
SRR27421013.77085	NC_012149.1	5256
SRR27421013.195594	NC_012149.1	21533
SRR27421013.175311	NC_012149.1	31560
SRR27421013.281796	NC_012149.1	8342
SRR27421013.224086	NC_012149.1	32484
SRR27421013.21992	NC_012149.1	30144
SRR27421013.92911	NC_012149.1	13338
SRR27421013.204544	NC_012149.1	15507
SRR27421013.224344	NC_012149.1	30394
SRR27421013.107308	NC_012149.1	8423
SRR27421013.226514	NC_012149.1	34208
SRR27421013.145534	NC_012149.1	32230
SRR27421013.261078	NC_012149.1	63553
SRR27421013.43044	NC_012149.1	30618
SRR27421013.151172	NC_012149.1	5796
SRR27421013.225727	NC_012149.1	31783
SRR27421013.210653	NC_012149.1	31774
SRR27421013.277446	NC_012149.1	10376
SRR27421013.134615	NC_012149.1	12447
SRR27421013.211069	NC_012149.1	31788
SRR27421013.211308	NC_012149.1	27699
SRR27421013.226197	NC_012149.1	30987
SRR27421013.160644	NC_012149.1	16965
SRR27421013.258090	NC_012149.1	14450
SRR27421013.271656	NC_012149.1	13086
SRR27421013.168442	NC_012149.1	12940
SRR27421013.51071	NC_012149.1	31280
SRR27421013.195194	NC_012149.1	31459
SRR27421013.287457	NC_012149.1	31497
SRR27421013.236272	NC_012149.1	25081
SRR27421013.253094	NC_012149.1	16279
SRR27421013.83932	NC_012149.1	9322
SRR27421013.232976	NC_012149.1	9536
SRR27421013.219966	NC_012149.1	6137
SRR27421013.275459	NC_012149.1	32809
SRR27421013.221093	NC_012149.1	15772
SRR27421013.141551	NC_012149.1	16346
SRR27421013.266664	NC_012149.1	25995
SRR27421013.277089	NC_012149.1	10983
SRR27421013.224421	NC_012149.1	31226
SRR27421013.29288	NC_012149.1	31960
SRR27421013.191447	NC_012149.1	18963
SRR27421013.180405	NC_012149.1	30913
SRR27421013.47510	NC_012149.1	31282
SRR27421013.29484	NC_012149.1	31680
SRR27421013.213157	NC_012149.1	28729
SRR27421013.123697	NC_012149.1	40320
SRR27421013.15924	NC_012149.1	7715
SRR27421013.261122	NC_012149.1	13995
SRR27421013.247194	NC_012149.1	14140
SRR27421013.244975	NC_012149.1	14187
SRR27421013.225007	NC_012149.1	26715
SRR27421013.203086	NC_012149.1	25773
SRR27421013.36964	NC_012149.1	31337
SRR27421013.147575	NC_012149.1	32234
SRR27421013.258489	NC_012149.1	31843
SRR27421013.254924	NC_012149.1	15618
SRR27421013.224891	NC_012149.1	30744
SRR27421013.86902	NC_012149.1	23590
SRR27421013.174656	NC_012149.1	31804
SRR27421013.121965	NC_012149.1	31411
SRR27421013.134903	NC_012149.1	21873
SRR27421013.232920	NC_012149.1	19613
SRR27421013.266905	NC_012149.1	23340
SRR27421013.17371	NC_012149.1	5250
SRR27421013.173688	NC_012149.1	31782
SRR27421013.175429	NC_012149.1	31909
SRR27421013.129669	NC_012149.1	31661
SRR27421013.225574	NC_012149.1	31793
SRR27421013.192898	NC_012149.1	32351
SRR27421013.211480	NC_012149.1	31581
SRR27421013.284825	NC_012149.1	16153
SRR27421013.43760	NC_012149.1	32069
SRR27421013.174497	NC_012149.1	32688
SRR27421013.231646	NC_012149.1	15041
SRR27421013.233195	NC_012149.1	25885
SRR27421013.169449	NC_012149.1	18442
SRR27421013.213281	NC_012149.1	32001
SRR27421013.81979	NC_012149.1	7793
SRR27421013.56399	NC_012149.1	31413
SRR27421013.26412	NC_012149.1	17913
SRR27421013.79819	NC_012149.1	5523
SRR27421013.266881	NC_012149.1	20547
SRR27421013.267780	NC_012149.1	20298
SRR27421013.224937	NC_012149.1	22199
SRR27421013.72479	NC_012149.1	18956
SRR27421013.72940	NC_012149.1	18834
SRR27421013.189329	NC_012149.1	15675
SRR27421013.230575	NC_012149.1	11095
SRR27421013.127751	NC_012149.1	15632
SRR27421013.54378	NC_012149.1	30806
SRR27421013.219122	NC_012149.1	31292
SRR27421013.42277	NC_012149.1	32126
SRR27421013.72453	NC_012149.1	7079
SRR27421013.88137	NC_012149.1	10739
SRR27421013.221151	NC_012149.1	9378
SRR27421013.267409	NC_012149.1	31676
SRR27421013.146682	NC_012149.1	32176
SRR27421013.216161	NC_012149.1	28655
SRR27421013.226132	NC_012149.1	31333
SRR27421013.244679	NC_012149.1	25211
SRR27421013.22228	NC_012149.1	12146
SRR27421013.59743	NC_012149.1	17514
SRR27421013.21870	NC_012149.1	12920
SRR27421013.37219	NC_012149.1	5636
SRR27421013.137818	NC_012149.1	32100
SRR27421013.15581	NC_012149.1	5387
SRR27421013.48747	NC_012149.1	9056
SRR27421013.18642	NC_012149.1	21142
SRR27421013.256844	NC_012149.1	31447
SRR27421013.125887	NC_012149.1	26802
SRR27421013.157481	NC_012149.1	5522
SRR27421013.219495	NC_012149.1	31593
SRR27421013.135707	NC_012149.1	30894
SRR27421013.257751	NC_012149.1	64654
SRR27421013.100441	NC_012149.1	32020
SRR27421013.127967	NC_012149.1	15942
SRR27421013.277325	NC_012149.1	30958
SRR27421013.164336	NC_012149.1	31324
SRR27421013.122118	NC_012149.1	30776
SRR27421013.77793	NC_012149.1	31631
SRR27421013.211563	NC_012149.1	31475
SRR27421013.226969	NC_012149.1	31964
SRR27421013.195518	NC_012149.1	31813
SRR27421013.265195	NC_012149.1	27415
SRR27421013.99621	NC_012149.1	30939
SRR27421013.146753	NC_012149.1	30745
SRR27421013.217412	NC_012149.1	25253
SRR27421013.287954	NC_012149.1	31580
SRR27421013.83511	NC_012149.1	7633
SRR27421013.17692	NC_012149.1	10507
SRR27421013.105301	NC_012149.1	14471
SRR27421013.23434	NC_012149.1	25510
SRR27421013.236682	NC_012149.1	31682
SRR27421013.40542	NC_012149.1	31897
SRR27421013.226964	NC_012149.1	31881
SRR27421013.6738	NC_012149.1	12866
SRR27421013.43900	NC_012149.1	12789
SRR27421013.123193	NC_012149.1	31083
SRR27421013.106079	NC_012149.1	6940
SRR27421013.266888	NC_012149.1	32121
SRR27421013.101028	NC_012149.1	31908
SRR27421013.75339	NC_012149.1	32221
SRR27421013.153484	NC_012149.1	12385
SRR27421013.209933	NC_012149.1	30658
SRR27421013.49575	NC_012149.1	13212
SRR27421013.266447	NC_012149.1	9332
SRR27421013.156853	NC_012149.1	23800
SRR27421013.129287	NC_012149.1	27592
SRR27421013.12255	NC_012149.1	11505
SRR27421013.213405	NC_012149.1	31381
SRR27421013.32500	NC_012149.1	12254
SRR27421013.106225	NC_012149.1	5078
SRR27421013.121824	NC_012149.1	32013
SRR27421013.147518	NC_012149.1	31865
SRR27421013.209561	NC_012149.1	32307
SRR27421013.276373	NC_012149.1	32392
SRR27421013.226907	NC_012149.1	31836
SRR27421013.96809	NC_012149.1	31831
SRR27421013.209353	NC_012149.1	32157
SRR27421013.29919	NC_012149.1	32129
SRR27421013.210904	NC_012149.1	30929
SRR27421013.140186	NC_012149.1	7376
SRR27421013.147134	NC_012149.1	7594
SRR27421013.261441	NC_012149.1	31041
SRR27421013.245746	NC_012149.1	21128
SRR27421013.254673	NC_012149.1	5250
SRR27421013.161084	NC_012149.1	8670
SRR27421013.97235	NC_012149.1	31704
SRR27421013.254279	NC_012149.1	24169
SRR27421013.225132	NC_012149.1	31657
SRR27421013.235721	NC_012149.1	31945
SRR27421013.78842	NC_012149.1	12085
SRR27421013.99043	NC_012149.1	14493
SRR27421013.135321	NC_012149.1	24842
SRR27421013.151508	NC_012149.1	15279
SRR27421013.128947	NC_012149.1	9681
SRR27421013.160725	NC_012149.1	19854
SRR27421013.153866	NC_012149.1	23598
SRR27421013.118884	NC_012149.1	31730
SRR27421013.256107	NC_012149.1	16782
SRR27421013.257360	NC_012149.1	6354
SRR27421013.75184	NC_012149.1	32123
SRR27421013.37675	NC_012149.1	31989
SRR27421013.241586	NC_012149.1	8987
SRR27421013.155128	NC_012149.1	19323
SRR27421013.239575	NC_012149.1	6341
SRR27421013.177941	NC_012149.1	7396
SRR27421013.266693	NC_012149.1	10814
SRR27421013.38455	NC_012149.1	32581
SRR27421013.183537	NC_012149.1	8190
SRR27421013.74969	NC_012149.1	32056
SRR27421013.276396	NC_012149.1	32128
SRR27421013.41261	NC_012149.1	33896
SRR27421013.104774	NC_012149.1	33900
SRR27421013.172834	NC_012149.1	7481
SRR27421013.255446	NC_012149.1	31587
SRR27421013.275507	NC_012149.1	32058
SRR27421013.107507	NC_012149.1	7029
SRR27421013.260025	NC_012149.1	24207
SRR27421013.209663	NC_012149.1	32215
SRR27421013.262472	NC_012149.1	5223
SRR27421013.252239	NC_012149.1	5750
SRR27421013.208649	NC_012149.1	10049
SRR27421013.135973	NC_012149.1	13317
SRR27421013.223161	NC_012149.1	27287
SRR27421013.193372	NC_012149.1	30003
SRR27421013.27756	NC_012149.1	31695
SRR27421013.108070	NC_012149.1	7943
SRR27421013.53831	NC_012149.1	6490
SRR27421013.88865	NC_012149.1	13145
SRR27421013.81606	NC_012149.1	31833
SRR27421013.120721	NC_012149.1	32267
SRR27421013.192685	NC_012149.1	19359
SRR27421013.243521	NC_012149.1	8303
SRR27421013.208588	NC_012149.1	7613
SRR27421013.135171	NC_012149.1	10096
SRR27421013.75460	NC_012149.1	6106
SRR27421013.286647	NC_012149.1	28774
SRR27421013.3552	NC_012149.1	7487
SRR27421013.211562	NC_012149.1	32630
SRR27421013.165483	NC_012149.1	6722
SRR27421013.48014	NC_012149.1	8635
SRR27421013.122395	NC_012149.1	32015
SRR27421013.93234	NC_012149.1	16100
SRR27421013.288141	NC_012149.1	28044
SRR27421013.153352	NC_012149.1	5188
SRR27421013.19975	NC_012149.1	5151
SRR27421013.217563	NC_012149.1	20725
SRR27421013.122210	NC_012149.1	31625
SRR27421013.87809	NC_012149.1	6296
SRR27421013.157817	NC_012149.1	32271
SRR27421013.156331	NC_012149.1	32162
SRR27421013.220351	NC_012149.1	32276
SRR27421013.135632	NC_012149.1	31763
SRR27421013.54251	NC_012149.1	17015
SRR27421013.196203	NC_012149.1	32328
SRR27421013.97317	NC_012149.1	15088
SRR27421013.83360	NC_012149.1	31494
SRR27421013.10502	NC_012149.1	6141
SRR27421013.177594	NC_012149.1	23404
SRR27421013.177479	NC_012149.1	23356
SRR27421013.97213	NC_012149.1	15911
SRR27421013.263524	NC_012149.1	32382
SRR27421013.164761	NC_012149.1	10141
SRR27421013.53794	NC_012149.1	23990
SRR27421013.212007	NC_012149.1	11231
SRR27421013.32995	NC_012149.1	31537
SRR27421013.85946	NC_012149.1	26335
SRR27421013.104302	NC_012149.1	13752
SRR27421013.226849	NC_012149.1	23184
SRR27421013.15186	NC_012149.1	31441
SRR27421013.219762	NC_012149.1	30289
SRR27421013.265758	NC_012149.1	15214
SRR27421013.151845	NC_012149.1	6963
SRR27421013.50305	NC_012149.1	11265
SRR27421013.83244	NC_012149.1	8906
SRR27421013.205040	NC_012149.1	5097
SRR27421013.19153	NC_012149.1	5109
SRR27421013.233604	NC_012149.1	8076
SRR27421013.121673	NC_012149.1	15844
SRR27421013.43646	NC_012149.1	28463
SRR27421013.96470	NC_012149.1	31435
SRR27421013.265683	NC_012149.1	29919
SRR27421013.190773	NC_012149.1	25884
SRR27421013.217819	NC_012149.1	7272
SRR27421013.101320	NC_012149.1	29445
SRR27421013.38970	NC_012149.1	31846
SRR27421013.180059	NC_012149.1	32959
SRR27421013.263969	NC_012149.1	31596
SRR27421013.82148	NC_012149.1	31422
SRR27421013.28485	NC_012149.1	15151
SRR27421013.162543	NC_012149.1	31341
SRR27421013.75122	NC_012149.1	5787
SRR27421013.163019	NC_012149.1	31815
SRR27421013.67355	NC_012149.1	23626
SRR27421013.216741	NC_012149.1	28952
SRR27421013.125589	NC_012149.1	12693
SRR27421013.125506	NC_012149.1	7069
SRR27421013.104001	NC_012149.1	32226
SRR27421013.267610	NC_012149.1	24643
SRR27421013.2989	NC_012149.1	13181
SRR27421013.226413	NC_012149.1	7471
SRR27421013.227180	NC_012149.1	21659
SRR27421013.177592	NC_012149.1	10264
SRR27421013.257913	NC_012149.1	31054
SRR27421013.194637	NC_012149.1	22621
SRR27421013.1118	NC_012149.1	5435
SRR27421013.152838	NC_012149.1	29336
SRR27421013.151665	NC_012149.1	10833
SRR27421013.277875	NC_012149.1	28546
SRR27421013.104206	NC_012149.1	29785
SRR27421013.224604	NC_012149.1	31832
SRR27421013.212956	NC_012149.1	31622
SRR27421013.94328	NC_012149.1	19257
SRR27421013.257852	NC_012149.1	32056
SRR27421013.90611	NC_012149.1	5502
SRR27421013.107484	NC_012149.1	12892
SRR27421013.42199	NC_012149.1	20458
SRR27421013.83048	NC_012149.1	32832
SRR27421013.26252	NC_012149.1	25727
SRR27421013.265960	NC_012149.1	31709
SRR27421013.27529	NC_012149.1	10764
SRR27421013.237009	NC_012149.1	31963
SRR27421013.172253	NC_012149.1	27599
SRR27421013.172254	NC_012149.1	30052
SRR27421013.235562	NC_012149.1	30941
SRR27421013.193613	NC_012149.1	31065
SRR27421013.213332	NC_012149.1	31549
SRR27421013.165028	NC_012149.1	25306
SRR27421013.1868	NC_012149.1	25363
SRR27421013.276645	NC_012149.1	31490
SRR27421013.266815	NC_012149.1	27460
SRR27421013.137559	NC_012149.1	32072
SRR27421013.48833	NC_012149.1	32026
SRR27421013.120947	NC_012149.1	9386
SRR27421013.220470	NC_012149.1	33133
SRR27421013.226877	NC_012149.1	32360
SRR27421013.275332	NC_012149.1	31877
SRR27421013.210087	NC_012149.1	23259
SRR27421013.233483	NC_012149.1	7717
SRR27421013.260504	NC_012149.1	40693
SRR27421013.9208	NC_012149.1	13688
SRR27421013.211368	NC_012149.1	10533
SRR27421013.212311	NC_012149.1	10584
SRR27421013.38507	NC_012149.1	27110
SRR27421013.99293	NC_012149.1	17520
SRR27421013.106063	NC_012149.1	15245
SRR27421013.104345	NC_012149.1	31707
SRR27421013.288280	NC_012149.1	22443
SRR27421013.139609	NC_012149.1	22248
SRR27421013.148661	NC_012149.1	31103
SRR27421013.196344	NC_012149.1	8970
SRR27421013.169284	NC_012149.1	13241
SRR27421013.177243	NC_012149.1	14320
SRR27421013.193797	NC_012149.1	8071
SRR27421013.159832	NC_012149.1	25166
SRR27421013.162666	NC_012149.1	6159
SRR27421013.18212	NC_012149.1	9949
SRR27421013.255179	NC_012149.1	21965
SRR27421013.96310	NC_012149.1	46899
SRR27421013.64711	NC_012149.1	7407
SRR27421013.260347	NC_012149.1	32575
SRR27421013.261644	NC_012149.1	10856
SRR27421013.204642	NC_012149.1	12865
SRR27421013.107064	NC_012149.1	32402
SRR27421013.267660	NC_012149.1	30788
SRR27421013.241828	NC_012149.1	10843
SRR27421013.33849	NC_012149.1	22283
SRR27421013.252484	NC_012149.1	16028
SRR27421013.11188	NC_012149.1	11657
SRR27421013.171684	NC_012149.1	9792
SRR27421013.48309	NC_012149.1	5569
SRR27421013.287291	NC_012149.1	21872
SRR27421013.203210	NC_012149.1	5862
SRR27421013.285404	NC_012149.1	32386
SRR27421013.49625	NC_012149.1	32429
SRR27421013.50007	NC_012149.1	32211
SRR27421013.174737	NC_012149.1	8879
SRR27421013.254870	NC_012149.1	31148
SRR27421013.12311	NC_012149.1	15697
SRR27421013.158714	NC_012149.1	31756
SRR27421013.256254	NC_012149.1	9181
SRR27421013.209577	NC_012149.1	31134
SRR27421013.148655	NC_012149.1	31615
SRR27421013.27377	NC_012149.1	14988
SRR27421013.43180	NC_012149.1	32237
SRR27421013.104587	NC_012149.1	31339
SRR27421013.8835	NC_012149.1	24688
SRR27421013.238473	NC_012149.1	30701
SRR27421013.202775	NC_012149.1	6851
SRR27421013.147793	NC_012149.1	22339
SRR27421013.38672	NC_012149.1	32508
SRR27421013.86075	NC_012149.1	9550
SRR27421013.66610	NC_012149.1	7394
SRR27421013.80710	NC_012149.1	11823
SRR27421013.39068	NC_012149.1	32334
SRR27421013.173863	NC_012149.1	31989
SRR27421013.107707	NC_012149.1	9495
SRR27421013.211412	NC_012149.1	31535
SRR27421013.216822	NC_012149.1	5024
SRR27421013.144460	NC_012149.1	10552
SRR27421013.23667	NC_012149.1	7054
SRR27421013.94922	NC_012149.1	32434
SRR27421013.227211	NC_012149.1	31775
SRR27421013.89459	NC_012149.1	21213
SRR27421013.89491	NC_012149.1	13622
SRR27421013.39936	NC_012149.1	31741
SRR27421013.257993	NC_012149.1	32326
SRR27421013.276202	NC_012149.1	10950
SRR27421013.216241	NC_012149.1	11848
SRR27421013.282232	NC_012149.1	6351
SRR27421013.220573	NC_012149.1	22991
SRR27421013.5652	NC_012149.1	32638
SRR27421013.226531	NC_012149.1	27046
SRR27421013.220055	NC_012149.1	27240
SRR27421013.194884	NC_012149.1	28809
SRR27421013.119518	NC_012149.1	25778
SRR27421013.253481	NC_012149.1	20284
SRR27421013.128825	NC_012149.1	31290
SRR27421013.272042	NC_012149.1	10868
SRR27421013.123316	NC_012149.1	23455
SRR27421013.213146	NC_012149.1	63260
SRR27421013.146964	NC_012149.1	32439
SRR27421013.265948	NC_012149.1	8124
SRR27421013.226173	NC_012149.1	31635
SRR27421013.209410	NC_012149.1	15339
SRR27421013.219009	NC_012149.1	5932
SRR27421013.11509	NC_012149.1	22800
SRR27421013.51933	NC_012149.1	15428
SRR27421013.2233	NC_012149.1	20334
SRR27421013.264907	NC_012149.1	30616
SRR27421013.13278	NC_012149.1	11663
SRR27421013.76686	NC_012149.1	46163
SRR27421013.98241	NC_012149.1	31733
SRR27421013.55642	NC_012149.1	10929
SRR27421013.143370	NC_012149.1	26558
SRR27421013.99318	NC_012149.1	30629
SRR27421013.223781	NC_012149.1	17145
SRR27421013.41532	NC_012149.1	18438
SRR27421013.140792	NC_012149.1	9069
SRR27421013.175075	NC_012149.1	33214
SRR27421013.41565	NC_012149.1	33687
SRR27421013.100918	NC_012149.1	5914
SRR27421013.258791	NC_012149.1	10338
SRR27421013.164410	NC_012149.1	31613
SRR27421013.39042	NC_012149.1	18794
SRR27421013.214342	NC_012149.1	15970
SRR27421013.288100	NC_012149.1	32853
SRR27421013.266793	NC_012149.1	31418
SRR27421013.190166	NC_012149.1	18770
SRR27421013.118261	NC_012149.1	5068
SRR27421013.163235	NC_012149.1	21695
SRR27421013.157125	NC_012149.1	5052
SRR27421013.225967	NC_012149.1	31622
SRR27421013.33759	NC_012149.1	13521
SRR27421013.122067	NC_012149.1	28670
SRR27421013.76480	NC_012149.1	38555
SRR27421013.211588	NC_012149.1	62136
SRR27421013.166868	NC_012149.1	19227
SRR27421013.131523	NC_012149.1	32322
SRR27421013.209487	NC_012149.1	32547
SRR27421013.145539	NC_012149.1	31282
SRR27421013.38518	NC_012149.1	31545
SRR27421013.255518	NC_012149.1	20014
SRR27421013.260651	NC_012149.1	31983
SRR27421013.230371	NC_012149.1	5932
SRR27421013.105981	NC_012149.1	7819
SRR27421013.145875	NC_012149.1	32149
SRR27421013.235985	NC_012149.1	31473
SRR27421013.184273	NC_012149.1	20876
SRR27421013.9711	NC_012149.1	17775
SRR27421013.195856	NC_012149.1	6039
SRR27421013.251844	NC_012149.1	13631
SRR27421013.197912	NC_012149.1	23031
SRR27421013.61448	NC_012149.1	23550
SRR27421013.22337	NC_012149.1	6460
SRR27421013.246993	NC_012149.1	7861
SRR27421013.200519	NC_012149.1	7331
SRR27421013.102298	NC_012149.1	12283
SRR27421013.172266	NC_012149.1	6644
SRR27421013.123397	NC_012149.1	27139
SRR27421013.260781	NC_012149.1	11686
SRR27421013.145597	NC_012149.1	31641
SRR27421013.258538	NC_012149.1	21751
SRR27421013.84511	NC_012149.1	9189
SRR27421013.148478	NC_012149.1	31462
SRR27421013.157193	NC_012149.1	20527
SRR27421013.195621	NC_012149.1	12085
SRR27421013.120150	NC_012149.1	31645
SRR27421013.264856	NC_012149.1	5010
SRR27421013.287387	NC_012149.1	24464
SRR27421013.129674	NC_012149.1	32174
SRR27421013.83756	NC_012149.1	21801
SRR27421013.76324	NC_012149.1	32063
SRR27421013.260400	NC_012149.1	63487
SRR27421013.212943	NC_012149.1	31025
SRR27421013.5152	NC_012149.1	9255
SRR27421013.96982	NC_012149.1	10374
SRR27421013.200276	NC_012149.1	32237
SRR27421013.221044	NC_012149.1	7819
SRR27421013.193931	NC_012149.1	20114
SRR27421013.214340	NC_012149.1	21665
SRR27421013.206177	NC_012149.1	31318
SRR27421013.213213	NC_012149.1	31515
SRR27421013.258961	NC_012149.1	19914
SRR27421013.242950	NC_012149.1	8857
SRR27421013.226753	NC_012149.1	31912
SRR27421013.134927	NC_012149.1	5978
SRR27421013.209579	NC_012149.1	28456
SRR27421013.48655	NC_012149.1	31606
SRR27421013.182063	NC_012149.1	9918
SRR27421013.127459	NC_012149.1	31183
SRR27421013.209409	NC_012149.1	24476
SRR27421013.78259	NC_012149.1	21072
SRR27421013.162046	NC_012149.1	30418
SRR27421013.48414	NC_012149.1	31453
SRR27421013.105704	NC_012149.1	31910
SRR27421013.165531	NC_012149.1	18960
SRR27421013.172476	NC_012149.1	14647
SRR27421013.136182	NC_012149.1	17472
SRR27421013.277897	NC_012149.1	31046
SRR27421013.202913	NC_012149.1	7622
SRR27421013.287573	NC_012149.1	24466
SRR27421013.68026	NC_012149.1	16622
SRR27421013.207161	NC_012149.1	5013
SRR27421013.137142	NC_012149.1	22508
SRR27421013.190904	NC_012149.1	19144
SRR27421013.196385	NC_012149.1	21762
SRR27421013.97483	NC_012149.1	7017
SRR27421013.41978	NC_012149.1	10245
SRR27421013.173583	NC_012149.1	31799
SRR27421013.123572	NC_012149.1	32199
SRR27421013.63101	NC_012149.1	17587
SRR27421013.168318	NC_012149.1	10603
SRR27421013.35105	NC_012149.1	19176
SRR27421013.226338	NC_012149.1	31910
SRR27421013.40478	NC_012149.1	19348
SRR27421013.12404	NC_012149.1	17244
SRR27421013.391	NC_012149.1	8446
SRR27421013.285680	NC_012149.1	18214
SRR27421013.50060	NC_012149.1	19136
SRR27421013.148145	NC_012149.1	25899
SRR27421013.202404	NC_012149.1	21547
SRR27421013.192654	NC_012149.1	31547
SRR27421013.209700	NC_012149.1	31099
SRR27421013.209583	NC_012149.1	5648
SRR27421013.146889	NC_012149.1	31194
SRR27421013.27169	NC_012149.1	7071
SRR27421013.256106	NC_012149.1	10455
SRR27421013.163520	NC_012149.1	62751
SRR27421013.124735	NC_012149.1	44511
SRR27421013.233851	NC_012149.1	21184
SRR27421013.257664	NC_012149.1	31880
SRR27421013.195693	NC_012149.1	31222
SRR27421013.144476	NC_012149.1	10527
SRR27421013.4641	NC_012149.1	23712
SRR27421013.181461	NC_012149.1	32085
SRR27421013.96966	NC_012149.1	31491
SRR27421013.240792	NC_012149.1	5653
SRR27421013.262642	NC_012149.1	17617
SRR27421013.88542	NC_012149.1	18144
SRR27421013.81828	NC_012149.1	32627
SRR27421013.211370	NC_012149.1	32144
SRR27421013.77131	NC_012149.1	9060
SRR27421013.99551	NC_012149.1	18416
SRR27421013.167615	NC_012149.1	17908
SRR27421013.129227	NC_012149.1	18163
SRR27421013.154609	NC_012149.1	5016
SRR27421013.75578	NC_012149.1	21119
SRR27421013.171109	NC_012149.1	9643
SRR27421013.147177	NC_012149.1	34249
SRR27421013.125020	NC_012149.1	32707
SRR27421013.274309	NC_012149.1	16273
SRR27421013.196718	NC_012149.1	17997
SRR27421013.135344	NC_012149.1	10577
SRR27421013.263229	NC_012149.1	9263
SRR27421013.125392	NC_012149.1	20537
SRR27421013.163029	NC_012149.1	11362
SRR27421013.197068	NC_012149.1	16376
SRR27421013.49360	NC_012149.1	31936
SRR27421013.150581	NC_012149.1	30408
SRR27421013.237970	NC_012149.1	16022
SRR27421013.234556	NC_012149.1	31344
SRR27421013.147842	NC_012149.1	32210
SRR27421013.218052	NC_012149.1	31943
SRR27421013.278004	NC_012149.1	11936
SRR27421013.13468	NC_012149.1	16752
SRR27421013.26864	NC_012149.1	11688
SRR27421013.226049	NC_012149.1	18327
SRR27421013.262231	NC_012149.1	5657
SRR27421013.235936	NC_012149.1	21055
SRR27421013.76899	NC_012149.1	30820
SRR27421013.224693	NC_012149.1	40992
SRR27421013.160893	NC_012149.1	17649
SRR27421013.119907	NC_012149.1	5487
SRR27421013.189358	NC_012149.1	20961
SRR27421013.191590	NC_012149.1	27906
SRR27421013.97066	NC_012149.1	18629
SRR27421013.220405	NC_012149.1	31049
SRR27421013.237859	NC_012149.1	15713
SRR27421013.181991	NC_012149.1	32368
SRR27421013.123385	NC_012149.1	22723
SRR27421013.220560	NC_012149.1	23748
SRR27421013.118702	NC_012149.1	31316
SRR27421013.275060	NC_012149.1	27980
SRR27421013.277033	NC_012149.1	21353
SRR27421013.120015	NC_012149.1	31179
SRR27421013.123086	NC_012149.1	7227
SRR27421013.221036	NC_012149.1	8123
SRR27421013.258292	NC_012149.1	5759
SRR27421013.187416	NC_012149.1	14034
SRR27421013.28725	NC_012149.1	39488
SRR27421013.163324	NC_012149.1	16997
SRR27421013.138803	NC_012149.1	11579
SRR27421013.119051	NC_012149.1	32897
SRR27421013.14631	NC_012149.1	16755
SRR27421013.100173	NC_012149.1	8779
SRR27421013.224163	NC_012149.1	31159
SRR27421013.180649	NC_012149.1	24223
SRR27421013.155196	NC_012149.1	11154
SRR27421013.162397	NC_012149.1	31473
SRR27421013.32594	NC_012149.1	19827
SRR27421013.228376	NC_012149.1	22849
SRR27421013.180102	NC_012149.1	19713
SRR27421013.219089	NC_012149.1	20578
SRR27421013.194370	NC_012149.1	30444
SRR27421013.213162	NC_012149.1	10527
SRR27421013.226373	NC_012149.1	31860
SRR27421013.10659	NC_012149.1	10634
SRR27421013.111723	NC_012149.1	14986
SRR27421013.236506	NC_012149.1	31547
SRR27421013.49570	NC_012149.1	31556
SRR27421013.82668	NC_012149.1	32701
SRR27421013.27997	NC_012149.1	32135
SRR27421013.255428	NC_012149.1	32548
SRR27421013.82952	NC_012149.1	20059
SRR27421013.140818	NC_012149.1	13905
SRR27421013.136753	NC_012149.1	31711
SRR27421013.77034	NC_012149.1	12667
SRR27421013.40149	NC_012149.1	43161
SRR27421013.122334	NC_012149.1	5345
SRR27421013.71286	NC_012149.1	16679
SRR27421013.150050	NC_012149.1	14072
SRR27421013.224509	NC_012149.1	31829
SRR27421013.184083	NC_012149.1	7652
SRR27421013.275184	NC_012149.1	10320
SRR27421013.123708	NC_012149.1	31448
SRR27421013.48784	NC_012149.1	31775
SRR27421013.48785	NC_012149.1	31702
SRR27421013.261994	NC_012149.1	39631
SRR27421013.15274	NC_012149.1	22282
SRR27421013.128635	NC_012149.1	31878
SRR27421013.216677	NC_012149.1	17062
SRR27421013.211889	NC_012149.1	30201
SRR27421013.118859	NC_012149.1	18131
SRR27421013.184120	NC_012149.1	7911
SRR27421013.175076	NC_012149.1	31352
SRR27421013.214088	NC_012149.1	7367
SRR27421013.167446	NC_012149.1	14611
SRR27421013.96029	NC_012149.1	15925
SRR27421013.162701	NC_012149.1	21945
SRR27421013.158028	NC_012149.1	19507
SRR27421013.9260	NC_012149.1	15115
SRR27421013.172318	NC_012149.1	32108
SRR27421013.28090	NC_012149.1	32746
SRR27421013.40145	NC_012149.1	31928
SRR27421013.50055	NC_012149.1	13488
SRR27421013.130017	NC_012149.1	32304
SRR27421013.230009	NC_012149.1	24389
SRR27421013.97304	NC_012149.1	27249
SRR27421013.104903	NC_012149.1	11077
SRR27421013.158542	NC_012149.1	8525
SRR27421013.126539	NC_012149.1	21111
SRR27421013.111459	NC_012149.1	13801
SRR27421013.107186	NC_012149.1	10549
SRR27421013.227298	NC_012149.1	37989
SRR27421013.100887	NC_012149.1	16116
SRR27421013.10578	NC_012149.1	6298
SRR27421013.88440	NC_012149.1	6783
SRR27421013.216314	NC_012149.1	24062
SRR27421013.240408	NC_012149.1	14805
SRR27421013.244648	NC_012149.1	9542
SRR27421013.124081	NC_012149.1	24945
SRR27421013.218152	NC_012149.1	31529
SRR27421013.73959	NC_012149.1	13033
SRR27421013.75607	NC_012149.1	31920
SRR27421013.258676	NC_012149.1	5440
SRR27421013.159102	NC_012149.1	22574
SRR27421013.142226	NC_012149.1	9359
SRR27421013.136908	NC_012149.1	5440
SRR27421013.106547	NC_012149.1	18373
SRR27421013.180378	NC_012149.1	29317
SRR27421013.79850	NC_012149.1	15676
SRR27421013.125195	NC_012149.1	17481
SRR27421013.237594	NC_012149.1	31326
SRR27421013.61048	NC_012149.1	6274
SRR27421013.15942	NC_012149.1	22943
SRR27421013.69966	NC_012149.1	13821
SRR27421013.99557	NC_012149.1	14204
SRR27421013.102775	NC_012149.1	19665
SRR27421013.63538	NC_012149.1	14132
SRR27421013.114134	NC_012149.1	18127
SRR27421013.268106	NC_012149.1	11991
SRR27421013.92895	NC_012149.1	27265
SRR27421013.52688	NC_012149.1	16496
SRR27421013.136203	NC_012149.1	8040
SRR27421013.131102	NC_012149.1	11958
SRR27421013.227824	NC_012149.1	6805
SRR27421013.29753	NC_012149.1	22469
SRR27421013.76473	NC_012149.1	14939
SRR27421013.208563	NC_012149.1	18134
SRR27421013.80813	NC_012149.1	19085
SRR27421013.104114	NC_012149.1	14986
SRR27421013.288115	NC_012149.1	23274
SRR27421013.247468	NC_012149.1	12102
SRR27421013.207698	NC_012149.1	15337
SRR27421013.27918	NC_012149.1	31936
SRR27421013.39713	NC_012149.1	13702
SRR27421013.116359	NC_012149.1	12934
SRR27421013.122189	NC_012149.1	9745
SRR27421013.56662	NC_012149.1	5210
SRR27421013.135064	NC_012149.1	10010
SRR27421013.191442	NC_012149.1	17351
SRR27421013.76714	NC_012149.1	22429
SRR27421013.243687	NC_012149.1	15082
SRR27421013.6764	NC_012149.1	18051
SRR27421013.47369	NC_012149.1	12042
SRR27421013.176915	NC_012149.1	12816
SRR27421013.27833	NC_012149.1	12700
SRR27421013.167031	NC_012149.1	10190
SRR27421013.30993	NC_012149.1	13734
SRR27421013.177505	NC_012149.1	16499
SRR27421013.149602	NC_012149.1	17522
SRR27421013.279564	NC_012149.1	11377
SRR27421013.161069	NC_012149.1	13341
SRR27421013.3604	NC_012149.1	15565
SRR27421013.284357	NC_012149.1	15300
SRR27421013.136636	NC_012149.1	21031
SRR27421013.74028	NC_012149.1	23852
SRR27421013.225257	NC_012149.1	11577
SRR27421013.70013	NC_012149.1	5132
SRR27421013.251710	NC_012149.1	17059
SRR27421013.17943	NC_012149.1	15474
SRR27421013.229279	NC_012149.1	11804
SRR27421013.76304	NC_012149.1	17082
SRR27421013.71833	NC_012149.1	14077
SRR27421013.262922	NC_012149.1	12206
SRR27421013.140826	NC_012149.1	5013
SRR27421013.257189	NC_012149.1	13123
SRR27421013.277380	NC_012149.1	10465
SRR27421013.106099	NC_012149.1	11329
SRR27421013.247732	NC_012149.1	21783
SRR27421013.239863	NC_012149.1	13444
SRR27421013.77490	NC_012149.1	10684
SRR27421013.136374	NC_012149.1	18558
SRR27421013.158113	NC_012149.1	15092
SRR27421013.211357	NC_012149.1	17381
SRR27421013.107335	NC_012149.1	12111
SRR27421013.149661	NC_012149.1	22769
SRR27421013.49175	NC_012149.1	12099
SRR27421013.50396	NC_012149.1	12083
SRR27421013.285758	NC_012149.1	17749
SRR27421013.249816	NC_012149.1	18318
SRR27421013.281269	NC_012149.1	13574
SRR27421013.220862	NC_012149.1	10988
SRR27421013.256255	NC_012149.1	7766
SRR27421013.53705	NC_012149.1	9468
SRR27421013.267199	NC_012149.1	11592
SRR27421013.192242	NC_012149.1	11931
SRR27421013.30379	NC_012149.1	20793
SRR27421013.223965	NC_012149.1	10611
SRR27421013.283336	NC_012149.1	10672
SRR27421013.95138	NC_012149.1	10047
SRR27421013.111404	NC_012149.1	16454
SRR27421013.242383	NC_012149.1	15195
SRR27421013.255456	NC_012149.1	9712
SRR27421013.59394	NC_012149.1	17403
SRR27421013.102436	NC_012149.1	21545
SRR27421013.212999	NC_012149.1	17019
SRR27421013.169321	NC_012149.1	12013
SRR27421013.137500	NC_012149.1	21026
SRR27421013.82149	NC_012149.1	14525
SRR27421013.28953	NC_012149.1	14795
SRR27421013.111976	NC_012149.1	10741
SRR27421013.144872	NC_012149.1	8181
SRR27421013.205589	NC_012149.1	7871
SRR27421013.225558	NC_012149.1	5779
SRR27421013.185303	NC_012149.1	15434
SRR27421013.235251	NC_012149.1	11792
SRR27421013.190133	NC_012149.1	15397
SRR27421013.97344	NC_012149.1	8987
SRR27421013.134802	NC_012149.1	12110
SRR27421013.254216	NC_012149.1	13015
SRR27421013.242386	NC_012149.1	15465
SRR27421013.182411	NC_012149.1	19030
SRR27421013.10961	NC_012149.1	9263
SRR27421013.166202	NC_012149.1	10320
SRR27421013.30507	NC_012149.1	9669
SRR27421013.203124	NC_012149.1	11160
SRR27421013.251009	NC_012149.1	15548
SRR27421013.236516	NC_012149.1	18717
SRR27421013.159251	NC_012149.1	14121
SRR27421013.260607	NC_012149.1	15618
SRR27421013.261191	NC_012149.1	8361
SRR27421013.121007	NC_012149.1	7038
SRR27421013.13143	NC_012149.1	14599
SRR27421013.143951	NC_012149.1	11053
SRR27421013.39138	NC_012149.1	16379
SRR27421013.30335	NC_012149.1	12001
SRR27421013.40747	NC_012149.1	15746
SRR27421013.245550	NC_012149.1	8702
SRR27421013.228813	NC_012149.1	5691
SRR27421013.103432	NC_012149.1	9387
SRR27421013.24916	NC_012149.1	19262
SRR27421013.275582	NC_012149.1	14492
SRR27421013.190688	NC_012149.1	16275
SRR27421013.15996	NC_012149.1	10092
SRR27421013.22908	NC_012149.1	11334
SRR27421013.146348	NC_012149.1	10922
SRR27421013.268504	NC_012149.1	12355
SRR27421013.26121	NC_012149.1	7901
SRR27421013.233790	NC_012149.1	12268
SRR27421013.101574	NC_012149.1	9784
SRR27421013.240570	NC_012149.1	7635
SRR27421013.77334	NC_012149.1	11327
SRR27421013.65963	NC_012149.1	5881
SRR27421013.181335	NC_012149.1	8983
SRR27421013.15776	NC_012149.1	9114
SRR27421013.166701	NC_012149.1	10013
SRR27421013.191539	NC_012149.1	9717
SRR27421013.94953	NC_012149.1	7899
SRR27421013.150773	NC_012149.1	16025
SRR27421013.1725	NC_012149.1	14426
SRR27421013.158612	NC_012149.1	5310
SRR27421013.94533	NC_012149.1	9468
SRR27421013.221864	NC_012149.1	11952
SRR27421013.30770	NC_012149.1	6808
SRR27421013.9463	NC_012149.1	9162
SRR27421013.105243	NC_012149.1	5280
SRR27421013.185238	NC_012149.1	7815
SRR27421013.73354	NC_012149.1	8491
SRR27421013.195329	NC_012149.1	18431
SRR27421013.33995	NC_012149.1	10317
SRR27421013.140009	NC_012149.1	8122
SRR27421013.163448	NC_012149.1	9681
SRR27421013.36626	NC_012149.1	15725
SRR27421013.199547	NC_012149.1	12689
SRR27421013.128263	NC_012149.1	13324
SRR27421013.64263	NC_012149.1	5566
SRR27421013.3724	NC_012149.1	9524
SRR27421013.230394	NC_012149.1	6535
SRR27421013.129237	NC_012149.1	7963
SRR27421013.202087	NC_012149.1	9906
SRR27421013.13121	NC_012149.1	13390
SRR27421013.160574	NC_012149.1	7545
SRR27421013.27289	NC_012149.1	11147
SRR27421013.48039	NC_012149.1	5547
SRR27421013.49867	NC_012149.1	5528
SRR27421013.84329	NC_012149.1	8045
SRR27421013.188713	NC_012149.1	6011
SRR27421013.278346	NC_012149.1	10075
SRR27421013.251076	NC_012149.1	13455
SRR27421013.86194	NC_012149.1	8328
SRR27421013.168277	NC_012149.1	14603
SRR27421013.261304	NC_012149.1	13609
SRR27421013.175083	NC_012149.1	7140
SRR27421013.274483	NC_012149.1	5753
SRR27421013.202117	NC_012149.1	5399
SRR27421013.47178	NC_012149.1	5341
SRR27421013.156262	NC_012149.1	9260
SRR27421013.272644	NC_012149.1	5209
SRR27421013.273652	NC_012149.1	5165
SRR27421013.198158	NC_012149.1	5397
SRR27421013.8054	NC_012149.1	7874
SRR27421013.127898	NC_012149.1	12616
SRR27421013.83727	NC_012149.1	5959
SRR27421013.77929	NC_012149.1	13020
SRR27421013.18676	NC_012149.1	10971
SRR27421013.273616	NC_012149.1	11701
SRR27421013.228918	NC_012149.1	10566
SRR27421013.123865	NC_012149.1	5569
SRR27421013.93053	NC_012149.1	5757
SRR27421013.185812	NC_012149.1	7157
SRR27421013.241497	NC_012149.1	10889
SRR27421013.99027	NC_012149.1	6070
SRR27421013.271403	NC_012149.1	9411
SRR27421013.43742	NC_012149.1	5581
SRR27421013.207205	NC_012149.1	5947
SRR27421013.33571	NC_012149.1	12064
SRR27421013.260447	NC_012149.1	10686
SRR27421013.104252	NC_012149.1	6934
SRR27421013.18702	NC_012149.1	5476
SRR27421013.61757	NC_012149.1	6371
SRR27421013.138017	NC_012149.1	7413
SRR27421013.128206	NC_012149.1	7447
SRR27421013.150425	NC_012149.1	6799
SRR27421013.188829	NC_012149.1	8281
SRR27421013.244958	NC_012149.1	13152
SRR27421013.153479	NC_012149.1	8171
SRR27421013.142044	NC_012149.1	11229
SRR27421013.118105	NC_012149.1	5288
SRR27421013.260698	NC_012149.1	11359
SRR27421013.118504	NC_012149.1	5596
SRR27421013.125646	NC_012149.1	6076
SRR27421013.20038	NC_012149.1	6716
SRR27421013.78136	NC_012149.1	9721
SRR27421013.223393	NC_012149.1	5928
SRR27421013.136662	NC_012149.1	9668
SRR27421013.234370	NC_012149.1	8430
SRR27421013.153053	NC_012149.1	9000
SRR27421013.198890	NC_012149.1	8724
SRR27421013.192434	NC_012149.1	8723
SRR27421013.219116	NC_012149.1	6607
SRR27421013.121083	NC_012149.1	9424
SRR27421013.126274	NC_012149.1	6603
SRR27421013.135771	NC_012149.1	6396
SRR27421013.195425	NC_012149.1	8483
SRR27421013.124867	NC_012149.1	6628
SRR27421013.186197	NC_012149.1	6215
SRR27421013.285634	NC_012149.1	7858
SRR27421013.230622	NC_012149.1	6237
SRR27421013.3899	NC_012149.1	7264
SRR27421013.163231	NC_012149.1	6173
SRR27421013.239617	NC_012149.1	13987
SRR27421013.185522	NC_012149.1	5050
SRR27421013.98467	NC_012149.1	6215
SRR27421013.160358	NC_012149.1	5269
SRR27421013.43563	NC_012149.1	6231
SRR27421013.209134	NC_012149.1	5470
SRR27421013.225006	NC_012149.1	6399
SRR27421013.150871	NC_012149.1	5077
SRR27421013.213261	NC_012149.1	5262
SRR27421013.226131	NC_012149.1	5327
SRR27421013.235190	NC_012149.1	6046
SRR27421013.199871	NC_012149.1	7082
SRR27421013.51712	NC_012149.1	7272
SRR27421013.236744	NC_012149.1	6769
SRR27421013.137799	NC_012149.1	6824
SRR27421013.228731	NC_012149.1	6709
SRR27421013.286498	NC_012149.1	5862
SRR27421013.121635	NC_012149.1	5384
SRR27421013.174996	NC_012149.1	6640
SRR27421013.85207	NC_012149.1	14068
SRR27421013.265849	NC_012149.1	8397
SRR27421013.254839	NC_012149.1	6194
SRR27421013.135570	NC_012149.1	6634
SRR27421013.127678	NC_012149.1	6112
SRR27421013.274151	NC_012149.1	7162
SRR27421013.111447	NC_012227.1	10610
SRR27421013.229801	NC_012227.1	6469
SRR27421013.288339	NC_012227.1	10527
SRR27421013.149708	NC_012202.1	6920
SRR27421013.166046	NC_012202.1	6818
SRR27421013.168086	NC_012202.1	6776
SRR27421013.151658	NC_012202.1	7662
SRR27421013.18886	NC_012202.1	6815
SRR27421013.139163	NC_012170.1	7106
SRR27421013.236942	NC_012170.1	7567
SRR27421013.238930	NC_012170.1	9611
SRR27421013.268730	NC_012170.1	6746
SRR27421013.157505	NC_012170.1	6794
SRR27421013.69337	NC_012170.1	6492
SRR27421013.29958	NC_012194.1	5158
SRR27421013.83300	NC_012194.1	8245
SRR27421013.183540	NC_012194.1	9404
SRR27421013.200454	NC_012194.1	7846
SRR27421013.236295	NC_012194.1	5183
SRR27421013.158415	NC_012194.1	8017
SRR27421013.271020	NC_012194.1	7541
SRR27421013.276510	NC_012194.1	6706
SRR27421013.162337	NC_012194.1	6721
SRR27421013.240342	NC_012194.1	10263
SRR27421013.192096	NC_012194.1	6215
SRR27421013.48767	NC_012194.1	6891
SRR27421013.2461	NC_012194.1	6358
SRR27421013.277337	NC_012194.1	7067
SRR27421013.145669	NC_012194.1	6767
SRR27421013.146745	NC_012194.1	6779
SRR27421013.3368	NC_012194.1	6975
SRR27421013.256919	NC_012194.1	5498
SRR27421013.77375	NC_012194.1	5910
SRR27421013.123154	NC_012194.1	5071
SRR27421013.149937	NC_012194.1	5011
SRR27421013.96442	NC_012194.1	6066
SRR27421013.195432	NC_012194.1	8101
SRR27421013.173350	NC_012194.1	5646
SRR27421013.65410	NC_012194.1	8046
SRR27421013.210224	NC_012194.1	7029
SRR27421013.258348	NC_012194.1	6581
SRR27421013.51975	NC_012194.1	5757
SRR27421013.286776	NC_012194.1	7447
SRR27421013.32040	NC_012194.1	6202
SRR27421013.209934	NC_012194.1	7428
SRR27421013.142802	NC_012194.1	6904
SRR27421013.288444	NC_012194.1	5989
SRR27421013.171775	NC_012194.1	7531
SRR27421013.283531	NC_012194.1	12818
SRR27421013.107046	NC_012194.1	6000
SRR27421013.19460	NC_012194.1	6697
SRR27421013.87488	NC_012194.1	6371
SRR27421013.86813	NC_012194.1	6334
SRR27421013.25134	NC_012194.1	7129
SRR27421013.231736	NC_012194.1	6236
SRR27421013.74746	NC_012194.1	6525
SRR27421013.89534	NC_012194.1	6300
SRR27421013.189835	NC_012194.1	7898
SRR27421013.198963	NC_012194.1	5685
SRR27421013.240451	NC_012194.1	7462
SRR27421013.12937	NC_012194.1	6191
SRR27421013.219720	NC_012194.1	7287
SRR27421013.283835	NC_012194.1	6329
SRR27421013.17268	NC_012194.1	7304
SRR27421013.52551	NC_012194.1	6813
SRR27421013.148618	NC_012194.1	5458
SRR27421013.158758	NC_012194.1	7486
SRR27421013.17741	NC_012194.1	6706
SRR27421013.191676	NC_012194.1	6619
SRR27421013.79292	NC_012194.1	6486
SRR27421013.13706	NC_012194.1	5510
SRR27421013.266182	NC_012194.1	8186
SRR27421013.57902	NC_012194.1	6924
SRR27421013.25819	NC_012194.1	25239
SRR27421013.233788	NC_012194.1	6469
SRR27421013.170590	NC_012194.1	7301
SRR27421013.185414	NC_012194.1	6916
SRR27421013.5033	NC_012194.1	7252
SRR27421013.92212	NC_012194.1	6845
SRR27421013.118786	NC_012194.1	5791
SRR27421013.220524	NC_012194.1	5946
SRR27421013.150563	NC_012194.1	8160
SRR27421013.92837	NC_012194.1	7454
SRR27421013.255391	NC_012194.1	6034
SRR27421013.200671	NC_012194.1	6805
SRR27421013.201341	NC_012194.1	6770
SRR27421013.190951	NC_012194.1	7002
SRR27421013.108772	NC_012194.1	7299
SRR27421013.245013	NC_012194.1	6692
SRR27421013.189126	NC_012194.1	5769
SRR27421013.114428	NC_012194.1	6550
SRR27421013.268294	NC_012194.1	6215
SRR27421013.77946	NC_012194.1	7682
SRR27421013.262278	NC_012194.1	5541
SRR27421013.263209	NC_012194.1	5546
SRR27421013.89692	NC_012194.1	6263
SRR27421013.244841	NC_012194.1	5685
SRR27421013.207294	NC_012194.1	7778
SRR27421013.175469	NC_012194.1	6374
SRR27421013.219042	NC_012194.1	5680
SRR27421013.110655	NC_012194.1	6346
SRR27421013.18395	NC_012194.1	6759
SRR27421013.157834	NC_012194.1	6983
SRR27421013.157835	NC_012194.1	7020
SRR27421013.168994	NC_012194.1	6377
SRR27421013.53744	NC_012194.1	5614
SRR27421013.28518	NC_012194.1	6906
SRR27421013.283634	NC_012194.1	7696
SRR27421013.249169	NC_012194.1	5500
SRR27421013.172281	NC_012194.1	6763
SRR27421013.151053	NC_012194.1	6987
SRR27421013.278938	NC_012194.1	5070
SRR27421013.285744	NC_012194.1	14087
SRR27421013.239633	NC_012194.1	5912
SRR27421013.71262	NC_012194.1	8652
SRR27421013.137568	NC_012194.1	6728
SRR27421013.90694	NC_012194.1	6082
SRR27421013.99711	NC_012194.1	7096
SRR27421013.189908	NC_012194.1	6348
SRR27421013.41790	NC_012194.1	6481
SRR27421013.41789	NC_012194.1	6443
SRR27421013.58585	NC_012194.1	5951
SRR27421013.230918	NC_012194.1	6276
SRR27421013.238027	NC_012194.1	6278
SRR27421013.147349	NC_012194.1	6358
SRR27421013.260588	NC_012194.1	5090
SRR27421013.30631	NC_012194.1	5937
SRR27421013.212546	NC_012194.1	5796
SRR27421013.172333	NC_012194.1	6360
SRR27421013.22829	NC_012194.1	7303
SRR27421013.271077	NC_012194.1	6927
SRR27421013.233461	NC_012194.1	6486
SRR27421013.233643	NC_012194.1	6501
SRR27421013.222395	NC_012194.1	7529
SRR27421013.86035	NC_012194.1	6840
SRR27421013.180112	NC_012194.1	6246
SRR27421013.671	NC_012194.1	6164
SRR27421013.148792	NC_012194.1	5918
SRR27421013.87638	NC_012194.1	5841
SRR27421013.23675	NC_012194.1	5687
SRR27421013.13626	NC_012194.1	6606
SRR27421013.14889	NC_012194.1	6598
SRR27421013.266160	NC_012194.1	5318
SRR27421013.128254	NC_012194.1	7184
SRR27421013.12210	NC_012194.1	6703
SRR27421013.55525	NC_012194.1	9356
SRR27421013.164631	NC_012194.1	8675
SRR27421013.44995	NC_012194.1	8150
SRR27421013.106665	NC_012194.1	7917
SRR27421013.4493	NC_012194.1	8143
SRR27421013.97244	NC_012194.1	7648
SRR27421013.37315	NC_012194.1	6987
SRR27421013.268279	NC_012194.1	6835
SRR27421013.110714	NC_012194.1	6496
SRR27421013.140515	NC_012194.1	6228
SRR27421013.134816	NC_012194.1	5635
SRR27421013.164725	NC_012194.1	5604
SRR27421013.76974	NC_012194.1	5478
SRR27421013.2974	NC_012194.1	5477
SRR27421013.91152	NC_012203.1	5250
SRR27421013.136890	NC_012203.1	7579
SRR27421013.200104	NC_012203.1	6787
SRR27421013.135107	NC_012203.1	5519
SRR27421013.17407	NC_012203.1	6150
SRR27421013.286809	NC_012203.1	6399
SRR27421013.242775	NZ_ABJY02000014.1	5926
SRR27421013.79237	NZ_ABJY02000014.1	6239
SRR27421013.56424	NZ_ABJY02000014.1	5434
SRR27421013.198742	NZ_ABJY02000014.1	8029
SRR27421013.107749	NZ_ABJY02000013.1	6554
SRR27421013.32123	NZ_ABJY02000013.1	6081
SRR27421013.281009	NZ_ABJY02000013.1	6758
SRR27421013.161100	NZ_ABJY02000013.1	8730
SRR27421013.109308	NZ_ABJY02000013.1	6710
SRR27421013.218950	NZ_ABJY02000013.1	6429
SRR27421013.161521	NZ_ABJY02000013.1	5809
SRR27421013.48818	NZ_ABJY02000013.1	7000
SRR27421013.151744	NZ_ABJY02000013.1	6613
SRR27421013.149249	NZ_ABJY02000013.1	6407
SRR27421013.118453	NZ_ABJY02000013.1	6904
SRR27421013.201053	NZ_ABJY02000013.1	7259
SRR27421013.209180	NZ_ABJY02000013.1	9045
SRR27421013.208548	NZ_ABJY02000013.1	8984
SRR27421013.169532	NZ_ABJY02000012.1	6316
SRR27421013.123687	NZ_ABJY02000012.1	6666
SRR27421013.269919	NZ_ABJY02000012.1	7008
SRR27421013.258061	NZ_ABJY02000012.1	5185
SRR27421013.77893	NZ_ABJY02000012.1	12384
SRR27421013.63454	NZ_ABJY02000012.1	7275
SRR27421013.48183	NZ_ABJY02000012.1	32043
SRR27421013.261341	NZ_ABJY02000012.1	12856
SRR27421013.243270	NZ_ABJY02000012.1	6948
SRR27421013.288352	NZ_ABJY02000012.1	6966
SRR27421013.127364	NZ_ABJY02000012.1	6603
SRR27421013.270006	NZ_ABJY02000011.1	7915
SRR27421013.109657	NZ_ABJY02000011.1	7342
SRR27421013.265022	NZ_ABJY02000011.1	6530
SRR27421013.198288	NZ_ABJY02000011.1	6231
SRR27421013.244884	NZ_ABJY02000011.1	7168
SRR27421013.4153	NZ_ABJY02000011.1	6620
SRR27421013.126337	NZ_ABJY02000011.1	5975
SRR27421013.97256	NZ_ABJY02000011.1	5456
SRR27421013.192726	NZ_ABJY02000011.1	6142
SRR27421013.239932	NZ_ABJY02000011.1	6490
SRR27421013.208830	NZ_ABJY02000008.1	5922
SRR27421013.139949	NZ_ABJY02000008.1	6212
SRR27421013.27697	NZ_ABJY02000008.1	7433
SRR27421013.159218	NZ_ABJY02000008.1	6991
SRR27421013.68078	NZ_ABJY02000008.1	5471
SRR27421013.78746	NZ_ABJY02000008.1	6529
SRR27421013.84775	NZ_ABJY02000008.1	5857
SRR27421013.272213	NZ_ABJY02000008.1	5622
SRR27421013.30789	NZ_ABJY02000008.1	7263
SRR27421013.94530	NZ_ABJY02000008.1	6540
SRR27421013.166688	NZ_ABJY02000008.1	7082
SRR27421013.210671	NZ_ABJY02000008.1	5300
SRR27421013.211028	NZ_ABJY02000008.1	6638
SRR27421013.13392	NZ_ABJY02000008.1	8273
SRR27421013.282974	NZ_ABJY02000008.1	5235
SRR27421013.159719	NZ_ABJY02000008.1	5918
SRR27421013.128296	NZ_ABJY02000008.1	7395
SRR27421013.209781	NZ_ABJY02000008.1	6761
SRR27421013.183715	NZ_ABJY02000008.1	7148
SRR27421013.239571	NZ_ABJY02000008.1	6718
SRR27421013.240904	NZ_ABJY02000008.1	6742
SRR27421013.284929	NZ_ABJY02000008.1	6115
SRR27421013.22706	NZ_ABJY02000008.1	5411
SRR27421013.95927	NZ_ABJY02000008.1	6412
SRR27421013.73737	NZ_ABJY02000008.1	5268
SRR27421013.48850	NZ_ABJY02000008.1	7275
SRR27421013.283603	NZ_ABJY02000008.1	9359
SRR27421013.285023	NZ_ABJY02000008.1	9329
SRR27421013.268577	NZ_ABJY02000008.1	6851
SRR27421013.36222	NZ_ABJY02000008.1	6687
SRR27421013.34275	NZ_ABJY02000008.1	6636
SRR27421013.21553	NZ_ABJY02000008.1	6968
SRR27421013.78566	NZ_ABJY02000008.1	6840
SRR27421013.151609	NZ_ABJY02000008.1	6528
SRR27421013.143643	NZ_ABJY02000008.1	17305
SRR27421013.177842	NZ_ABJY02000008.1	6266
SRR27421013.285912	NZ_ABJY02000008.1	6884
SRR27421013.69817	NZ_ABJY02000008.1	6176
SRR27421013.119719	NZ_ABJY02000008.1	6189
SRR27421013.208858	NZ_ABJY02000008.1	6320
SRR27421013.96960	NZ_ABJY02000007.1	7474
SRR27421013.245130	NZ_ABJY02000007.1	6124
SRR27421013.191049	NZ_ABJY02000007.1	10767
SRR27421013.148375	NZ_ABJY02000007.1	7477
SRR27421013.136831	NZ_ABJY02000007.1	6669
SRR27421013.244874	NZ_ABJY02000007.1	6305
SRR27421013.24320	NZ_ABJY02000007.1	6197
SRR27421013.262758	NZ_ABJY02000007.1	7937
SRR27421013.232079	NZ_ABJY02000007.1	6591
SRR27421013.59455	NZ_ABJY02000007.1	6596
SRR27421013.203994	NZ_ABJY02000007.1	6589
SRR27421013.253649	NZ_ABJY02000007.1	6599
SRR27421013.34553	NZ_ABJY02000007.1	6368
SRR27421013.212133	NZ_ABJY02000007.1	5731
SRR27421013.237851	NZ_ABJY02000007.1	6560
SRR27421013.76092	NZ_ABJY02000007.1	15763
SRR27421013.8908	NZ_ABJY02000007.1	5715
SRR27421013.209835	NZ_ABJY02000007.1	5408
SRR27421013.257614	NZ_ABJY02000007.1	15831
SRR27421013.63542	NZ_ABJY02000007.1	6537
SRR27421013.256862	NZ_ABJY02000007.1	14669
SRR27421013.218229	NZ_ABJY02000007.1	6350
SRR27421013.81099	NZ_ABJY02000007.1	7298
SRR27421013.219510	NZ_ABJY02000007.1	5681
SRR27421013.272700	NZ_ABJY02000007.1	6528
SRR27421013.234758	NZ_ABJY02000007.1	5550
SRR27421013.185614	NZ_ABJY02000007.1	6213
SRR27421013.87925	NZ_ABJY02000007.1	6577
SRR27421013.187076	NZ_ABJY02000007.1	5537
SRR27421013.256786	NZ_ABJY02000007.1	10923
SRR27421013.128484	NZ_ABJY02000007.1	6110
SRR27421013.195255	NZ_ABJY02000007.1	6997
SRR27421013.195817	NZ_ABJY02000007.1	6972
SRR27421013.16527	NZ_ABJY02000007.1	8417
SRR27421013.153794	NZ_ABJY02000007.1	5870
SRR27421013.259408	NZ_ABJY02000007.1	5007
SRR27421013.266607	NZ_ABJY02000007.1	5746
SRR27421013.3348	NZ_ABJY02000007.1	5908
SRR27421013.277516	NZ_ABJY02000007.1	7070
SRR27421013.268541	NZ_ABJY02000007.1	5833
SRR27421013.118920	NZ_ABJY02000007.1	6666
SRR27421013.118674	NZ_ABJY02000007.1	6691
SRR27421013.135299	NZ_ABJY02000007.1	5526
SRR27421013.120075	NZ_ABJY02000007.1	6991
SRR27421013.11880	NZ_ABJY02000007.1	10637
SRR27421013.217403	NZ_ABJY02000007.1	6467
SRR27421013.107579	NZ_ABJY02000006.1	7617
SRR27421013.239227	NZ_ABJY02000006.1	5614
SRR27421013.70022	NZ_ABJY02000006.1	5912
SRR27421013.106550	NZ_ABJY02000006.1	7609
SRR27421013.156791	NZ_ABJY02000006.1	5391
SRR27421013.105629	NZ_ABJY02000006.1	31521
SRR27421013.193873	NZ_ABJY02000006.1	29611
SRR27421013.130746	NZ_ABJY02000006.1	9097
SRR27421013.61808	NZ_ABJY02000006.1	6517
SRR27421013.109070	NZ_ABJY02000006.1	5253
SRR27421013.226624	NZ_ABJY02000006.1	7198
SRR27421013.221679	NZ_ABJY02000003.1	5417
SRR27421013.122695	NZ_ABJY02000003.1	5414
SRR27421013.80268	NZ_ABJY02000003.1	5611
SRR27421013.55218	NZ_ABJY02000003.1	10391
SRR27421013.129673	NZ_ABJY02000003.1	7234
SRR27421013.43227	NZ_ABJY02000002.1	6608
SRR27421013.263176	NZ_ABJY02000002.1	6938
SRR27421013.166604	NZ_ABJY02000002.1	6779
SRR27421013.44236	NZ_ABJY02000002.1	5026
SRR27421013.201653	NZ_ABJY02000002.1	7116
SRR27421013.158544	NZ_ABJY02000002.1	5458
SRR27421013.221075	NZ_ABJY02000002.1	8011
SRR27421013.175118	NZ_ABJY02000002.1	6104
SRR27421013.464	NZ_ABJY02000002.1	6486
SRR27421013.59417	NZ_ABJY02000002.1	6202
SRR27421013.169207	NZ_ABJY02000002.1	7439
SRR27421013.119499	NZ_ABJY02000002.1	7088
SRR27421013.89647	NZ_ABJY02000002.1	5396
SRR27421013.236894	NZ_ABJY02000002.1	7113
SRR27421013.144762	NZ_ABJY02000002.1	6138
SRR27421013.257508	NZ_ABJY02000002.1	6896
SRR27421013.212253	NZ_ABJY02000002.1	6421
SRR27421013.237679	NZ_ABJY02000002.1	6862
SRR27421013.278284	NZ_ABJY02000002.1	6504
SRR27421013.216916	NZ_ABJY02000002.1	5935
SRR27421013.100928	NZ_ABJY02000002.1	6121
SRR27421013.122548	NZ_ABJY02000002.1	5087
SRR27421013.135682	NZ_ABJY02000002.1	10329
SRR27421013.267699	NZ_ABJY02000002.1	7138
SRR27421013.203847	NZ_ABJY02000002.1	6967
SRR27421013.276476	NZ_ABJY02000002.1	5233
SRR27421013.280507	NZ_ABJY02000002.1	5590
